tree
version=v4
num_class=4
num_tree_per_iteration=4
label_index=0
max_feature_idx=7
objective=multiclass num_class:4
feature_names=Column_0 Column_1 Column_2 Column_3 Column_4 Column_5 Column_6 Column_7
feature_infos=[0:0.36204433441162109] [0:0.35337510704994202] [-0.2672751247882843:0.28007873892784119] [-0.27942082285881042:0.2718835175037384] [0:2.8843176364898682] [0.14633834362030029:0.44452261924743652] [-0.018366554751992226:0.052877612411975861] [0.67955166101455688:1]
tree_sizes=1387 1065 1352 552 1706 1731 1700 1760 1702 1732 1702 1765 1706 1728 1703 1762 1719 1729 1693 1759 1719 1728 1697 1753 1716 1728 1701 1753 1721 1726 1692 1759 1719 1727 1713 1754 1727 1733 1706 1747 1731 1734 1708 1761 1727 1738 1714 1764 1729 1736 1720 1767 1737 1742 1716 1764 1730 1741 1716 1761 1740 1745 1721 1764 1731 1749 1722 1766 1732 1736 1724 1762 1736 1755 1723 1762 1737 1753 1717 1766 1734 1749 1722 1762 1739 1741 1722 1753 1742 1752 1710 1761 1737 1747 1735 1764 1743 1764 1736 1764 1741 1758 1721 1770 1744 1761 1735 1767 1746 1763 1740 1773 1744 1759 1742 1771 1756 1760 1743 1772 1749 1762 1735 1778 1752 1766 1752 1774 1754 1760 1746 1774 1751 1768 1748 1782 1759 1773 1756 1780 1760 1769 1758 1782 1764 1771 1760 1785 1765 1775 1759 1788 1763 1766 1756 1795 1763 1781 1762 1799 1769 1786 1764 1797 1780 1782 1769 1802 1783 1786 1776 1801 1783 1784 1776 1802 1789 1792 1777 1811 1786 1795 1777 1809 1790 1801 1782 1803 1786 1793 1783 1813 1790 1796 1776 1806 1794 1796 1783 1808 1799 1797 1781 1806 1797 1816 1792 1816 1799 1814 1793 1815 1802 1819 1795 1830 1795 1809 1800 1823 1794 1817 1798 1829 1808 1828 1791 1832 1810 1818 1807 1836 1809 1801 1810 1834 1814 1802 1811 1837 1806 1825 1809 1836 1820 1814 1818 1831 1825 1814 1826 1834 1816 1829 1825 1832 1818 1816 1826 1835 1820 1811 1824 1831 1824 1813 1824 1833 1828 1821 1826 1841 1827 1822 1830 1838 1828 1824 1823 1838 1830 1836 1831 1842 1831 1834 1829 1729 1834 1831 1835 1616 1831 1838 1721 1266 1830 1729 1725 1153 1834 1729 1498 1038 1608 1491 1264 925 1489 1046 1260 698 1158 1049 1146 697 1039 1044 1035 582 1044 932 919 585 932 819 697 470 815 707 699 357 813 821 698 357 699 707 697 356 699 702 590 357 699 591 474 357 702 594 586 358 590 590 472 223 592 475 588 223 587 476 473 223 587 474 470 223 590 476 474 223 588 475 472 223 475 474 472 223 474 476 474 223 470 474 359 223 472 473 357 223 474 473 358 223 472 361 359 223

Tree=0
num_leaves=12
num_cat=0
split_feature=1 4 0 3 2 1 4 0 0 1 0
split_gain=199.791 259.73 131.153 138.781 152.27 2.50423 0.14821 5.68434e-14 1.42109e-14 7.10543e-15 3.55271e-15
threshold=0.033131964504718787 0.56793908774852764 0.11959925666451456 0.063414195552468314 -0.067992143332958208 0.043034084141254432 0.28008989989757543 0.0054529765620827684 0.019302955828607086 0.020472790114581588 0.0078819994814693945
decision_type=2 2 2 2 2 2 2 2 2 2 2
left_child=1 2 3 4 10 -2 7 -6 -3 -4 -1
right_child=5 8 9 -5 6 -7 -8 -9 -10 -11 -12
leaf_value=-1.0076818801105056 -0.9525161657748118 -1.0076818801105056 -1.0076818801105056 -1.0076818801105056 -0.69875387983061987 -1.0076818801105056 -0.71420027984461409 -0.69875387983061987 -1.0076818801105056 -1.0076818801105056 -1.0076818801105056
leaf_weight=7.4451002478599575 9.0636003017425519 60.208202004432678 15.213900506496431 20.069400668144226 52.115701735019684 89.341202974319458 6.4740002155303946 101.31810337305069 8.4162002801895124 8.4162002801895124 10.358400344848631
leaf_count=23 28 186 47 62 161 276 20 313 26 26 32
internal_value=-0.879477 -0.837703 -0.785019 -0.758416 -0.730266 -1.0026 -0.699379 -0.698754 -1.00768 -1.00768 -1.00768
internal_weight=0 290.035 221.411 197.781 177.711 98.4048 159.908 153.434 68.6244 23.6301 17.8035
internal_count=1200 896 684 611 549 304 494 474 212 73 55
is_linear=0
shrinkage=1


Tree=1
num_leaves=9
num_cat=0
split_feature=3 2 3 1 0 0 2 4
split_gain=398.244 470.614 4.88154 0.300852 0.576231 5.68434e-14 2.84217e-14 2.84217e-14
threshold=0.063414195552468314 -0.067992143332958208 -0.04310051538050174 0.22576473653316501 0.032955069094896323 0.18271193653345111 -0.14040478318929669 0.051158277317881591
decision_type=2 2 2 2 2 2 2 2
left_child=1 5 -3 7 -5 6 -1 -4
right_child=-2 2 3 4 -6 -7 -8 -9
leaf_value=-1.1958720968618282 -1.1958720968618282 -1.5421924599793415 -1.6440513903080218 -1.6440513903080218 -1.5992334609634025 -1.1958720968618282 -1.1958720968618284 -1.6440513903080218
leaf_weight=10.93312479555607 28.559999465942383 4.9087499082088462 48.641249090433121 8.0324998497962934 4.4624999165534964 8.4787498414516431 7.3631248623132732 146.36999726295471
leaf_count=49 128 22 218 36 20 38 33 656
internal_value=-1.54881 -1.59096 -1.64076 -1.64309 -1.62804 -1.19587 -1.19587 -1.64405
internal_weight=0 239.19 212.415 207.506 12.495 26.775 18.2962 195.011
internal_count=1200 1072 952 930 56 120 82 874
is_linear=0
shrinkage=1


Tree=2
num_leaves=12
num_cat=0
split_feature=1 0 2 3 1 0 1 0 2 1 0
split_gain=226.072 240.56 102.055 168.44 59.3157 57.8962 2.69125 1.84749 1.59358 5.68434e-14 2.84217e-14
threshold=0.0249448586255312 0.14293935894966128 0.050323812291026122 -0.035849241539835923 0.034136299043893821 0.11087276041507722 0.043034084141254432 0.060567913576960571 -0.11023447662591933 0.24254637956619265 0.028507094830274585
decision_type=2 2 2 2 2 2 2 2 2 2 2
left_child=1 10 3 8 5 -5 -6 9 -2 -8 -1
right_child=2 -3 -4 4 6 -7 7 -9 -10 -11 -12
leaf_value=-1.723755573609109 -1.723755573609109 -1.2475125946038954 -1.723755573609109 -1.723755573609109 -1.3427611904049381 -1.2475125946038954 -1.2475125946038954 -1.3189490414546774 -1.652319126758327 -1.2475125946038954 -1.723755573609109
leaf_weight=159.58240747451782 12.178657412528993 11.33875000476837 14.69837963581085 6.5092824101448041 4.1995370388030997 4.1995370388031006 18.05800926685334 4.1995370388030997 4.1995370388030997 8.1890972256660444 4.6194907426834098
leaf_count=760 58 54 70 31 20 20 86 20 20 39 22
internal_value=-1.63049 -1.69299 -1.48694 -1.43056 -1.3313 -1.53699 -1.26772 -1.25737 -1.70544 -1.24751 -1.72376
internal_weight=0 175.541 76.4316 61.7332 45.355 10.7088 34.6462 30.4466 16.3782 26.2471 164.202
internal_count=1200 836 364 294 216 51 165 145 78 125 782
is_linear=0
shrinkage=1


Tree=3
num_leaves=4
num_cat=0
split_feature=4 0 0
split_gain=900 1.13687e-13 2.84217e-14
threshold=0.56793908774852764 0.016437888145446781 0.28039012849330908
decision_type=2 2 2
left_child=2 -2 -1
right_child=1 -3 -4
leaf_value=-1.8245836747179673 -1.3089622712497149 -1.3089622712497149 -1.8245836747179673
leaf_weight=187.73464000225067 33.35780793428421 7.7576297521591178 3.8788148760795584
leaf_count=968 172 40 20
internal_value=-1.73349 -1.30896 -1.82458
internal_weight=0 41.1154 191.613
internal_count=1200 212 988
is_linear=0
shrinkage=1


Tree=4
num_leaves=15
num_cat=0
split_feature=1 4 0 3 2 1 2 3 4 0 2 2 1 2
split_gain=160.837 204.032 101.221 105.515 114.119 2.21746 0.127688 0.00142915 0.000729847 0.000478963 0.00067293 0.00161167 0.000197119 0.000158615
threshold=0.033131964504718787 0.56793908774852764 0.11959925666451456 0.063414195552468314 -0.067992143332958208 0.043034084141254432 -0.031965389847755425 -0.035849241539835923 0.27219085395336157 0.20700626820325854 -0.067992143332958208 0.10430775210261346 0.17933385074138644 -0.067992143332958208
decision_type=2 2 2 2 2 2 2 2 2 2 2 2 2 2
left_child=1 2 3 4 -1 -2 -6 -8 -9 12 -11 -12 -7 -14
right_child=5 -3 -4 -5 6 9 7 8 -10 10 11 -13 13 -15
leaf_value=-0.11763974576124459 -0.065153959121702229 -0.11763079643123438 -0.1177558798917447 -0.11763974576124459 0.14168057957404118 -0.11798844419923248 0.15692804074974487 0.15538073211606998 0.15640434711560644 -0.11746861991336997 -0.11982229661477772 -0.11763974576124457 -0.11717349835403834 -0.11765343083420479
leaf_weight=16.946074515581131 8.8285634815692884 65.314920425415039 22.50537833571434 19.102847635746002 6.989194154739379 14.818436443805693 6.6530609130859366 143.49438363313675 7.3209778666496268 7.6940090954303768 6.2370359897613508 7.3946506977081299 8.2898285686969739 40.671694189310074
leaf_count=55 28 212 73 62 21 48 20 431 22 25 20 24 27 132
internal_value=0 0.0378099 0.0833348 0.105906 0.129446 -0.112857 0.154907 0.155494 0.15543 -0.117806 -0.118216 -0.118638 -0.117669 -0.117572
internal_weight=0 288.327 223.012 200.507 181.404 93.9342 164.458 157.468 150.815 85.1057 21.3257 13.6317 63.78 48.9615
internal_count=1200 896 684 611 549 304 494 473 453 276 69 44 207 159
is_linear=0
shrinkage=0.1


Tree=5
num_leaves=15
num_cat=0
split_feature=3 2 3 1 5 2 3 1 4 0 0 0 1 4
split_gain=259.281 332.597 2.34268 0.695473 0.220253 0.057342 0.00129539 0.000500746 0.000535778 0.000354256 0.000186754 5.05216e-05 4.08368e-05 2.5745e-05
threshold=0.063414195552468314 -0.046276550740003579 -0.087906856089830385 0.27071440219879156 0.42010396718978887 -0.11679680645465849 -0.040977856144309037 0.033131964504718787 0.56793908774852764 0.11959925666451456 0.030204772949218753 0.032955069094896323 0.19214510917663577 1.0000000180025095e-35
decision_type=2 2 2 2 2 2 2 2 2 2 2 2 2 2
left_child=1 2 5 4 6 10 -3 8 9 -8 -1 -9 -13 -2
right_child=13 3 -4 -5 -6 -7 7 11 -10 -11 -12 12 -14 -15
leaf_value=0.25032909071966136 0.24998526658026388 -0.094249233227558502 0.18182164391724243 -0.055178510906638722 -0.069830739980866904 0.26092746029533248 -0.092318310018418531 -0.092846772706407329 -0.09281022609810137 -0.092846005777868224 0.24976452344760525 -0.092985974122110862 -0.093369740265803372 0.24976452344760525
leaf_weight=10.072346091270449 6.4401969015598288 4.7585783749818793 5.6159673035144797 5.2451720833778372 4.3406982570886603 5.999287590384486 94.692229554057121 15.732135668396952 41.766610473394394 14.696258559823034 14.007537066936491 8.1118288934230787 4.2128366678953162 29.415827840566635
leaf_count=36 23 22 22 25 21 22 466 76 202 71 50 39 20 105
internal_value=0 -0.0393697 0.24111 -0.0910951 -0.0920955 0.25218 -0.0926208 -0.0925776 -0.0925055 -0.0923892 0.250001 -0.0929655 -0.0931172 0.249804
internal_weight=0 229.251 35.6951 193.556 188.311 30.0792 183.97 179.212 151.155 109.388 24.0799 28.0568 12.3247 35.856
internal_count=1200 1072 130 942 917 108 896 874 739 537 86 135 59 128
is_linear=0
shrinkage=0.1


Tree=6
num_leaves=15
num_cat=0
split_feature=1 0 3 2 1 0 1 2 0 3 2 4 0 3
split_gain=169.593 167.455 69.7458 101.718 33.5079 34.9443 1.52336 1.21577 0.0521655 0.00608616 0.000421037 0.000349192 0.000177891 0.00015674
threshold=0.0249448586255312 0.14293935894966128 -0.048458371311426156 0.050323812291026122 0.033131964504718787 0.030204772949218753 0.043034084141254432 -0.02005740441381931 0.043390547856688506 -0.010055292397737501 -0.1274381801486015 0.56793908774852764 0.028507094830274585 0.063414195552468314
decision_type=2 2 2 2 2 2 2 2 2 2 2 2 2 2
left_child=1 11 10 4 5 -4 -6 -8 9 -9 -2 13 -11 -1
right_child=2 -3 3 -5 6 -7 7 8 -10 12 -12 -13 -14 -15
leaf_value=-0.090753143734147682 -0.091112554478206986 0.26299039170872751 -0.090996677865493106 -0.091172473374940666 0.20440202108470684 0.25408054405713215 0.21586224014563615 0.2667832079009898 0.27312929381231299 0.26289142433815677 -0.092326138273989972 -0.091140409757221555 0.26354962675216864 -0.091143571083628583
leaf_weight=99.645622000098228 9.7043176889419538 14.677400439977644 6.5660819858312589 13.616624161601065 5.8861528784036627 5.3059259504079819 5.6260457932948986 5.6558688580989793 7.9644921720027915 14.680737912654893 4.0526350736618033 39.249926179647446 5.7005806267261496 11.465674370527266
leaf_count=521 50 54 34 70 23 20 21 21 30 54 20 202 21 59
internal_value=0 -0.0594129 0.114612 0.154541 0.212845 0.0632278 0.251871 0.258922 0.266047 0.263881 -0.0914701 -0.090884 0.263076 -0.0907934
internal_weight=0 165.039 84.7595 71.0025 57.3859 11.872 45.5139 39.6277 34.0017 26.0372 13.757 150.361 20.3813 111.111
internal_count=1200 836 364 294 224 54 170 147 126 96 70 782 75 580
is_linear=0
shrinkage=0.1


Tree=7
num_leaves=15
num_cat=0
split_feature=4 3 1 0 3 2 2 3 1 3 5 4 2 6
split_gain=573.52 0.00138148 0.000369156 0.000131921 0.000116374 0.000128141 2.49377e-05 6.76947e-05 1.97281e-05 1.23976e-05 5.06606e-06 4.6484e-06 3.84229e-06 2.86432e-06
threshold=0.56793908774852764 -0.030170124024152752 0.033131964504718787 0.11959925666451456 0.063414195552468314 -0.067992143332958208 -0.067992143332958208 -0.022289648652076718 0.079572573304176344 -0.035849241539835923 0.35904835164546972 0.27636989951133734 -0.18323689699172971 0.011851793620735409
decision_type=2 2 2 2 2 2 2 2 2 2 2 2 2 2
left_child=2 -2 3 4 5 -1 12 -8 -9 -7 -10 -11 -4 -5
right_child=1 -3 6 13 -6 9 7 8 10 11 -12 -13 -14 -15
leaf_value=-0.089299998122000512 0.28126046562596274 0.27955045453934751 -0.089129511821530338 -0.089405474628830445 -0.089299998122000512 -0.088751829677833183 -0.089789392323247424 -0.089501625020756384 -0.089414987770937426 -0.088923141474471556 -0.089294476285202942 -0.089040234833530074 -0.089252694018653003 -0.089300762657530786
leaf_weight=9.8626987636089307 5.214631736278533 50.255229949951172 3.7329232096672058 3.6025056391954413 11.117951333522795 4.1895415037870398 3.6637082099914542 6.3340084105730048 3.9644757509231559 79.235565662384033 29.042251646518707 3.5418530851602545 7.8721448779106122 9.5043304115533811
leaf_count=55 20 192 21 20 62 24 20 35 22 450 162 20 44 53
internal_value=0 0.279711 -0.0891273 -0.08903 -0.0889936 -0.0889584 -0.0893432 -0.0893783 -0.08934 -0.0889197 -0.089309 -0.0889282 -0.0892131 -0.0893295
internal_weight=0 55.4699 175.664 121.054 107.948 96.8297 54.6095 43.0044 39.3407 86.967 33.0067 82.7774 11.6051 13.1068
internal_count=1200 212 988 684 611 549 304 239 219 494 184 470 65 73
is_linear=0
shrinkage=0.1


Tree=8
num_leaves=15
num_cat=0
split_feature=1 4 0 3 2 0 4 1 1 1 2 0 3 3
split_gain=131.321 160.45 92.8677 82.8964 90.7817 0.157344 0.12578 0.102822 0.00718027 0.00649198 0.00192497 0.000930886 0.00130801 0.000380716
threshold=0.037099417299032218 0.56793908774852764 0.11087276041507722 0.063414195552468314 -0.067992143332958208 0.00072174015804193925 0.28008989989757543 0.026644770987331871 0.05544888228178025 0.02771804574877024 -0.030687787570059296 0.20700626820325854 0.063414195552468314 -0.033367959782481187
decision_type=2 2 2 2 2 2 2 2 2 2 2 2 2 2
left_child=1 2 3 4 -1 -2 7 10 -7 -4 -6 -10 -13 -12
right_child=5 -3 9 -5 6 8 -8 -9 11 -11 13 12 -14 -15
leaf_value=-0.11007817316807207 -0.093682658501179961 -0.1099139156021848 -0.11004449569608865 -0.10984151795982794 0.13957950002081257 -0.11348113569576797 0.12445969451872436 0.15080332854834552 -0.10987939576761013 -0.11383571793881619 0.13861838278893449 -0.11153187268210328 -0.109826692590254 0.13787640535592102
leaf_weight=16.208455294370651 6.0776227414607993 61.265272319316864 18.515160828828815 17.904231160879135 7.2892827093601218 6.8588968813419333 6.6254984438419333 6.5370330512523642 52.558107048273087 5.9739921391010276 7.283275455236434 9.3591081500053424 8.6619867682456952 136.93130242824554
leaf_count=56 21 212 64 62 22 23 20 20 182 20 22 32 30 414
internal_value=0 0.0334399 0.0727765 0.0954135 0.115731 -0.109176 0.137958 0.138524 -0.110392 -0.110969 0.137994 -0.110092 -0.110712 0.137914
internal_weight=0 284.534 223.268 198.779 180.875 83.5157 164.666 158.041 77.4381 24.4892 151.504 70.5792 18.0211 144.215
internal_count=1200 912 700 616 554 288 498 478 267 84 458 244 62 436
is_linear=0
shrinkage=0.1


Tree=9
num_leaves=15
num_cat=0
split_feature=3 3 2 1 3 2 1 4 0 0 1 0 1 3
split_gain=186.794 257.009 3.06507 0.410177 0.254265 0.158056 0.00159027 0.00139377 0.0012756 0.000814719 0.000108473 8.09358e-05 6.46718e-05 6.45675e-05
threshold=0.063414195552468314 -0.054884653538465493 -0.039751833304762833 0.009995047468692066 0.040868725627660758 -0.11679680645465849 0.033131964504718787 0.56793908774852764 0.12875586748123172 0.035699168220162399 0.27071440219879156 0.032955069094896323 0.19529382139444354 -0.035849241539835923
decision_type=2 2 2 2 2 2 2 2 2 2 2 2 2 2
left_child=1 3 -3 -1 6 8 7 9 -5 13 11 -8 -13 -4
right_child=-2 2 4 5 -6 -7 10 -9 -10 -11 -12 12 -14 -15
leaf_value=0.17664142033351057 0.19768927822843663 -0.0047670746480741304 -0.090265071355463522 0.19933895782451988 -0.064062296336887925 0.21562746748865008 -0.090725958328554263 -0.090676380541619195 0.19784953744167855 -0.090693098376690207 -0.091413135895147934 -0.090896109974165223 -0.091375550851348922 -0.089840347488030131
leaf_weight=7.798881694674491 40.183598965406418 4.3506117463111869 3.7415423095226279 9.6993742883205432 3.7710076868534079 6.9167862385511425 14.704229637980466 39.078375414013863 14.122441858053206 13.540153607726095 4.5164659321308127 7.5021807253360731 4.5017437934875488 82.55397991836071
leaf_count=26 128 20 20 31 20 23 77 205 45 71 23 39 23 449
internal_value=0 -0.0370473 -0.0876718 0.197123 -0.0897458 0.20232 -0.090315 -0.0901701 0.198456 -0.0899719 -0.0909599 -0.0908832 -0.0910759 -0.0898588
internal_weight=0 216.798 178.26 38.5375 173.91 30.7386 170.139 138.914 23.8218 99.8357 31.2246 26.7082 12.0039 86.2955
internal_count=1200 1072 947 125 927 99 907 745 76 540 162 139 62 469
is_linear=0
shrinkage=0.1


Tree=10
num_leaves=15
num_cat=0
split_feature=1 0 3 2 1 0 1 0 3 2 1 4 2 2
split_gain=132.697 128.609 51.3278 70.5044 19.4698 26.6809 0.961041 0.717824 0.0130667 0.0140326 0.000973331 0.000872517 0.000534998 0.00038816
threshold=0.0249448586255312 0.14293935894966128 -0.048458371311426156 0.050323812291026122 0.033131964504718787 0.11959925666451456 0.043034084141254432 0.060567913576960571 -0.01538082445040345 -0.016198352910578247 0.25366444885730749 0.56793908774852764 -0.1274381801486015 -0.067992143332958208
decision_type=2 2 2 2 2 2 2 2 2 2 2 2 2 2
left_child=1 11 12 4 5 -4 -6 8 -8 -10 -11 13 -2 -1
right_child=2 -3 3 -5 6 -7 7 -9 9 10 -12 -13 -14 -15
leaf_value=-0.089262312412296554 -0.089168402034255231 0.20517910924313379 -0.089053923773590934 -0.089261453750064307 0.16140705538402708 0.20925771512830638 0.21136747640575107 0.16992553345329614 0.21065231496172188 0.20501634285566706 0.20644729008547325 -0.089220189508404213 -0.090589414100445326 -0.088584421107231887
leaf_weight=9.3070405125617963 8.9087421149015409 16.698132425546646 6.1837762892246229 12.519193187355993 6.6325266361236563 5.8200311958789825 6.0941341519355694 5.9852017760276786 6.1132010817527691 20.725014895200747 6.1682530939579001 36.084036141633987 3.7709262222051612 91.383625388145447
leaf_count=52 50 54 35 70 23 19 20 20 20 67 20 202 20 528
internal_value=0 -0.056813 0.09671 0.127694 0.170318 0.0555821 0.196948 0.202176 0.207113 0.206328 0.205345 -0.0887983 -0.089591 -0.0886471
internal_weight=0 153.473 88.921 76.2413 63.7221 12.0038 51.7183 45.0858 39.1006 33.0065 26.8933 136.775 12.6797 100.691
internal_count=1200 836 364 294 224 54 170 147 127 107 87 782 70 580
is_linear=0
shrinkage=0.1


Tree=11
num_leaves=15
num_cat=0
split_feature=4 1 2 0 3 2 3 0 3 2 2 1 3 3
split_gain=417.824 0.000908831 0.000764403 0.000319277 0.000299138 0.000283858 0.000334979 5.18662e-05 5.23132e-05 0.000139172 2.73537e-05 2.65753e-05 1.08184e-05 8.68794e-06
threshold=0.56793908774852764 0.033131964504718787 -0.025941736996173855 0.11959925666451456 -0.029204084537923333 -0.067992143332958208 0.063414195552468314 0.20700626820325854 0.063414195552468314 -0.067992143332958208 -0.046276550740003579 0.079572573304176344 -0.01538082445040345 -0.035849241539835923
decision_type=2 2 2 2 2 2 2 2 2 2 2 2 2 2
left_child=1 3 -2 5 -4 -1 13 10 9 -9 -3 -12 -13 -7
right_child=2 7 4 -5 -6 6 -8 8 -10 -11 11 12 -14 -15
leaf_value=-0.087682007303076737 0.21553708167675595 -0.08748165577470228 0.21502861915820284 -0.087694848841033873 0.21430172313512466 -0.086876594121188477 -0.087633798360033266 -0.087636475160654259 -0.08763591150899265 -0.088459232161220161 -0.087968691256386553 -0.087834211290624145 -0.087645427099147744 -0.087032075781665025
leaf_weight=9.0716532766818982 6.3523819744586936 6.8444463908672324 6.3596975505352011 12.047127068042753 51.564888060092926 3.7755891382694236 10.199582844972609 4.1130636781454077 4.9358685016632071 4.1106800138950339 3.3488055616617229 3.4885490685701397 23.374837756156921 74.656801655888557
leaf_count=55 21 42 21 73 170 24 62 25 30 24 20 21 142 470
internal_value=0 -0.0873703 0.214496 -0.0872091 0.214382 -0.0871492 -0.0870947 -0.0877227 -0.0878933 -0.0880477 -0.0876622 -0.0877031 -0.0876699 -0.0870246
internal_weight=0 159.967 64.277 109.751 57.9246 97.7036 88.632 50.2163 13.1596 8.22374 37.0566 30.2122 26.8634 78.4324
internal_count=1200 988 212 684 191 611 556 304 79 49 225 183 163 494
is_linear=0
shrinkage=0.1


Tree=12
num_leaves=15
num_cat=0
split_feature=1 4 0 3 2 0 4 1 1 1 2 0 3 3
split_gain=108.557 130.926 75.1602 66.2957 72.3976 0.159394 0.1138 0.0967362 0.00671982 0.00581056 0.00202031 0.00106192 0.000818235 0.000391518
threshold=0.037099417299032218 0.56793908774852764 0.11087276041507722 0.063414195552468314 -0.067992143332958208 0.00072174015804193925 0.28008989989757543 0.026644770987331871 0.05544888228178025 0.02771804574877024 -0.030687787570059296 0.23940140008926394 -0.033367959782481187 -0.035849241539835923
decision_type=2 2 2 2 2 2 2 2 2 2 2 2 2 2
left_child=1 2 3 4 -1 -2 7 10 -7 -4 -6 13 -12 -10
right_child=5 -3 9 -5 6 8 -8 -9 11 -11 12 -13 -14 -15
leaf_value=-0.10418127742248691 -0.086995235089439724 -0.10392645998708137 -0.10398763700154574 -0.10379825067433389 0.12693606278957481 -0.10748328034329607 0.11225407129929632 0.13785487817236161 -0.10441487154419767 -0.10769564843623612 0.12625332259632949 -0.10534115733122362 0.12514916377521534 -0.10382095399587601
leaf_weight=15.048909813165663 5.6747001111507407 56.774231165647507 17.148359209299091 16.572107166051865 7.0847135782241812 6.4507444202899924 6.4504273235797873 6.3929850459098807 14.801582276821135 5.6081354916095725 7.0693588852882376 6.2393321990966788 132.55652484297752 44.376003563404083
leaf_count=56 21 212 64 62 22 23 20 20 55 20 22 23 414 166
internal_value=0 0.0310709 0.0668971 0.0873472 0.105489 -0.10313 0.125265 0.125813 -0.104404 -0.104901 0.125289 -0.1041 0.125205 -0.10397
internal_weight=0 270.706 213.932 191.175 174.603 77.5424 159.554 153.104 71.8677 22.7565 146.711 65.4169 139.626 59.1776
internal_count=1200 912 700 616 554 288 498 478 267 84 458 244 436 221
is_linear=0
shrinkage=0.1


Tree=13
num_leaves=15
num_cat=0
split_feature=3 2 2 1 5 3 3 0 4 1 0 1 0 2
split_gain=141.632 205.73 0.766538 0.716891 0.23192 0.0633711 0.00166928 0.0014886 0.00168233 0.000935655 0.000835803 0.000170587 0.000122576 3.70826e-05
threshold=0.063414195552468314 -0.046276550740003579 -0.10409702360630034 0.27071440219879156 0.42010396718978887 -0.10440003871917723 -0.040977856144309037 0.032955069094896323 0.56793908774852764 0.033131964504718787 0.096305742859840407 0.034136299043893821 0.060567913576960571 -0.15711837261915204
decision_type=2 2 2 2 2 2 2 2 2 2 2 2 2 2
left_child=1 2 5 4 6 10 -3 8 9 -8 -1 -9 -13 -12
right_child=-2 3 -4 -5 -6 -7 7 11 -10 -11 13 12 -14 -15
leaf_value=0.16705175666845865 0.16616569437360315 -0.090273452821109837 0.13300842961929851 -0.04781503086284674 -0.063012411100746249 0.17720581353760553 -0.087722753308237977 -0.088718327428463389 -0.088673136575931677 -0.088634757646090773 0.16608464481031854 -0.088890976111456632 -0.089586184948303629 0.16577375440146949
leaf_weight=12.203884184360506 42.262649059295654 4.0824853330850592 7.3601431697607032 4.646131068468093 3.7216737717390052 6.7989866435527793 76.542647138237953 13.236223816871645 35.126266732811928 13.187303870916365 8.5853801667690259 4.7444940358400327 5.4487985074520111 6.9365106821060172
leaf_count=37 128 22 25 25 21 21 463 76 202 76 26 27 30 21
internal_value=0 -0.0350866 0.162308 -0.086524 -0.0876762 0.168554 -0.0882786 -0.0882237 -0.0880865 -0.0878568 0.166433 -0.0889551 -0.0892626 0.165946
internal_weight=0 202.621 41.8849 160.736 156.09 34.5248 152.368 148.286 124.856 89.73 27.7258 23.4295 10.1933 15.5219
internal_count=1200 1072 130 942 917 105 896 874 741 539 84 133 57 47
is_linear=0
shrinkage=0.1


Tree=14
num_leaves=15
num_cat=0
split_feature=1 0 2 2 1 0 1 7 3 0 3 2 4 2
split_gain=106.217 103.27 39.9988 52.8686 13.0753 21.7161 0.631798 0.176308 0.100359 0.0219628 0.0102702 0.00437831 0.00113809 0.000565442
threshold=0.0249448586255312 0.14293935894966128 -0.046276550740003579 0.050323812291026122 0.034136299043893821 0.11087276041507722 0.043034084141254432 0.83141934871673595 -0.019614567048847672 0.050314798951148994 -0.13406859338283536 -0.016198352910578247 0.56793908774852764 -0.067992143332958208
decision_type=2 2 2 2 2 2 2 2 2 2 2 2 2 2
left_child=1 12 7 4 5 -4 -6 -2 -8 11 -9 -10 13 -1
right_child=2 -3 3 -5 6 -7 8 10 9 -11 -12 -13 -14 -15
leaf_value=-0.087560444261285883 -0.064886876628326859 0.17113255422178764 -0.087775058888165516 -0.087532602359836439 0.13717123144343993 0.17486663402232938 0.15925528084229787 -0.087476409291812995 0.17414581708259549 0.17803425540754872 -0.094483792310324013 0.17126741696226838 -0.087471201336129942 -0.086704389942237531
leaf_weight=8.5155063122510892 3.9003601670265189 17.725365072488785 5.8269492536783201 11.425215378403662 6.2305546998977652 6.8478414714336395 6.2551932781934658 4.7270840853452674 6.5377212762832562 6.8233917355537406 3.7513725012540808 27.568031400442138 32.923081934452057 82.16949088871479
leaf_count=52 23 54 36 70 20 21 20 29 20 21 20 84 202 528
internal_value=0 -0.0545979 0.0844389 0.111096 0.145433 0.054123 0.1671 -0.0824824 0.171052 0.172855 -0.0905769 0.171819 -0.0869676 -0.0867848
internal_weight=0 141.333 89.8937 77.5149 66.0897 12.6748 53.4149 12.3788 47.1843 40.9291 8.47846 34.1058 123.608 90.685
internal_count=1200 836 364 292 222 57 165 72 145 125 49 104 782 580
is_linear=0
shrinkage=0.1


Tree=15
num_leaves=15
num_cat=0
split_feature=4 1 2 3 0 2 3 0 3 2 2 3 3 3
split_gain=322.719 0.00125006 0.000738332 0.000471599 0.000392392 0.000419712 0.00043062 0.000100539 0.000101964 0.000275985 1.87988e-05 1.20318e-05 1.1386e-05 1.11463e-05
threshold=0.56793908774852764 0.033131964504718787 -0.025941736996173855 -0.029204084537923333 0.11959925666451456 -0.067992143332958208 0.063414195552468314 0.19480240345001223 0.063414195552468314 -0.067992143332958208 -0.039751833304762833 -0.035849241539835923 -0.12606116384267804 -0.01538082445040345
decision_type=2 2 2 2 2 2 2 2 2 2 2 2 2 2
left_child=1 4 -2 -4 5 12 11 10 9 -9 -3 -7 -1 -12
right_child=2 7 3 -5 -6 6 -8 8 -10 -11 13 -13 -14 -15
leaf_value=-0.086115671875283267 0.17797001456813491 -0.085959012191413803 0.17765842281511837 0.17677768388840492 -0.086165591879453454 -0.085191906283336644 -0.086100960565626758 -0.086088322728217925 -0.086103264108878169 -0.087162658271097315 -0.086327469620015862 -0.085385621437312487 -0.086356449633157362 -0.086138407493346794
leaf_weight=5.0959676504135132 6.8258510529994956 5.3351154178380993 6.8295820653438559 55.36643385887146 10.973765462636946 3.3675851672887793 9.2840255498886091 4.6375735551118842 5.5413196086883536 4.9363261312246314 3.6398839801549938 66.949000880122185 3.1955657303333265 21.762607827782631
leaf_count=34 21 36 21 170 73 24 62 31 37 31 24 470 21 145
internal_value=0 -0.0858019 0.176983 0.176874 -0.0856018 -0.0855314 -0.0854609 -0.0862335 -0.0864447 -0.0866423 -0.0861297 -0.0853763 -0.0862085 -0.0861655
internal_weight=0 144.719 69.0219 62.196 98.8659 87.8921 79.6006 45.8528 15.1152 9.5739 30.7376 70.3166 8.29153 25.4025
internal_count=1200 988 212 191 684 611 556 304 99 62 205 494 55 169
is_linear=0
shrinkage=0.1


Tree=16
num_leaves=15
num_cat=0
split_feature=1 4 0 3 2 0 4 1 1 1 2 0 3 3
split_gain=90.4066 107.941 61.6237 53.8062 58.5483 0.164262 0.111215 0.0877452 0.0049048 0.00478387 0.00281694 0.00141946 0.000457236 0.000391575
threshold=0.037099417299032218 0.56793908774852764 0.11087276041507722 0.063414195552468314 -0.067992143332958208 0.00072174015804193925 0.28008989989757543 0.026644770987331871 0.05544888228178025 0.02771804574877024 -0.030687787570059296 0.23940140008926394 -0.033367959782481187 -0.035849241539835923
decision_type=2 2 2 2 2 2 2 2 2 2 2 2 2 2
left_child=1 2 3 4 -1 -2 7 10 -7 -4 -6 13 -12 -10
right_child=5 -3 9 -5 6 8 -8 -9 11 -11 12 -13 -14 -15
leaf_value=-0.099369384186051526 -0.081286229455639902 -0.099154065870528871 -0.099188078957307177 -0.098994666783200347 0.11772163206998894 -0.102365941062021 0.10254332002019273 0.12795126468958878 -0.099669422705509936 -0.1026843070685317 0.11643272404386121 -0.10085606577594292 0.11558603222748294 -0.099049645255889079
leaf_weight=13.812994584441183 5.2679820358753195 52.078251644968987 15.724692970514299 15.180385813117026 6.7607533037662497 5.9821905791759482 6.1744903624057761 6.1341576278209677 13.602151617407797 5.2104287892580023 6.7188107371330252 5.7590355724096289 125.76417288184166 40.684407442808151
leaf_count=56 21 212 64 62 22 23 20 20 55 20 22 23 414 166
internal_value=0 0.0291802 0.0623518 0.0811839 0.0977242 -0.0982795 0.115688 0.116246 -0.0996353 -0.100058 0.115731 -0.0993633 0.115629 -0.0992049
internal_weight=0 253.559 201.481 180.546 165.365 71.2958 151.552 145.378 66.0278 20.9351 139.244 60.0456 132.483 54.2866
internal_count=1200 912 700 616 554 288 498 478 267 84 458 244 436 221
is_linear=0
shrinkage=0.1


Tree=17
num_leaves=15
num_cat=0
split_feature=3 3 2 3 3 2 1 4 0 0 0 1 5 7
split_gain=110.766 167.858 2.22902 0.287622 0.225768 0.143091 0.00211603 0.00178736 0.000977968 0.000399276 0.000229923 0.000196422 3.28814e-05 3.20977e-05
threshold=0.063414195552468314 -0.054884653538465493 -0.038309466093778603 0.040868725627660758 -0.10440003871917723 -0.11679680645465849 0.033131964504718787 0.56793908774852764 0.11959925666451456 0.096305742859840407 0.039608936756849296 0.26532329618930822 0.41636462509632116 0.84993484616279613
decision_type=2 2 2 2 2 2 2 2 2 2 2 2 2 2
left_child=1 4 -3 6 5 9 7 8 12 -1 11 -8 -4 -11
right_child=-2 2 3 -5 -6 -7 10 -9 -10 13 -12 -13 -14 -15
leaf_value=0.14599989286353385 0.14518510756574954 -0.017990058138395926 -0.085904786579780193 -0.056045175943184471 0.13019623658637702 0.16154039824799959 -0.086915153744008003 -0.086938528370161805 -0.086946126966169143 0.14537137336450542 -0.087715561646318052 -0.087760757137271952 -0.086220621059282118 0.14507411280780932
leaf_weight=11.323809564113619 42.619505137205124 5.0172317624092093 65.895823493599892 3.1724564582109442 7.9107141047716132 7.1374844014644614 13.077326282858854 32.374451890587807 10.738082900643347 6.6598912179470044 9.2348776310682279 3.4774429500102988 3.4699058830738059 7.9907751977443695
leaf_count=34 128 25 446 20 25 22 83 205 68 20 56 21 23 24
internal_value=0 -0.0334139 -0.0834922 -0.0858157 0.145374 0.149 -0.0864988 -0.0863115 -0.0860581 0.145554 -0.0873158 -0.0870928 -0.0859206 0.145209
internal_weight=0 187.48 146.458 141.44 41.0227 33.112 138.268 112.478 80.1038 25.9745 25.7896 16.5548 69.3657 14.6507
internal_count=1200 1072 947 922 125 100 902 742 537 78 160 104 469 44
is_linear=0
shrinkage=0.1


Tree=18
num_leaves=15
num_cat=0
split_feature=1 0 3 2 1 0 7 3 2 0 4 2 4 2
split_gain=86.3939 84.8015 31.7871 40.3011 8.63752 16.8149 0.7387 0.821197 0.164075 0.0965705 0.010639 0.00126221 0.00115717 0.000567009
threshold=0.0249448586255312 0.14293935894966128 -0.048458371311426156 0.050323812291026122 0.034136299043893821 0.11087276041507722 0.87093639373779308 0.0050655789673328408 0.021179816685616974 0.060567913576960571 0.053810924291610725 -0.1274381801486015 0.56793908774852764 -0.067992143332958208
decision_type=2 2 2 2 2 2 2 2 2 2 2 2 2 2
left_child=1 12 11 4 5 -4 8 -8 9 10 -6 -2 13 -1
right_child=2 -3 3 -5 6 -7 7 -9 -10 -11 -12 -13 -14 -15
leaf_value=-0.08598282537978684 -0.085890115548155219 0.14863215245466252 -0.086028249449844149 -0.085985053801497846 0.15361042640110553 0.15121813474243362 0.10856550090840214 0.15138726888404264 0.13663176199351831 0.16435024307005069 0.14921693246007572 -0.0882543787049484 -0.085895952307825318 -0.085081983359419161
leaf_weight=7.7211516648530951 7.3800497651100159 17.998256891965866 5.2202057689428312 10.354905307292936 8.9557032585144096 6.9845185577869415 10.783155828714373 7.6593579053878775 6.6411660015583029 6.9342953264713278 14.331996589899061 3.2535912096500379 29.82773120701313 73.486052110791206
leaf_count=52 50 54 36 70 27 21 33 23 20 21 43 20 202 528
internal_value=0 -0.0527243 0.0755629 0.0977105 0.125886 0.0497431 0.142689 0.12635 0.150864 0.153991 0.150907 -0.0866135 -0.0853633 -0.0851676
internal_weight=0 129.033 88.4989 77.8653 67.5104 12.2047 55.3057 18.4425 36.8632 30.222 23.2877 10.6336 111.035 81.2072
internal_count=1200 836 364 294 224 57 167 56 111 91 70 70 782 580
is_linear=0
shrinkage=0.1


Tree=19
num_leaves=15
num_cat=0
split_feature=4 1 2 0 2 3 3 0 3 2 4 2 3 1
split_gain=257.45 0.00137952 0.00133673 0.000392487 0.000426608 0.000430681 0.000227247 0.000146444 0.000151179 0.000367103 1.0943e-05 1.07085e-05 2.11679e-05 8.58765e-06
threshold=0.56793908774852764 0.033131964504718787 -0.025941736996173855 0.11959925666451456 -0.067992143332958208 0.063414195552468314 -0.029204084537923333 0.19480240345001223 0.063414195552468314 -0.067992143332958208 0.28008989989757543 -0.067992143332958208 -0.012090325355529783 0.012286657933145763
decision_type=2 2 2 2 2 2 2 2 2 2 2 2 2 2
left_child=1 3 -2 4 13 10 -4 11 9 -9 -6 -3 -13 -1
right_child=2 7 6 -5 5 -7 -8 8 -10 -11 -12 12 -14 -15
leaf_value=-0.084924992494101251 0.1540234463942195 -0.084615749443748944 0.15310430579629378 -0.084782155407897825 -0.083940543100332568 -0.084712041397710963 0.15250020717748669 -0.084729709836655398 -0.084716079886844944 -0.086024507610808099 -0.084150831279860241 -0.085001731193400945 -0.084741607846668773 -0.084709144843426745
leaf_weight=4.2635445594787589 6.9899824857711783 4.5641940534114864 6.9960655570030204 9.9289445579051954 60.140227183699608 8.3909637182950956 56.651423871517181 4.200824946165084 5.0091158151626578 4.5738134533166876 2.5807973742485038 3.7251969054341343 19.526479452848434 3.2469728291034698
leaf_count=31 21 34 21 73 474 62 170 31 37 31 20 27 144 24
internal_value=0 -0.0844129 0.152711 -0.0841897 -0.0841149 -0.0840392 0.152567 -0.0848879 -0.0851544 -0.0854046 -0.0839492 -0.0847558 -0.0847833 -0.0848317
internal_weight=0 130.151 70.6375 88.5515 78.6225 71.112 63.6475 41.5996 13.7838 8.77464 62.721 27.8159 23.2517 7.51052
internal_count=1200 988 212 684 611 556 191 304 99 62 494 205 171 55
is_linear=0
shrinkage=0.1


Tree=20
num_leaves=15
num_cat=0
split_feature=1 4 0 3 3 0 3 1 6 1 1 2 0 4
split_gain=75.8124 89.7314 50.9171 44.1597 48.1198 0.172536 0.164404 0.0827522 0.00606122 0.00358225 0.00306661 0.00278046 0.0015906 0.00128978
threshold=0.037099417299032218 0.56793908774852764 0.11087276041507722 0.063414195552468314 -0.066597066819667802 0.00072174015804193925 -0.038211543112993233 0.026353208348155025 0.021400571800768379 0.028992539271712307 0.05544888228178025 -0.030687787570059296 0.23940140008926394 0.27219085395336157
decision_type=2 2 2 2 2 2 2 2 2 2 2 2 2 2
left_child=1 2 3 4 8 -2 -6 11 -1 -4 -7 -8 -12 -13
right_child=5 -3 9 -5 6 10 7 -9 -10 -11 12 13 -14 -15
leaf_value=-0.095385430438204688 -0.07620705366929989 -0.095279814967670975 -0.095281868901232719 -0.095111286998334044 0.091526588786728438 -0.098036436971447746 0.11043715908239403 0.12060807067270468 -0.099965024284353332 -0.098495473412925832 -0.095380157126902038 0.10822080994052974 -0.097207853787102866 0.10971728781753878
leaf_weight=7.8381845504045469 4.8667408078908911 47.351881220936775 14.508992671966555 13.783751726150511 5.6613576859235755 5.4850973188877097 6.3631480038166037 5.797812968492507 4.5780457854270935 4.5585664659738532 49.428434416651726 117.99655508995056 5.2691850811243048 6.0549247562885276
leaf_count=35 21 212 65 62 20 23 22 20 20 19 221 416 23 21
internal_value=0 0.027697 0.0588135 0.0763824 0.0917031 -0.0943177 0.108224 0.108918 -0.097074 -0.0960502 -0.0957823 0.108398 -0.0955562 0.108294
internal_weight=0 234.493 187.141 168.074 154.29 65.0495 141.874 136.212 12.4162 19.0676 60.1827 130.415 54.6976 124.051
internal_count=1200 912 700 616 554 288 499 479 55 84 267 459 244 437
is_linear=0
shrinkage=0.1


Tree=21
num_leaves=15
num_cat=0
split_feature=3 2 1 2 5 3 3 0 4 1 7 1 1 2
split_gain=88.4249 139.472 0.771977 0.507134 0.254019 0.059058 0.00165977 0.00144599 0.00144103 0.00087881 0.000224035 0.000212243 0.000221636 0.000100061
threshold=0.063414195552468314 -0.046276550740003579 0.27071440219879156 -0.10409702360630034 0.42010396718978887 -0.10440003871917723 -0.040977856144309037 0.032955069094896323 0.56793908774852764 0.040321623906493194 0.85630092024803173 0.034136299043893821 0.047436069697141654 -0.15140289068222043
decision_type=2 2 2 2 2 2 2 2 2 2 2 2 2 2
left_child=1 3 4 5 6 10 -3 8 9 -8 -1 -9 -13 -12
right_child=-2 2 -4 -5 -6 -7 7 11 -10 -11 13 12 -14 -15
leaf_value=0.13078396571599935 0.13035513589985212 -0.087143956254802077 -0.039838982071431772 0.10367400533289642 -0.056097361231825599 0.14082366593075726 -0.084372668291377878 -0.08540641352938376 -0.085353999663491262 -0.085373213565027653 0.13040341783705164 -0.086674905454304202 -0.085639804645736936 0.12989727884535437
leaf_weight=11.087645947933199 41.697383612394333 3.4136704355478278 4.0382462739944449 7.418977662920951 3.1245239824056616 6.8435258269309989 61.460202656686306 10.822962462902071 28.707437187433243 10.241323009133337 9.773974537849428 3.5647351592779142 4.9286549836397171 6.5058649480342856
leaf_count=34 128 22 25 25 21 21 467 76 202 72 30 23 34 20
internal_value=0 -0.0319698 -0.0828787 0.127375 -0.0842552 0.132515 -0.0849697 -0.0849077 -0.0847553 -0.0845156 0.130437 -0.0857001 -0.0860742 0.130201
internal_weight=0 171.932 130.302 41.63 126.264 34.211 123.139 119.725 100.409 71.7015 27.3675 19.3164 8.49339 16.2798
internal_count=1200 1072 942 130 917 105 896 874 741 539 84 133 57 50
is_linear=0
shrinkage=0.1


Tree=22
num_leaves=15
num_cat=0
split_feature=1 0 2 2 1 0 4 0 3 0 3 2 4 1
split_gain=70.8865 70.6822 25.9466 32.2231 6.65728 18.9844 0.200393 0.0918121 0.0840762 0.0407345 0.0199978 0.00190547 0.00101636 0.000565366
threshold=0.0249448586255312 0.14293935894966128 -0.046276550740003579 0.050323812291026122 0.037099417299032218 0.11087276041507722 0.060064826160669334 0.00072174015804193925 -0.019614567048847672 0.060567913576960571 -0.13250868022441861 -0.014633551239967344 0.56793908774852764 0.24400678277015689
decision_type=2 2 2 2 2 2 2 2 2 2 2 2 2 2
left_child=1 12 6 4 5 -4 -2 -6 -9 11 -8 -10 -1 -13
right_child=2 -3 3 -5 7 -7 10 8 9 -11 -12 13 -14 -15
leaf_value=-0.083768712839764323 -0.058941388989225997 0.1329492418769696 -0.0906059057679518 -0.084618365837872314 0.12071375793426338 0.13995179044023096 -0.084483902243835826 0.12278077758527084 0.1349882101634266 0.1420994880750544 -0.095307644415105044 0.13283566243854683 -0.084489150398610269 0.13393681661441653
leaf_weight=72.354444287717342 3.2785866409540159 17.703211218118668 5.5899721831083289 9.3278236985206586 6.5844926238059989 9.890072286128996 4.2511912882328033 6.3827259242534558 7.5693766176700548 6.9629014134407035 2.852217823266983 16.059923887252825 26.848065473139286 6.5701628327369681
leaf_count=580 23 54 39 70 20 30 32 20 23 21 17 49 202 20
internal_value=0 -0.0511162 0.0687667 0.0892928 0.114018 0.0566955 -0.0793913 0.131719 0.133383 0.135204 -0.0888299 0.133615 -0.0839637 0.133155
internal_weight=0 116.906 85.3194 74.9375 65.6096 15.48 10.382 50.1296 43.5451 37.1624 7.10341 30.1995 99.2025 22.6301
internal_count=1200 836 364 292 222 69 72 153 133 113 49 92 782 69
is_linear=0
shrinkage=0.1


Tree=23
num_leaves=15
num_cat=0
split_feature=4 1 2 0 2 3 3 0 1 3 2 3 4 3
split_gain=209.587 0.00133734 0.00106528 0.000339112 0.00039795 0.000378361 0.000312304 0.000157437 5.60301e-05 2.34784e-05 0.000108051 1.75844e-05 1.54657e-05 1.2445e-05
threshold=0.56793908774852764 0.033131964504718787 -0.025941736996173855 0.11959925666451456 -0.067992143332958208 0.063414195552468314 -0.029204084537923333 0.23940140008926394 0.05544888228178025 -0.020764392800629135 -0.089300487190484987 -0.12606116384267804 0.28008989989757543 0.024517117068171505
decision_type=2 2 2 2 2 2 2 2 2 2 2 2 2 2
left_child=1 3 -2 4 11 12 -4 8 -3 10 -10 -1 -6 -8
right_child=2 7 6 -5 5 -7 13 -9 9 -11 -12 -13 -14 -15
leaf_value=-0.083481740850581077 0.13705232973004863 -0.08396910070546218 0.13637938619750048 -0.083535882841779027 -0.082702307382325577 -0.083468266195720411 0.13565040577167303 -0.084255435915856824 -0.083463947336393063 -0.083504646890790943 -0.084241480307563579 -0.083812523501406333 -0.082966611681025926 0.13579666363289125
leaf_weight=4.137500137090683 6.9286371767520896 3.7965283319354048 6.9265112280845633 8.9228266775608045 53.372474379837513 7.5360428616404525 49.440491706132889 4.2259974479675284 5.8311703130602837 21.095171324908733 2.577190928161146 2.6277774497866622 2.3097230792045584 6.5936707258224478
leaf_count=34 21 30 21 73 474 62 150 33 48 173 20 21 20 20
internal_value=0 -0.083189 0.135875 -0.0829553 -0.0828813 -0.0828033 0.135746 -0.0836805 -0.0836075 -0.083561 -0.0837023 -0.0836102 -0.0827133 0.135668
internal_weight=0 116.432 69.8893 78.9063 69.9835 63.2182 62.9607 37.5261 33.3001 29.5035 8.40836 6.76528 55.6822 56.0342
internal_count=1200 988 212 684 611 556 191 304 271 241 68 55 494 170
is_linear=0
shrinkage=0.1


Tree=24
num_leaves=15
num_cat=0
split_feature=1 4 0 3 2 0 4 1 2 1 1 0 3 3
split_gain=63.7471 74.979 42.2918 36.5074 39.8322 0.181518 0.111313 0.060342 0.00299543 0.00249574 0.00177432 0.00191202 0.000836055 0.000406939
threshold=0.037099417299032218 0.56793908774852764 0.11087276041507722 0.063414195552468314 -0.067992143332958208 0.00072174015804193925 0.28008989989757543 0.027167807333171371 -0.030687787570059296 0.029661037027835849 0.05544888228178025 0.23940140008926394 -0.033367959782481187 -0.12606116384267804
decision_type=2 2 2 2 2 2 2 2 2 2 2 2 2 2
left_child=1 2 3 4 13 -2 7 8 -6 -4 -7 -12 -10 -1
right_child=5 -3 9 -5 6 10 -8 -9 12 -11 11 -13 -14 -15
leaf_value=-0.092018062475374682 -0.071686525048428693 -0.092101365943035085 -0.092078320870868924 -0.091933900257485879 0.10479313762780292 -0.094400544955416457 0.088417114174857592 0.11363082185086369 0.10364902875530435 -0.094944117697898997 -0.092215835698733012 -0.094317144444737433 0.10242170766131974 -0.09324742980903955
leaf_weight=7.0319354087114334 4.4924771636724463 42.732187137007713 13.281274035573007 12.422167643904684 5.9107263982295981 4.9774059504270545 5.421209603548049 5.170484095811843 5.8496287167072287 3.9404468089342108 44.632503360509872 4.7954946458339682 108.4776736497879 4.3632880598306638
leaf_count=35 21 212 66 62 22 23 20 19 22 18 221 23 415 21
internal_value=0 0.0264414 0.055915 0.0724688 0.086828 -0.0910057 0.102446 0.103053 0.102598 -0.092734 -0.0926009 -0.0924197 0.102485 -0.0924888
internal_weight=0 214.601 171.869 154.647 142.225 58.8979 130.83 125.409 120.238 17.2217 54.4054 49.428 114.327 11.3952
internal_count=1200 912 700 616 554 288 498 478 459 84 267 244 437 56
is_linear=0
shrinkage=0.1


Tree=25
num_leaves=15
num_cat=0
split_feature=3 3 2 2 1 2 1 4 0 1 0 4 2 5
split_gain=71.6125 116.233 2.07045 0.33235 0.185077 0.12615 0.00173399 0.00125219 0.000595514 0.000233052 0.000189334 0.000147608 5.94854e-05 3.46451e-05
threshold=0.063414195552468314 -0.054884653538465493 -0.038309466093778603 0.040275689214468009 0.009995047468692066 -0.11679680645465849 0.033131964504718787 0.56793908774852764 0.11959925666451456 0.27393272519111639 0.043390547856688506 0.039899824187159545 -0.1783771216869354 0.41636462509632116
decision_type=2 2 2 2 2 2 2 2 2 2 2 2 2 2
left_child=1 4 -3 6 -1 11 7 8 13 10 -8 -6 -13 -4
right_child=-2 2 3 -5 5 -7 9 -9 -10 -11 -12 12 -14 -15
leaf_value=0.10591382019486373 0.11942429085411575 -0.014927712986176862 -0.083036473758785478 -0.047655183521220834 0.12006757598059342 0.13475750776336584 -0.084048862293128176 -0.083999516455480705 -0.083947724250473144 -0.085228111937750567 -0.08473869125295122 0.1197305487596426 0.11935257609558297 -0.083399096640982939
leaf_weight=7.775146782398223 39.869603037834167 4.6852281764149657 52.550335898995399 2.6331835910677901 6.2509039640426662 7.2089775204658535 11.508223213255411 25.886064901947975 8.6314873844385129 3.0969377905130377 6.081182435154914 6.8633708059787812 10.585998922586436 2.7737722918391219
leaf_count=26 128 25 451 20 20 23 90 203 68 22 45 22 34 23
internal_value=0 -0.0306978 -0.0800692 -0.0827663 0.119705 0.123174 -0.0836028 -0.0834127 -0.0831752 -0.0844282 -0.0842874 0.119651 0.119501 -0.0830547
internal_weight=0 156.531 117.846 113.161 38.6844 30.9093 110.528 89.8417 63.9556 20.6863 17.5894 23.7003 17.4494 55.3241
internal_count=1200 1072 947 922 125 99 902 745 542 157 135 76 56 474
is_linear=0
shrinkage=0.1


Tree=26
num_leaves=15
num_cat=0
split_feature=1 0 3 2 1 0 2 0 0 3 2 1 4 2
split_gain=58.7425 59.39 21.4227 25.7045 4.78217 15.2608 0.379154 0.109915 0.0192031 0.00457124 0.00233279 0.00123626 0.000824419 0.000414199
threshold=0.0249448586255312 0.14293935894966128 -0.048458371311426156 0.050323812291026122 0.037099417299032218 0.11087276041507722 -0.021102542988955971 0.00072174015804193925 0.060567913576960571 -0.011730598751455544 -0.1274381801486015 0.24914738535881045 0.56793908774852764 -0.067992143332958208
decision_type=2 2 2 2 2 2 2 2 2 2 2 2 2 2
left_child=1 12 10 4 5 -4 -6 -8 9 -9 -2 -11 13 -1
right_child=2 -3 3 -5 6 -7 7 8 -10 11 -12 -13 -14 -15
leaf_value=-0.083332163097571924 -0.083285528337756681 0.12138738067410962 -0.08876195242466188 -0.083419873177540557 0.095158456390843957 0.12667567327524318 0.10927830629136447 0.12478030105950258 0.12830172828991324 0.12131108540157556 -0.086802510183586964 0.12294714371383667 -0.083244243504368598 -0.082474235272757448
leaf_weight=6.2326087951660147 5.9703695252537727 16.999038547277451 5.0030621215701094 8.357348404824732 6.3281508386135021 9.5917330682277662 6.3860070407390657 6.3588892519473985 6.780225694179534 16.992100030183803 2.7568266391754133 6.3425748944282523 24.027619384229183 57.952464163303375
leaf_count=52 50 54 39 70 20 30 20 20 21 54 20 20 202 528
internal_value=0 -0.049763 0.063583 0.0814849 0.103092 0.0528242 0.118007 0.121381 0.1235 0.122403 -0.0843965 0.121756 -0.0827446 -0.0825575
internal_weight=0 105.212 80.8673 72.1401 63.7827 14.5948 49.1879 42.8598 36.4738 29.6936 8.7272 23.3347 88.2127 64.1851
internal_count=1200 836 364 294 224 69 155 135 115 94 70 74 782 580
is_linear=0
shrinkage=0.1


Tree=27
num_leaves=15
num_cat=0
split_feature=4 2 1 0 2 3 0 3 1 3 2 4 3 3
split_gain=172.925 0.00142528 0.00119592 0.000268552 0.00031331 0.000304386 0.000176701 0.000175605 5.17534e-05 2.97374e-05 0.000113651 1.16944e-05 8.01845e-06 6.92434e-06
threshold=0.56793908774852764 -0.025941736996173855 0.033131964504718787 0.11959925666451456 -0.067992143332958208 0.063414195552468314 0.23940140008926394 -0.029204084537923333 0.05544888228178025 -0.012090325355529783 -0.067992143332958208 0.28008989989757543 -0.12606116384267804 0.024517117068171505
decision_type=2 2 2 2 2 2 2 2 2 2 2 2 2 2
left_child=2 -2 3 4 12 11 8 -3 -4 10 -10 -6 -1 -9
right_child=1 7 6 -5 5 -7 -8 13 9 -11 -12 -13 -14 -15
leaf_value=-0.082399746366544638 0.12501099195254922 0.12395755129652966 -0.08288685891263245 -0.082424235169113125 -0.081637369697230358 -0.082364495800669318 -0.083244000303283661 0.12340123042862378 -0.08235610457141182 -0.082399037949030446 -0.08310749217588928 -0.081881304986420281 -0.082636082196162641 0.12351231464373963
leaf_weight=3.7048941552639008 6.7001289129257193 6.6866687238216391 3.4270429015159634 7.9702971577644339 47.19952267408371 6.7306152656674376 3.8149618133902541 47.676972717046738 5.6390601992607117 17.651029914617538 3.130523234605791 2.0506910532712928 2.3437698483467093 6.3599862754344931
leaf_count=34 21 21 30 73 474 62 33 150 52 162 27 20 21 20
internal_value=0 0.123627 -0.0821134 -0.0818778 -0.0818076 -0.0817337 -0.0826032 0.123474 -0.0825212 -0.0824738 -0.0826243 -0.0816475 -0.0824913 0.123414
internal_weight=0 67.4238 103.662 69.9998 62.0295 55.9808 33.6626 60.7236 29.8477 26.4206 8.76958 49.2502 6.04866 54.037
internal_count=1200 212 988 684 611 556 304 191 271 241 79 494 55 170
is_linear=0
shrinkage=0.1


Tree=28
num_leaves=15
num_cat=0
split_feature=1 4 0 3 3 0 3 1 4 2 0 1 1 4
split_gain=53.7874 62.956 35.3203 30.3842 33.3721 0.1946 0.147853 0.0403025 0.00725032 0.00279082 0.00176457 0.00160229 0.00112478 0.00078965
threshold=0.037099417299032218 0.56793908774852764 0.11087276041507722 0.063414195552468314 -0.066597066819667802 0.00072174015804193925 -0.038211543112993233 0.026644770987331871 0.12293681129813196 -0.030687787570059296 0.23940140008926394 0.029661037027835849 0.079572573304176344 0.27219085395336157
decision_type=2 2 2 2 2 2 2 2 2 2 2 2 2 2
left_child=1 2 3 4 8 -2 -6 9 -1 -8 12 -4 -7 -11
right_child=5 -3 11 -5 6 10 7 -9 -10 13 -12 -13 -14 -15
leaf_value=-0.089511796265104956 -0.06736783488435949 -0.089467356465066289 -0.089428513587930358 -0.089310214202687158 0.080618712755503738 -0.091374638865653668 0.10018663593214283 0.1073640747032719 -0.095103632675262881 0.09780278167795281 -0.091659889498535929 -0.091848843237543651 -0.089593815965404333 0.099072958519559662
leaf_weight=6.517285540699957 4.1324869990348807 38.309653699398041 11.893635854125021 11.123350501060484 4.8917063921689978 3.8965038061141959 5.4491661936044684 4.7756788134574881 3.5992679744958878 99.403711289167404 5.4680576622486106 3.5521087348461142 39.506965488195419 5.1479552686214438
leaf_count=36 21 212 66 62 20 20 22 19 19 417 29 18 218 21
internal_value=0 0.0254211 0.0535709 0.0693069 0.0829014 -0.088205 0.0976451 0.0983708 -0.0915013 0.0979803 -0.089967 -0.0899851 -0.0897537 0.0978653
internal_weight=0 194.664 156.354 140.908 129.785 53.004 119.668 114.777 10.1166 110.001 48.8715 15.4457 43.4035 104.552
internal_count=1200 912 700 616 554 288 499 479 55 460 267 84 238 438
is_linear=0
shrinkage=0.1


Tree=29
num_leaves=15
num_cat=0
split_feature=2 2 3 2 2 3 1 5 1 4 0 2 0 0
split_gain=58.8013 98.0204 0.747787 0.568496 0.440247 0.0509627 0.0326244 0.00747025 0.00147751 0.000835919 0.00055509 0.00021807 0.000134125 0.000103023
threshold=0.055192198604345329 -0.046276550740003579 -0.040977856144309037 0.041809212416410453 -0.10409702360630034 -0.10440003871917723 0.22576473653316501 0.36539284884929663 0.033131964504718787 0.56793908774852764 0.11959925666451456 -0.019755934365093705 0.096305742859840407 0.060567913576960571
decision_type=2 2 2 2 2 2 2 2 2 2 2 2 2 2
left_child=1 4 -3 8 5 12 7 -2 9 10 -4 -10 -1 -13
right_child=6 2 3 -5 -6 -7 -8 -9 11 -11 -12 13 -14 -15
leaf_value=0.11149107973603806 0.10712267213941891 -0.034006926941587863 -0.081922588406798558 -0.030792626333265828 0.085498588132596531 0.12130698356056922 0.11855786557240017 0.11113090901351737 -0.08409638209931547 -0.082770871060469167 -0.082817836322289728 -0.082965904114381761 0.11102078384688958 -0.083559724695111789
leaf_weight=10.858525693416597 5.674634255468848 3.454876370728015 48.647936575114727 2.1780961304903022 6.9928788244724265 6.3030287623405483 5.8202378749847403 25.744625478982925 2.5489113256335285 22.457312203943729 8.0756157487630826 12.698932923376562 13.7341151535511 3.7946321293711653
leaf_count=37 20 24 472 16 25 21 20 88 20 198 71 110 47 31
internal_value=0 -0.0295225 -0.0797501 -0.0813242 0.108156 0.113285 0.111681 0.110407 -0.0824447 -0.0822545 -0.08205 -0.0832356 0.111228 -0.0831025
internal_weight=0 141.745 103.856 100.401 37.8885 30.8957 37.2395 31.4193 98.2233 79.1809 56.7236 19.0425 24.5926 16.4936
internal_count=1200 1072 942 918 130 105 128 108 902 741 543 161 84 141
is_linear=0
shrinkage=0.1


Tree=30
num_leaves=15
num_cat=0
split_feature=1 0 2 2 1 0 4 4 4 7 0 4 0 4
split_gain=48.9042 50.2505 17.8563 21.248 3.86298 12.4476 0.217038 0.0805986 0.400304 0.032259 0.0044567 0.00336409 0.0006848 0.000620436
threshold=0.0249448586255312 0.14293935894966128 -0.046276550740003579 0.050323812291026122 0.037099417299032218 0.11087276041507722 0.071298863738775267 0.11428802087903024 0.063192266970872893 0.87093639373779308 0.043390547856688506 0.015356157906353475 0.0087762428447604197 0.56793908774852764
decision_type=2 2 2 2 2 2 2 2 2 2 2 2 2 2
left_child=1 13 6 4 5 -4 -2 8 11 -8 12 -6 -9 -1
right_child=2 -3 3 -5 7 -7 9 10 -10 -11 -12 -13 -14 -15
leaf_value=-0.081516024332787609 -0.054545968052780017 0.11270020997828996 -0.08710964732225919 -0.082381094868664073 0.11370245693148225 0.11681492712781592 -0.082236937395220172 0.11477418174690551 0.086043167468421944 -0.097885125110303409 0.11702080631082264 0.11664517154647752 0.1134134604431668 -0.082148007039202095
leaf_weight=56.728183947503567 2.9342878907918912 16.026436537504196 4.4572458639740935 7.4534392133355132 10.769059598445898 9.113456577062605 3.5193578228354454 6.0348236262798336 6.816444218158721 2.1056265756487846 6.7212128043174735 6.0770563185214987 9.5533805191516858 21.391961984336376
leaf_count=580 25 54 39 70 36 30 33 20 23 14 22 20 32 202
internal_value=0 -0.0485985 0.0594159 0.0767922 0.0967172 0.0498367 -0.0765935 0.110556 0.10649 -0.0880946 0.114868 0.114764 0.11394 -0.0816891
internal_weight=0 94.1466 75.5554 66.9961 59.5427 13.5707 8.55927 45.972 23.6626 5.62498 22.3094 16.8461 15.5882 78.1201
internal_count=1200 836 364 292 222 69 72 153 79 47 74 56 52 782
is_linear=0
shrinkage=0.1


Tree=31
num_leaves=15
num_cat=0
split_feature=4 2 1 3 2 0 3 0 1 3 2 4 1 2
split_gain=144.065 0.00116222 0.00100073 0.000253729 0.00021552 0.000248993 0.000232572 0.000188856 4.47889e-05 2.26661e-05 9.54155e-05 1.39722e-05 1.19306e-05 7.39226e-06
threshold=0.56793908774852764 -0.025941736996173855 0.033131964504718787 -0.029204084537923333 -0.067992143332958208 0.11959925666451456 0.063414195552468314 0.23940140008926394 0.05544888228178025 -0.012090325355529783 -0.067992143332958208 0.28008989989757543 0.012286657933145763 -0.015330297872424124
decision_type=2 2 2 2 2 2 2 2 2 2 2 2 2 2
left_child=2 -2 4 -3 12 6 11 8 -4 10 -10 -6 -1 -11
right_child=1 3 7 -5 5 -7 -8 -9 9 13 -12 -13 -14 -15
leaf_value=-0.081676013415499626 0.11570528765287028 0.11487715421194514 -0.081916513504286109 0.11420624534530371 -0.080714467386197974 -0.081440989897735724 -0.081391481674007407 -0.082346782967764348 -0.081388707574359898 -0.081608167586117844 -0.082117033280778573 -0.080997130934938641 -0.081375646253481426 -0.081413446879384566
leaf_weight=3.0926771983504286 6.3566056489944449 6.3358549773693076 3.0773704797029557 51.100271850824356 41.569875597953796 7.0817464664578429 5.9818494021892539 3.4233960807323447 5.0137631520628929 2.280192419886597 2.8050904870033344 1.8255404233932484 2.3101791366934776 13.448498614132388
leaf_count=31 21 21 30 170 474 73 62 33 52 23 27 20 24 139
internal_value=0 0.114422 -0.0811742 0.11428 -0.0809442 -0.0808865 -0.0808069 -0.0816476 -0.0815577 -0.0815108 -0.08165 -0.0807264 -0.0815476 -0.0814417
internal_weight=0 63.7927 91.9102 57.4361 61.8619 56.459 49.3773 30.0483 26.6249 23.5475 7.81885 43.3954 5.40286 15.7287
internal_count=1200 212 988 191 684 629 556 304 271 241 79 494 55 162
is_linear=0
shrinkage=0.1


Tree=32
num_leaves=15
num_cat=0
split_feature=1 4 0 3 2 0 4 1 2 0 3 1 1 3
split_gain=45.5389 53.0871 29.865 25.258 28.1986 0.212692 0.105478 0.0282132 0.00277052 0.00158959 0.00109213 0.00103646 0.000715722 0.000697217
threshold=0.037099417299032218 0.36240006983280187 0.11087276041507722 0.063414195552468314 -0.067992143332958208 0.00072174015804193925 1.1812868714332583 0.02771804574877024 -0.030687787570059296 0.23940140008926394 -0.033367959782481187 0.029661037027835849 0.079572573304176344 -0.1171429120004177
decision_type=2 2 2 2 2 2 2 2 2 2 2 2 2 2
left_child=1 2 3 4 13 -2 -3 8 -6 12 -10 -4 -7 -1
right_child=5 6 11 -5 7 9 -8 -9 10 -11 -12 -13 -14 -15
leaf_value=-0.087229551219894938 -0.063060521856397656 -0.069014564267633569 -0.087229593324938334 -0.087163200468363344 0.096551710372974969 -0.088934103549926188 -0.08726720080120598 0.10247539736258381 0.09563558436452417 -0.089478635038655552 0.094106917747451557 -0.089287379857283536 -0.087434234973451708 -0.089051914211872071
leaf_weight=5.9427980482578278 3.7805905491113654 3.5189626216888419 10.594464763998984 9.7641681283712369 5.2036737352609626 3.4967485517263404 31.56350439786911 4.4050802588462821 4.9209419935941687 4.9133290499448767 92.97209843993187 3.1830636262893668 35.294914901256561 3.24620273709297
leaf_count=37 21 20 66 61 23 20 196 19 22 29 431 18 218 19
internal_value=0 0.0245818 0.0521054 0.067338 0.080266 -0.0858157 -0.0854364 0.0946381 0.0943033 -0.0877841 0.0941838 -0.087705 -0.0875694 -0.0878733
internal_weight=0 175.315 140.232 126.455 116.691 47.4856 35.0825 107.502 103.097 43.705 97.893 13.7775 38.7917 9.189
internal_count=1200 912 696 612 551 288 216 495 476 267 453 84 238 56
is_linear=0
shrinkage=0.1


Tree=33
num_leaves=15
num_cat=0
split_feature=2 3 2 3 3 2 1 4 1 4 0 1 0 4
split_gain=48.5286 82.4674 1.92344 0.572151 0.164423 0.102758 0.0265183 0.00770498 0.00101288 0.000715542 0.000367402 9.66405e-05 8.7979e-05 8.38575e-05
threshold=0.055192198604345329 -0.054884653538465493 -0.038309466093778603 0.042124599218368537 -0.10440003871917723 -0.11679680645465849 0.22576473653316501 0.19277215749025348 0.033131964504718787 0.56793908774852764 0.035699168220162399 0.27071440219879156 0.043390547856688506 0.072397384792566313
decision_type=2 2 2 2 2 2 2 2 2 2 2 2 2 2
left_child=1 4 -3 8 5 13 7 -2 9 10 -4 12 -10 -1
right_child=6 2 3 -5 -6 -7 -8 -9 11 -11 -12 -13 -14 -15
leaf_value=0.10514887525403503 0.10470373217656473 -0.012179487386500789 -0.080939889012830904 -0.02781989231753354 0.090636991421912907 0.11950350203189582 0.11153697555904174 0.10055840464717336 -0.081838087608822052 -0.081751650928244504 -0.081716159261915833 -0.082682903951531384 -0.082358829862164168 0.10473448148168699
leaf_weight=7.6342509686946896 23.572168022394184 4.3604210391640654 42.401248849928379 2.0376691296696654 6.6162933260202399 6.2189868092536953 5.4139527082443228 5.5371482968330374 9.3696988970041293 20.69795586168766 7.1209253370761862 2.5830355361104003 4.9628533050417891 13.551976293325422
leaf_count=28 87 25 468 17 25 22 20 21 92 205 71 23 46 50
internal_value=0 -0.0285357 -0.0770293 -0.0802003 0.104786 0.108201 0.10511 0.103915 -0.0814252 -0.0812579 -0.0810515 -0.0821199 -0.0820184 0.104884
internal_weight=0 127.555 93.5338 89.1734 34.0215 27.4052 34.5233 29.1093 87.1357 70.2201 49.5222 16.9156 14.3326 21.1862
internal_count=1200 1072 947 922 125 100 128 108 905 744 539 161 138 78
is_linear=0
shrinkage=0.1


Tree=34
num_leaves=15
num_cat=0
split_feature=1 0 3 2 1 0 0 6 0 2 2 3 4 2
split_gain=40.8998 42.6612 15.0816 17.3099 2.86476 12.7047 0.548959 0.0772105 0.0153688 0.00423671 0.00107752 0.000845795 0.000448634 0.000255827
threshold=0.0249448586255312 0.14293935894966128 -0.048458371311426156 0.050323812291026122 0.043034084141254432 0.060567913576960571 0.060567913576960571 0.020342560485005382 0.0041308323852717885 -0.1223110221326351 -0.017277489416301247 -0.0080759176053106767 0.56793908774852764 -0.067992143332958208
decision_type=2 2 2 2 2 2 2 2 2 2 2 2 2 2
left_child=1 12 9 4 5 7 8 -4 -6 -2 -10 -12 13 -1
right_child=2 -3 3 -5 6 -7 -8 -9 10 -11 11 -13 -14 -15
leaf_value=-0.081298137829752704 -0.081246353347404807 0.10592663720658246 -0.081086503282364747 -0.081445229130072017 0.11200710288398763 0.11049069929109023 0.074388736733961319 -0.1080333081867647 0.10798706963915881 -0.086663302260438224 0.10731346284980965 0.10602203036660295 -0.081186683625501466 -0.080540329814463976
leaf_weight=4.9439845234155646 5.0104922205209732 14.881749510765074 2.2854533791542044 6.6156202107667914 6.8995999693870536 10.643704980611799 5.7188964486122122 1.9884456470608709 5.6507867276668504 2.0283328816294661 7.5487740635871878 15.452337652444848 18.955216154456139 45.023128300905228
leaf_count=52 53 54 26 70 24 37 20 14 20 17 27 56 202 528
internal_value=0 -0.0476188 0.0559978 0.0715547 0.089569 0.0520119 0.103144 -0.0936236 0.10777 -0.0828073 0.10675 0.106446 -0.0807725 -0.0806153
internal_weight=0 83.8041 69.8424 62.8036 56.188 14.9176 41.2704 4.2739 35.5515 7.03883 28.6519 23.0011 68.9223 49.9671
internal_count=1200 836 364 294 224 77 147 40 127 70 103 83 782 580
is_linear=0
shrinkage=0.1


Tree=35
num_leaves=15
num_cat=0
split_feature=4 2 1 3 0 2 0 3 1 5 2 4 1 3
split_gain=120.941 0.00141049 0.000819304 0.00028906 0.000175685 0.000156163 0.000179221 0.000178917 3.68498e-05 2.32725e-05 1.22638e-05 1.01924e-05 8.5129e-06 6.42224e-06
threshold=0.56793908774852764 -0.025941736996173855 0.033131964504718787 -0.029204084537923333 0.23940140008926394 -0.067992143332958208 0.11959925666451456 0.063414195552468314 0.047436069697141654 0.40317523479461675 0.019756739027798179 0.28008989989757543 0.012286657933145763 0.0015953949186950924
decision_type=2 2 2 2 2 2 2 2 2 2 2 2 2 2
left_child=2 -2 5 -3 8 12 7 11 -4 13 -5 -7 -1 -10
right_child=1 3 4 10 -6 6 -8 -9 9 -11 -12 -13 -14 -15
leaf_value=-0.080793623699485673 0.10881752562796254 0.10785333792061461 -0.08106725515354668 0.10708972863128784 -0.081522003476108218 -0.079921858865304646 -0.080580485543119265 -0.080552566751030258 -0.080686856177115518 -0.080928858986028973 0.1072265286617697 -0.080178930232650256 -0.080524045886391463 -0.080567227596235969
leaf_weight=2.7439475506544104 5.9481379091739646 5.9185199439525595 2.6635919362306657 39.733584403991699 3.0606143698096266 36.516102991998196 6.26670117676258 5.3045891970396033 9.3135268539190346 3.0287248790264121 7.8474360704421988 1.6103139221668232 2.0440149083733559 8.6606970354914647
leaf_count=31 21 21 29 142 33 474 73 62 107 34 28 20 24 101
internal_value=0 0.107357 -0.0803556 0.107194 -0.0808091 -0.0801331 -0.0800806 -0.0800084 -0.0807169 -0.0806724 0.107112 -0.0799327 -0.0806785 -0.0806292
internal_weight=0 59.4477 81.2128 53.4995 26.7272 54.4857 49.6977 43.431 23.6665 21.0029 47.581 38.1264 4.78796 17.9742
internal_count=1200 212 988 191 304 684 629 556 271 242 170 494 55 208
is_linear=0
shrinkage=0.1


Tree=36
num_leaves=15
num_cat=0
split_feature=1 4 0 3 2 1 4 1 2 0 3 0 3 1
split_gain=38.6261 44.9218 24.9689 21.4794 23.5995 0.208874 0.114472 0.0190147 0.00244793 0.00152196 0.00111661 0.000882159 0.000706491 0.000657346
threshold=0.037099417299032218 0.56793908774852764 0.11087276041507722 0.063414195552468314 -0.067992143332958208 0.05544888228178025 0.28795985877513891 0.02771804574877024 -0.030687787570059296 0.23940140008926394 -0.033367959782481187 0.0041308323852717885 -0.1171429120004177 0.029661037027835849
decision_type=2 2 2 2 2 2 2 2 2 2 2 2 2 2
left_child=1 2 3 4 12 -2 7 8 -6 11 -10 -7 -1 -4
right_child=5 -3 13 -5 6 9 -8 -9 10 -11 -12 -13 -14 -15
leaf_value=-0.085363238665833785 -0.061527174072729632 -0.085445052641854674 -0.085386633062639217 -0.085371306906665168 0.093489331847043 -0.087192694812558091 0.074229399181818589 0.098441547625546078 0.092643052447588234 -0.087948920433794486 0.091016479105115927 -0.085583961213901355 -0.087303146833546702 -0.087124458995083365
leaf_weight=5.2582072913646698 3.8492561876773825 30.321506708860397 9.3887467384338361 8.8159798085689527 4.5220367014408103 3.8269801884889594 3.99449798464775 3.803152620792388 4.4535746276378623 3.4928367584943762 80.615546390414238 31.180584743618965 2.9198085069656354 2.8335154354572287
leaf_count=37 24 212 66 62 22 24 19 18 22 23 417 217 19 18
internal_value=0 0.0238827 0.0500664 0.0645831 0.0771059 -0.0837378 0.0908071 0.0915161 0.0912222 -0.0859584 0.0911016 -0.0857598 -0.0860558 -0.0857895
internal_weight=0 156.927 126.605 114.383 105.567 42.3497 97.3888 93.3943 89.5912 38.5004 85.0691 35.0076 8.17802 12.2223
internal_count=1200 912 700 616 554 288 498 479 461 264 439 241 56 84
is_linear=0
shrinkage=0.1


Tree=37
num_leaves=15
num_cat=0
split_feature=3 2 0 1 2 3 3 1 4 2 0 1 2 2
split_gain=40.3578 70.3375 0.90791 1.89238 0.56429 0.0473274 0.00189015 0.00070297 0.000545674 0.000277446 0.000176083 0.000157357 0.000113831 8.70221e-05
threshold=0.063414195552468314 -0.046276550740003579 0.20895234495401385 0.034748764708638198 -0.091485355049371705 -0.10440003871917723 -0.040977856144309037 0.033131964504718787 0.36240006983280187 0.10430775210261346 0.11959925666451456 0.012938835658133032 -0.018753448501229283 -0.15140289068222043
decision_type=2 2 2 2 2 2 2 2 2 2 2 2 2 2
left_child=1 4 6 -4 5 11 -3 8 10 -2 -8 -1 -9 -13
right_child=9 2 3 -5 -6 -7 7 12 -10 -11 -12 13 -14 -15
leaf_value=0.10017205500373164 0.1003662453183129 -0.083385431164953033 -0.081029983166665653 0.033084528532947875 0.065438664296837021 0.11002101280935375 -0.080120709968278025 -0.081870973924697499 -0.080835562456053667 0.099555700258877375 -0.080943908900791006 0.099709619288927132 -0.081057126406976265 0.099243265867596325
leaf_weight=5.0155997127294567 5.0144828408956554 2.3939692750573149 4.1861357465386382 2.2259318009018898 5.0639168769121161 5.533583968877795 37.993701033294201 2.0184315890073767 18.195648588240147 26.756484284996986 2.7891682833433142 10.685529917478567 11.569201327860354 6.3965080231428102
leaf_count=20 20 22 46 16 20 21 477 20 204 108 31 43 126 26
internal_value=0 -0.0277558 -0.0775314 -0.0414154 0.0961265 0.101751 -0.0806208 -0.0805296 -0.0803802 0.0996836 -0.080177 0.0996796 -0.081178 0.099535
internal_weight=0 114.067 81.3722 6.41207 32.6951 27.6312 74.9601 72.5662 58.9785 31.771 40.7829 22.0976 13.5876 17.082
internal_count=1200 1072 942 62 130 110 880 858 712 128 508 89 146 69
is_linear=0
shrinkage=0.1


Tree=38
num_leaves=15
num_cat=0
split_feature=1 0 2 2 1 0 1 6 3 3 0 0 2 4
split_gain=34.3132 36.3733 12.7352 14.5667 2.49987 9.63327 0.254588 0.248109 0.123435 0.0311583 0.000842433 0.000804767 0.000766212 0.000319219
threshold=0.0249448586255312 0.14293935894966128 -0.046276550740003579 0.050323812291026122 0.043034084141254432 0.11087276041507722 0.18320262432098391 0.019135927781462673 -0.019614567048847672 -0.1171429120004177 0.0041308323852717885 0.050314798951148994 -0.016198352910578247 0.36240006983280187
decision_type=2 2 2 2 2 2 2 2 2 2 2 2 2 2
left_child=1 13 6 4 5 7 -2 -4 -6 -8 -10 12 -12 -1
right_child=2 -3 3 -5 8 -7 9 -9 10 -11 11 -13 -14 -15
leaf_value=-0.079838634552158658 -0.047839761038702466 0.10062949813859486 -0.054819535588817796 -0.080629962112885478 0.085070975126910517 0.10420942651498287 -0.08039425416682261 -0.10412294352180314 0.10275728236671607 -0.096954743898608697 0.10217505353241391 0.1024792924570897 0.10077733338801401 -0.080348909156501433
leaf_weight=43.56353073567152 2.4225055873394004 13.663455992937086 2.0581075549125663 5.8506241291761389 5.2317972630262366 9.5651262402534467 2.4997623339295387 2.0248802304267883 5.5170674026012412 2.0827128142118454 5.1969805657863608 5.4852980226278296 15.986658543348318 17.061117447912693
leaf_count=576 26 54 24 70 20 36 30 17 21 16 20 21 63 206
internal_value=0 -0.0467632 0.0531716 0.0688305 0.0859542 0.0493193 -0.0740598 -0.0792706 0.0993168 -0.0879209 0.101632 0.1014 0.10112 -0.0799822
internal_weight=0 74.2881 63.9215 56.9165 51.0659 13.6481 7.00498 4.08299 37.4178 4.58248 32.186 26.6689 21.1836 60.6246
internal_count=1200 836 364 292 222 77 72 41 145 46 125 104 83 782
is_linear=0
shrinkage=0.1


Tree=39
num_leaves=15
num_cat=0
split_feature=4 2 1 3 0 2 0 3 1 5 2 4 4 3
split_gain=102.057 0.00115102 0.000642425 0.000294885 0.000164045 0.000120903 0.000124146 0.000134185 3.9712e-05 2.64565e-05 2.6025e-05 1.31531e-05 9.03564e-06 8.20667e-06
threshold=0.56793908774852764 -0.025941736996173855 0.033131964504718787 -0.029204084537923333 0.23940140008926394 -0.067992143332958208 0.11959925666451456 0.063414195552468314 0.05544888228178025 0.40361779928207403 0.019756739027798179 0.28008989989757543 1.4574429988861086 -0.12606116384267804
decision_type=2 2 2 2 2 2 2 2 2 2 2 2 2 2
left_child=2 -2 5 -3 8 13 7 11 -4 -10 12 -7 -5 -1
right_child=1 3 4 10 -6 6 -8 -9 9 -11 -12 -13 -14 -15
leaf_value=-0.079831479780432743 0.10316255117610983 0.10232958710010009 -0.080351586351053841 0.10162880250519711 -0.080798530386575987 -0.079235897911532571 -0.079826836640337573 -0.079820532895612514 -0.07987603202695813 -0.080219206021198544 0.10172348832531063 -0.079545493494656574 0.10149393174250321 -0.080116539621548535
leaf_weight=2.5761980265378952 5.4946385324001303 5.4589480757713309 2.4698847308754983 5.9297125637531272 2.7345327809453002 31.972343407571316 5.5222286880016318 4.6873547360301009 15.858562566339971 2.6172317564487448 7.2286415994167319 1.4338031411170948 30.606356710195541 1.6611562594771374
leaf_count=34 21 21 30 23 33 474 73 62 208 33 28 20 119 21
internal_value=0 0.10179 -0.0796441 0.101637 -0.0800701 -0.0794333 -0.0793837 -0.0793195 -0.079975 -0.0799246 0.10155 -0.0792492 0.101516 -0.0799432
internal_weight=0 54.7183 71.5333 49.2237 23.6802 47.8531 43.6157 38.0935 20.9457 18.4758 43.7647 33.4061 36.5361 4.23735
internal_count=1200 212 988 191 304 684 629 556 271 241 170 494 142 55
is_linear=0
shrinkage=0.1


Tree=40
num_leaves=15
num_cat=0
split_feature=1 4 0 3 2 0 5 1 2 0 3 1 3 1
split_gain=32.8396 38.1491 21.2795 17.9796 20.0822 0.232656 0.11678 0.0125149 0.00242318 0.00136034 0.000682053 0.000494534 0.000484559 0.000406595
threshold=0.037099417299032218 0.36240006983280187 0.11087276041507722 0.063414195552468314 -0.067992143332958208 0.0035322863841429357 0.30962596833705908 0.028992539271712307 -0.030687787570059296 0.23940140008926394 -0.034941764548420899 0.094707235693931593 -0.1171429120004177 0.029661037027835849
decision_type=2 2 2 2 2 2 2 2 2 2 2 2 2 2
left_child=1 2 3 4 12 -2 -3 8 -6 11 -10 -7 -1 -4
right_child=5 6 13 -5 7 9 -8 -9 10 -11 -12 -13 -14 -15
leaf_value=-0.083835131702738153 -0.057273439566406383 -0.083894961443133798 -0.083843242819308855 -0.083827541683358431 0.091053150732985186 -0.085438323005761901 -0.060726619280819065 0.094876312932330772 0.089946572738524647 -0.086187115722737614 0.088542703194617517 -0.084079397067642156 -0.085542078313529002 -0.0852963523132928
leaf_weight=4.6470279395580292 3.4725055396556845 25.26783507317305 8.2892462313175184 7.6564460173249236 4.2716526240110388 2.9696415588259724 2.3805708289146414 3.4550556987524024 3.6282324492931357 3.9456471577286711 74.949349090456963 27.264744222164154 2.5899290665984145 2.5082660838961592
leaf_count=37 24 200 66 61 23 21 16 18 20 29 434 214 19 18
internal_value=0 0.0232951 0.0492648 0.0635031 0.0755622 -0.0819353 -0.0819001 0.0889795 0.0887336 -0.0844408 0.0886075 -0.0842129 -0.084446 -0.0841808
internal_weight=0 139.644 111.995 101.198 93.5412 37.6525 27.6484 86.3043 82.8492 34.18 78.5776 30.2344 7.23696 10.7975
internal_count=1200 912 696 612 551 288 216 495 477 264 454 235 56 84
is_linear=0
shrinkage=0.1


Tree=41
num_leaves=15
num_cat=0
split_feature=2 3 2 2 3 2 1 5 1 4 0 1 1 1
split_gain=33.7533 59.6663 1.15851 0.513966 0.359507 0.0936058 0.020703 0.0070173 0.000654179 0.00035334 0.000162434 0.000123656 4.57985e-05 4.5709e-05
threshold=0.055192198604345329 -0.048458371311426156 -0.038309466093778603 0.041809212416410453 -0.094736505299806581 -0.11023447662591933 0.22576473653316501 0.36539284884929663 0.033131964504718787 0.30584140121936804 0.11959925666451456 0.079572573304176344 0.20828685909509662 0.27393272519111639
decision_type=2 2 2 2 2 2 2 2 2 2 2 2 2 2
left_child=1 4 -3 8 5 12 7 -2 9 10 -4 -10 -1 -13
right_child=6 2 3 -5 -6 -7 -8 -9 11 -11 -12 13 -14 -15
leaf_value=0.095696275831935643 0.091075166324582429 -0.020982870602948355 -0.07937665484454122 -0.02347814757640361 0.069585841128229103 0.11097924369300238 0.10204945278519524 0.095495385431512231 -0.080974810061223979 -0.080015274328321187 -0.079971425528726409 -0.080146108773017422 0.095356224227595543 -0.080688465625874173
leaf_weight=13.554864168167123 4.3885183334350648 3.6992142945528022 32.065417923033237 1.6611059755086888 5.1136613488197318 4.9860108643770209 4.5445909649133673 19.777018770575523 3.0712376460432997 16.675508216023445 5.3591642454266539 8.129131540656088 5.5955881774425498 1.9211726635694493
leaf_count=60 20 24 462 16 25 20 20 88 34 213 69 102 25 22
internal_value=0 -0.0269077 -0.0755004 -0.0784282 0.0936716 0.0987745 0.0958572 0.0946927 -0.0797861 -0.0796324 -0.0794618 -0.0804195 0.0955969 -0.0802498
internal_weight=0 101.832 72.582 68.8827 29.2501 24.1365 28.7101 24.1655 67.2216 54.1001 37.4246 13.1215 19.1505 10.0503
internal_count=1200 1072 942 918 130 105 128 108 902 744 531 158 85 124
is_linear=0
shrinkage=0.1


Tree=42
num_leaves=15
num_cat=0
split_feature=1 0 3 2 2 1 0 6 5 0 2 0 2 4
split_gain=28.9346 31.0363 10.932 12.0177 2.00148 2.19886 8.13831 0.24849 0.092346 0.0114797 0.00510909 0.001644 0.000231597 0.000223458
threshold=0.0249448586255312 0.14293935894966128 -0.048458371311426156 0.050323812291026122 -0.067992143332958208 0.043034084141254432 0.11087276041507722 0.020342560485005382 0.40361779928207403 0.0041308323852717885 -0.1223110221326351 0.043390547856688506 -0.014633551239967344 0.27636989951133734
decision_type=2 2 2 2 2 2 2 2 2 2 2 2 2 2
left_child=1 13 10 4 -4 6 7 -6 9 -7 -2 12 -11 -1
right_child=2 -3 3 -5 5 8 -8 -9 -10 11 -12 -13 -14 -15
leaf_value=-0.079158963634747725 -0.079712799571559134 0.096334602093445243 -0.10714443998009671 -0.079938201194802161 -0.054471341594123729 0.10222819946809047 0.099456196114429532 -0.1067299878378179 0.083243969355743755 0.097308274779743506 -0.086278629554081443 0.098572219171056116 0.096486705172971754 -0.079601762732363246
leaf_weight=36.618759520351887 3.9255460351705551 12.410206690430639 0.56001096963882346 5.158703312277793 2.0593087896704669 5.6500813663005856 8.7723314762115461 1.6301867701113222 4.8180277645587912 4.7026759386062649 1.6976453289389599 6.5057915598154059 12.690351516008379 16.546540051698685
leaf_count=554 53 54 2 70 27 23 36 14 20 20 17 27 55 228
internal_value=0 -0.0460584 0.0508255 0.0650067 0.0807853 0.0830327 0.0470476 -0.0775616 0.0960813 0.0981745 -0.081695 0.0972161 0.0967088 -0.0792968
internal_weight=0 65.5755 58.1707 52.5475 47.3888 46.8288 12.4618 3.6895 34.3669 29.5489 5.62319 23.8988 17.393 53.1653
internal_count=1200 836 364 294 224 222 77 41 145 125 70 102 75 782
is_linear=0
shrinkage=0.1


Tree=43
num_leaves=15
num_cat=0
split_feature=4 2 1 3 0 2 0 3 1 5 2 4 3 3
split_gain=86.417 0.00125882 0.000513147 0.000181784 0.000149046 8.65434e-05 8.56644e-05 9.33142e-05 3.78858e-05 2.49605e-05 1.71825e-05 1.30258e-05 5.85384e-06 5.59784e-06
threshold=0.56793908774852764 -0.025941736996173855 0.033131964504718787 -0.029204084537923333 0.23940140008926394 -0.067992143332958208 0.11959925666451456 0.063414195552468314 0.047436069697141654 0.40361779928207403 0.019756739027798179 0.28008989989757543 -0.12606116384267804 -0.0010280152782797811
decision_type=2 2 2 2 2 2 2 2 2 2 2 2 2 2
left_child=2 -2 5 -3 8 12 7 11 -4 13 -5 -7 -1 -10
right_child=1 3 4 10 -6 6 -8 -9 9 -11 -12 -13 -14 -15
leaf_value=-0.079184024163540978 0.098817347295321975 0.097719023821849924 -0.079731220784472645 0.09704861304090838 -0.080168546277849376 -0.078645809574796263 -0.07917263823398632 -0.079168431658343211 -0.079296880515314389 -0.079586920617876949 0.097225471029490529 -0.078973113745905987 -0.079440554326088153 -0.07917060876211314
leaf_weight=2.2672050371766095 5.030730888247489 4.9739778935909262 2.1323730349540773 33.241842463612556 2.4249092116951934 27.93192441761494 4.8522219508886328 4.1200005412101737 6.9285857826471391 2.3205651491880408 6.5808447748422614 1.2712465561926354 1.4638955891132344 7.1172237992286638
leaf_count=34 21 21 29 142 33 474 73 62 102 33 28 20 21 107
internal_value=0 0.0973175 -0.0790269 0.097149 -0.0794314 -0.078825 -0.0787801 -0.0787229 -0.0793347 -0.0792831 0.0970778 -0.0786601 -0.0792847 -0.0792329
internal_weight=0 49.8274 62.8302 44.7967 20.9237 41.9065 38.1754 33.3232 18.4987 16.3664 39.8227 29.2032 3.7311 14.0458
internal_count=1200 212 988 191 304 684 629 556 271 242 170 494 55 209
is_linear=0
shrinkage=0.1


Tree=44
num_leaves=15
num_cat=0
split_feature=1 4 0 3 3 1 3 2 2 1 0 4 0 5
split_gain=28.0059 31.8778 19.6422 15.6481 18.1057 0.164509 0.0982367 0.00554434 0.00217763 0.00119674 0.00103376 0.000557659 0.000494304 0.000285132
threshold=0.043034084141254432 0.56793908774852764 0.060567913576960571 0.063414195552468314 -0.066597066819667802 0.028992539271712307 -0.035849241539835923 -0.1274381801486015 -0.030687787570059296 0.034136299043893821 0.23940140008926394 0.27219085395336157 0.0041308323852717885 0.40361779928207403
decision_type=2 2 2 2 2 2 2 2 2 2 2 2 2 2
left_child=1 2 3 4 7 6 -6 -1 -8 -4 12 -10 -2 -14
right_child=10 -3 9 -5 5 -7 8 -9 11 -11 -12 -13 13 -15
leaf_value=-0.082655021713195775 -0.084137809937887373 -0.082598316073774727 -0.082539027696822143 -0.08257701101143923 0.070126611379846202 0.1084522295178587 0.089039670021677786 -0.08877172708132941 0.086422827642180372 -0.085149358732093811 -0.084792939657215557 0.087729573476153996 -0.082649593247300757 -0.083579345477756528
leaf_weight=4.4760281294584274 3.0678525790572229 23.60298678278923 8.2811318114399892 6.9855422899126998 3.8072693347930899 3.342180371284484 3.5256548821926108 2.2153109312057486 63.613478258252144 2.2291003465652457 3.366659775376319 3.4425050765275946 21.315301969647411 3.9023346453905097
leaf_count=40 24 212 75 63 23 19 21 18 416 16 28 21 191 33
internal_value=0 0.0221213 0.046373 0.0612592 0.0731609 0.0867484 0.0857733 -0.0846801 0.0866173 -0.0830926 -0.0831364 0.0864899 -0.0829393 -0.0827935
internal_weight=0 125.521 101.918 91.408 84.4224 77.7311 74.3889 6.69134 70.5816 10.5102 31.6521 67.056 28.2855 25.2176
internal_count=1200 924 712 621 558 500 481 58 458 91 276 437 248 224
is_linear=0
shrinkage=0.1


Tree=45
num_leaves=15
num_cat=0
split_feature=3 2 1 2 5 3 3 1 2 4 1 0 2 1
split_gain=28.3279 50.8842 0.94303 0.527641 0.393728 0.0313785 0.00120961 0.00039755 0.000305877 0.000239111 0.000220075 0.000169513 3.89353e-05 3.47425e-05
threshold=0.063414195552468314 -0.046276550740003579 0.27071440219879156 -0.091485355049371705 0.42218196392059332 -0.10440003871917723 -0.039575660601258271 0.033131964504718787 0.10430775210261346 0.36240006983280187 0.079572573304176344 0.031122008338570598 -0.1274381801486015 0.20664151012897494
decision_type=2 2 2 2 2 2 2 2 2 2 2 2 2 2
left_child=1 3 4 5 6 12 -3 9 -2 11 -9 -8 -1 -10
right_child=8 2 -4 -5 -6 -7 7 10 13 -11 -12 -13 -14 -15
leaf_value=0.092326551624428363 0.093078687170862387 -0.08149482297714522 -0.014498534997670245 0.056741507919554492 -0.026794073545754922 0.1014151842097496 -0.078778364595126965 -0.080456016284529169 0.092199643910952755 -0.079367796463005971 -0.079417433101769588 -0.079401203274711799 0.091979185985618564 0.091873427380296357
leaf_weight=13.818522796034818 4.1269834041595486 2.2755457907915106 2.4347746670246115 4.5220371335744849 1.4671952724456776 4.7058891206979743 27.886709827929735 2.8836195692419988 17.804393082857136 14.09892702102661 6.9761623069643974 5.1816202178597441 4.2098192572593716 3.9978146255016318
leaf_count=68 20 27 25 20 17 21 459 35 88 204 100 75 21 20
internal_value=0 -0.0262713 -0.0755229 0.0879382 -0.0779678 0.0941435 -0.0792339 -0.0791437 0.0922893 -0.079023 -0.0797212 -0.078876 0.0922454 0.0921398
internal_weight=0 90.4608 63.2046 27.2563 60.7698 22.7342 59.3026 57.027 25.9292 47.1673 9.85978 33.0683 18.0283 21.8022
internal_count=1200 1072 942 130 917 110 900 873 128 738 135 534 89 108
is_linear=0
shrinkage=0.1


Tree=46
num_leaves=15
num_cat=0
split_feature=1 0 3 2 2 1 0 7 6 0 2 0 1 4
split_gain=24.4069 26.554 9.21891 10.0591 1.83011 1.856 7.89118 0.107117 0.0596385 0.00981371 0.00388277 0.000921955 0.000177638 0.000155243
threshold=0.0249448586255312 0.14293935894966128 -0.048458371311426156 0.050323812291026122 -0.067992143332958208 0.043034084141254432 0.060567913576960571 0.91211363673210155 0.021093338727951053 0.0041308323852717885 -0.1223110221326351 0.043390547856688506 0.23105484247207644 0.36240006983280187
decision_type=2 2 2 2 2 2 2 2 2 2 2 2 2 2
left_child=1 13 10 4 -4 6 8 9 -6 -7 -2 -11 -5 -1
right_child=2 -3 3 12 5 7 -8 -9 -10 11 -12 -13 -14 -15
leaf_value=-0.078592217658359692 -0.079071989888995553 0.092882446603636107 -0.10498367335000158 -0.078935166956509775 -0.080574792924047983 0.098633735185076329 0.095813484682183397 0.077379768774527527 -0.10892690024453736 0.093235904105465492 -0.085145657405783198 0.094713605938036488 -0.080335170113814608 -0.078997566706137751
leaf_weight=33.334984302520752 3.4465275704860687 11.187706008553503 0.54409068822860618 3.2840679027140132 1.7924392707645886 4.719315901398665 8.2300508171319944 4.2325720191001883 1.2658884041011331 16.557051077485088 1.5153035223484028 5.667405277490615 1.2517673596739767 13.18557372689247
leaf_count=576 53 54 2 52 27 21 37 19 13 79 17 26 18 206
internal_value=0 -0.0454416 0.0487801 0.0623165 0.0772541 0.079589 0.0448457 0.092169 -0.0923102 0.0944922 -0.0809268 0.0936127 -0.0793215 -0.0787071
internal_weight=0 57.7083 52.5065 47.5446 43.0088 42.4647 11.2884 31.1763 3.05833 26.9438 4.96183 22.2245 4.53584 46.5206
internal_count=1200 836 364 294 224 222 77 145 40 126 70 105 70 782
is_linear=0
shrinkage=0.1


Tree=47
num_leaves=15
num_cat=0
split_feature=4 2 1 3 0 2 0 3 1 5 5 4 3 3
split_gain=73.4863 0.000985309 0.000397764 0.000244403 0.000125656 6.32201e-05 5.69842e-05 6.76494e-05 3.97413e-05 2.95849e-05 2.80259e-05 1.45713e-05 6.75305e-06 4.85335e-06
threshold=0.56793908774852764 -0.025941736996173855 0.033131964504718787 -0.029204084537923333 0.23940140008926394 -0.067992143332958208 0.11959925666451456 0.063414195552468314 0.047436069697141654 0.40361779928207403 0.29090544581413275 0.28008989989757543 -0.12606116384267804 -0.0014585186145268378
decision_type=2 2 2 2 2 2 2 2 2 2 2 2 2 2
left_child=2 -2 5 -3 8 12 7 11 -4 13 -5 -7 -1 -10
right_child=1 3 4 10 -6 6 -8 -9 9 -11 -12 -13 -14 -15
leaf_value=-0.078604721490120377 0.09512536357536569 0.094268686717176642 -0.079206314272371819 0.093450804970365772 -0.079590479283586313 -0.078137180193859693 -0.078602927679363277 -0.078615463057610482 -0.078725371493253371 -0.079069986062949571 0.093695504099589197 -0.078504768440026365 -0.078898017024268102 -0.078599799904919582
leaf_weight=1.9821648783981802 4.5649937540292731 4.5193708240985861 1.9026593267917693 30.422757729887962 2.1482987105846396 24.348434250801809 4.2502170577645293 3.6196890808641902 6.0267752930521992 2.0680939592421046 5.5315545350313178 1.1283642724156369 1.2998318746685971 6.290607992559667
leaf_count=34 21 21 29 144 33 474 73 62 101 33 26 20 21 108
internal_value=0 0.0937327 -0.0784928 0.0935756 -0.0788716 -0.0783021 -0.0782609 -0.0782109 -0.0787768 -0.07872 0.0934885 -0.0781535 -0.0787209 -0.0786612
internal_weight=0 45.0387 55.0651 40.4737 18.4364 36.6287 33.3467 29.0965 16.2881 14.3855 35.9543 25.4768 3.282 12.3174
internal_count=1200 212 988 191 304 684 629 556 271 242 170 494 55 209
is_linear=0
shrinkage=0.1


Tree=48
num_leaves=15
num_cat=0
split_feature=1 4 0 3 3 1 3 2 2 0 1 4 0 5
split_gain=23.9911 27.1411 16.6853 13.2674 15.3972 0.135985 0.110243 0.00461941 0.00215372 0.0011745 0.000772546 0.000353487 0.000281738 0.000264347
threshold=0.043034084141254432 0.56793908774852764 0.060567913576960571 0.063414195552468314 -0.066597066819667802 0.028992539271712307 -0.035849241539835923 -0.1274381801486015 -0.030687787570059296 0.23940140008926394 0.034136299043893821 0.27219085395336157 0.0041308323852717885 0.40361779928207403
decision_type=2 2 2 2 2 2 2 2 2 2 2 2 2 2
left_child=1 2 3 4 7 6 -6 -1 -8 12 -4 -10 -2 -14
right_child=9 -3 10 -5 5 -7 8 -9 11 -11 -12 -13 13 -15
leaf_value=-0.081523120411254854 -0.082781729625775152 -0.081490442181324507 -0.081435597558602052 -0.081470584177051178 0.066538937659342379 0.10570984874961527 0.087423031596301201 -0.087453461252930451 0.084689499467506993 -0.083910240202808906 -0.083667973921225783 0.085794722497994247 -0.08155099693908964 -0.082503232086763134
leaf_weight=3.920808769762516 2.6962951272726121 20.713373772799969 7.2607216760516149 6.1276293098926535 3.4579467326402655 2.9940494522452346 3.1669084876775662 1.9751874431967724 56.190289258956916 3.0024961382150641 1.9710328951478002 3.0509592890739432 18.733109489083294 3.4526301547884932
leaf_count=40 24 212 75 63 23 19 21 18 416 28 16 21 191 33
internal_value=0 0.021729 0.0454544 0.0599915 0.0715869 0.0848667 0.0839192 -0.0835098 0.0848822 -0.0820419 -0.0819122 0.0847464 -0.0818165 -0.0816992
internal_weight=0 110.829 90.1155 80.8838 74.7561 68.8602 65.8661 5.896 62.4082 27.8845 9.23175 59.2412 24.882 22.1857
internal_count=1200 924 712 621 558 500 481 58 458 276 91 437 248 224
is_linear=0
shrinkage=0.1


Tree=49
num_leaves=15
num_cat=0
split_feature=2 3 2 3 3 2 0 4 1 4 0 1 1 2
split_gain=23.9071 43.3619 1.11781 0.459716 0.305765 0.0756964 0.0193304 0.00660104 0.000410248 0.000167979 8.31967e-05 7.39139e-05 6.13793e-05 3.04784e-05
threshold=0.055192198604345329 -0.048458371311426156 -0.038309466093778603 0.042124599218368537 -0.094736505299806581 -0.10409702360630034 0.22723235189914706 0.19277215749025348 0.033131964504718787 0.34059986472129827 0.11959925666451456 0.079572573304176344 0.27071440219879156 -0.15140289068222043
decision_type=2 2 2 2 2 2 2 2 2 2 2 2 2 2
left_child=1 4 -3 8 5 13 7 -2 9 10 -4 -10 -13 -1
right_child=6 2 3 -5 -6 -7 -8 -9 11 -11 -12 12 -14 -15
leaf_value=0.08957656832823066 0.089415160336861144 -0.017392703535050538 -0.078236077612286181 -0.019797987418708505 0.06305391800041471 0.10531297363721377 0.096566850064594936 0.084640591244960858 -0.079624374614482393 -0.078744548455181584 -0.078724513763584622 -0.078854660721225545 -0.079538961361961799 0.089291746653148749
leaf_weight=9.8067757189273852 16.045285791158683 3.3369050547480574 24.500674325972799 1.365582026541232 4.3090343698859206 3.72038657963276 3.5572739839553824 3.5332724824547759 2.425893858075141 12.547565829008816 4.0660522915422908 6.4045618586242181 1.6480747833847997 6.0902722030878076
leaf_count=54 89 24 464 17 25 17 19 20 34 208 68 104 23 34
internal_value=0 -0.0255986 -0.073529 -0.0770661 0.0871744 0.0924725 0.0897856 0.0885535 -0.0785819 -0.0784396 -0.0783056 -0.0791405 -0.0789947 0.0894675
internal_weight=0 80.2218 56.2953 52.9584 23.9265 19.6174 23.1358 19.5786 51.5928 41.1143 28.5667 10.4785 8.05264 15.897
internal_count=1200 1072 942 918 130 105 128 109 901 740 532 161 127 88
is_linear=0
shrinkage=0.1


Tree=50
num_leaves=15
num_cat=0
split_feature=1 0 3 2 2 1 0 0 2 3 0 0 1 2
split_gain=20.6837 22.731 7.90156 8.50091 1.58092 1.67109 5.82793 0.195998 0.00460467 0.000563493 0.000194428 0.000225152 0.000191068 0.000163116
threshold=0.0249448586255312 0.14293935894966128 -0.048458371311426156 0.050323812291026122 -0.046276550740003579 0.043034084141254432 0.11087276041507722 0.015132843051105739 -0.11679680645465849 -0.01538082445040345 0.0041308323852717885 0.043390547856688506 0.23105484247207644 -0.014633551239967344
decision_type=2 2 2 2 2 2 2 2 2 2 2 2 2 2
left_child=1 -1 8 4 -4 6 7 -6 -2 -7 -11 13 -5 -12
right_child=2 -3 3 12 5 9 -8 -9 -10 10 11 -13 -14 -15
leaf_value=-0.078195134305339725 -0.078505269405392319 0.090037878467251267 -0.040141174935327123 -0.07839352917412476 -0.096321918582429347 0.091939705854957782 0.092167592263073875 -0.043891872028793411 -0.085740454962585644 0.091365048599451507 0.090946535843321991 0.091223815561511032 -0.079937635084664824 0.090194281287781841
leaf_weight=40.609604001045227 3.1803341396152973 10.011487469077109 1.1647135019302357 2.8713166378438468 1.7437578365206703 4.7586108893156007 7.1506103277206421 1.2062092721462248 1.215936817228793 4.1126841008663275 4.0367802977561977 4.4689475297927848 1.1116176210343836 10.080660000443457
leaf_count=782 56 54 4 52 26 24 36 15 14 21 21 23 18 54
internal_value=0 -0.0449232 0.0471486 0.0602897 0.0745986 0.0781568 0.0433787 -0.0748838 -0.0805064 0.0909503 0.0907429 0.0906052 -0.0788245 0.0904094
internal_weight=0 50.6211 47.1022 42.7059 38.723 37.5583 10.1006 2.94997 4.39627 27.4577 22.6991 18.5864 3.98293 14.1174
internal_count=1200 836 364 294 224 220 77 41 70 143 119 98 70 75
is_linear=0
shrinkage=0.1


Tree=51
num_leaves=15
num_cat=0
split_feature=4 2 1 3 0 2 0 3 1 5 5 4 3 3
split_gain=62.5771 0.00105514 0.000322093 0.000155066 0.000137637 4.29582e-05 3.82186e-05 4.57809e-05 3.30662e-05 2.90104e-05 1.71225e-05 1.00361e-05 4.09296e-06 6.70697e-06
threshold=0.56793908774852764 -0.025941736996173855 0.033131964504718787 -0.029204084537923333 0.23940140008926394 -0.067992143332958208 0.11959925666451456 0.063414195552468314 0.047436069697141654 0.40361779928207403 0.29090544581413275 0.28008989989757543 -0.0010280152782797811 -0.1171429120004177
decision_type=2 2 2 2 2 2 2 2 2 2 2 2 2 2
left_child=2 -2 5 -3 8 -1 7 11 -4 12 -5 -7 13 -10
right_child=1 3 4 10 -6 6 -8 -9 9 -11 -12 -13 -14 -15
leaf_value=-0.078215535500828826 0.092290461931612888 0.091184859506314775 -0.078704014211525147 0.090497555197310731 -0.079191128262015839 -0.077701015002053647 -0.078109755119933622 -0.078122085106660327 -0.078078988245291456 -0.078600664154936661 0.090699615912451167 -0.078027349485901565 -0.078108592829317744 -0.078313997190450166
leaf_weight=2.8728809952735928 4.1219481527805319 4.0544891059398642 1.6815261766314531 27.248030543327332 1.9107638709247101 21.197088666260253 3.7143492177128783 3.1648353748023501 1.8677737675607202 1.8250090405344952 4.9566337168216696 0.98625420778989692 5.4494093060493469 3.4714660793542844
leaf_count=55 21 21 29 144 33 474 73 62 37 33 26 20 107 65
internal_value=0 0.0907744 -0.0780309 0.090602 -0.078394 -0.0778466 -0.0778102 -0.0777663 -0.0782875 -0.0782319 0.0905287 -0.0777155 -0.0781696 -0.0782318
internal_weight=0 40.3811 48.1414 36.2592 16.2059 31.9354 29.0625 25.3482 14.2952 12.6137 32.2047 22.1833 10.7886 5.33924
internal_count=1200 212 988 191 304 684 629 556 271 242 170 494 209 102
is_linear=0
shrinkage=0.1


Tree=52
num_leaves=15
num_cat=0
split_feature=1 4 0 2 3 1 5 2 0 3 3 1 5 0
split_gain=20.5763 23.1503 14.3631 11.3509 13.2181 0.118657 0.100179 0.00161196 0.000936471 0.000811887 0.000748448 0.000561822 0.000203123 0.000252518
threshold=0.043034084141254432 0.36240006983280187 0.060567913576960571 -0.067992143332958208 0.063414195552468314 0.029661037027835849 0.30962596833705908 -0.030687787570059296 0.23940140008926394 -0.035849241539835923 -0.1171429120004177 0.034136299043893821 0.40361779928207403 0.0041308323852717885
decision_type=2 2 2 2 2 2 2 2 2 2 2 2 2 2
left_child=1 2 3 10 5 7 -3 -5 12 -9 -1 -4 13 -2
right_child=8 6 11 4 -6 -7 -8 9 -10 -11 -12 -13 -14 -15
leaf_value=-0.080511842624244212 -0.081733106093104801 -0.080540197619270226 -0.080499716669649002 0.085696310666979733 -0.080556461351383418 0.10635221834443101 -0.055431011769912733 0.085050858154261028 -0.082862870663597057 0.083259758123135755 -0.082997574996912904 -0.082524052881666185 -0.081613409976260987 -0.080609734338726868
leaf_weight=3.3953664973378181 2.2789669483900168 17.076234295964245 6.3489213064312917 3.0849378630518904 5.286612592637538 2.3591893538832656 1.7519831508398045 2.6601501107215801 2.6498211845755568 52.042338222265251 1.8831049650907505 1.7485741898417471 3.1620920076966277 16.404875107109547
leaf_count=40 23 200 75 23 62 16 16 20 28 437 19 16 34 191
internal_value=0 0.021418 0.0452185 0.0596651 0.0710447 0.0843697 -0.0782038 0.0834723 -0.0810875 0.0833469 -0.0813986 -0.0809369 -0.0808722 -0.0807468
internal_weight=0 97.6374 78.8092 70.7117 65.4332 60.1466 18.8282 57.7874 24.4958 54.7025 5.27847 8.0975 21.8459 18.6838
internal_count=1200 924 708 617 558 496 216 480 276 457 59 91 248 214
is_linear=0
shrinkage=0.1


Tree=53
num_leaves=15
num_cat=0
split_feature=2 2 3 1 0 3 3 2 1 4 1 5 0 1
split_gain=20.2906 36.591 2.51366 0.204149 0.416853 0.0779353 0.0315257 0.0143653 0.000186235 0.000106088 8.46402e-05 7.01883e-05 5.87057e-05 3.25144e-05
threshold=-0.067992143332958208 0.046794245019555099 -0.04310051538050174 0.22576473653316501 0.03726563788950444 0.095260202884674086 -0.094736505299806581 -0.036562610417604439 0.033131964504718787 0.30584140121936804 0.079572573304176344 0.40465421974658972 0.11959925666451456 0.012109126895666124
decision_type=2 2 2 2 2 2 2 2 2 2 2 2 2 2
left_child=6 2 -2 7 -5 -3 13 -4 9 12 -10 -7 -9 -1
right_child=1 5 3 4 -6 11 -8 8 10 -11 -12 -13 -14 -15
leaf_value=0.08755287258657031 0.022487734969398442 0.069220871347668619 -0.086184610749598059 -0.078655065475573771 -0.0051796239430264897 0.087165798866865929 0.097267103012672995 -0.077782911393928178 -0.079065677381631477 -0.078220628024056341 -0.078285007750400371 0.087676715920413012 -0.078219280195100813 0.087206057823866603
leaf_weight=3.4363646209240022 2.7033352814614764 2.7500085756182697 2.2890650182962409 2.2148888483643527 1.1853914447128771 15.369769439101221 3.9324490725994101 21.125529889017347 2.1421470008790484 10.935523606836794 3.9491180256009102 3.2589643299579611 3.6098008789122096 12.670346096158026
leaf_count=21 22 20 23 38 16 96 20 460 34 208 74 20 69 79
internal_value=0 -0.0246109 -0.0713055 -0.076649 -0.0530404 0.0849354 0.0892399 -0.0784713 -0.0780485 -0.0779613 -0.0785595 0.0872552 -0.0778466 0.0872801
internal_weight=0 71.5335 50.1548 47.4515 3.40028 21.3787 20.0392 44.0512 41.7621 35.6709 6.09127 18.6287 24.7353 16.1067
internal_count=1200 1080 944 922 54 136 120 868 845 737 108 116 529 100
is_linear=0
shrinkage=0.1


Tree=54
num_leaves=15
num_cat=0
split_feature=1 0 2 2 1 0 1 3 6 3 1 0 0 2
split_gain=17.4902 19.5055 6.71082 7.31678 1.24491 5.73953 0.320999 0.129918 0.0466225 0.0389223 0.000167437 0.00014438 0.000169632 0.000168286
threshold=0.0249448586255312 0.14293935894966128 -0.046276550740003579 0.050323812291026122 0.043034084141254432 0.060567913576960571 0.18320262432098391 -0.019614567048847672 0.022141664288938049 -0.10440003871917723 0.23105484247207644 0.050314798951148994 0.0041308323852717885 -0.016198352910578247
decision_type=2 2 2 2 2 2 2 2 2 2 2 2 2 2
left_child=1 -1 6 4 5 8 -2 -6 -4 -8 -5 12 -9 -14
right_child=2 -3 3 10 7 -7 9 11 -10 -11 -12 -13 13 -15
leaf_value=-0.077755228042971761 -0.032207171353371332 0.087718703576707968 -0.079083138824387389 -0.077920939875389394 0.067860212100802106 0.089871801577189159 -0.078064062381128396 0.088778500002305735 -0.10748081527584399 -0.10115390077219195 -0.079460080307475048 0.08886265409070436 0.088619044886521989 0.08781418465510421
leaf_weight=35.39462423324585 1.5952020771801461 8.9185065776109678 1.4279702492058262 2.5014953203499313 3.645563378930091 6.6411526501178741 1.7448356486856935 3.6671525985002615 0.97143608331680287 1.2552760653197768 0.98514968901872624 3.6743732094764701 3.4558061957359341 10.463351026177401
leaf_count=782 26 54 29 52 20 37 35 21 11 11 18 21 20 63
internal_value=0 -0.0444518 0.045595 0.0595954 0.0737643 0.041979 -0.0684528 0.0853018 -0.0905804 -0.0877251 -0.0783558 0.0882925 0.0881734 0.088014
internal_weight=0 44.3131 42.0288 37.4335 33.9468 9.04056 4.59531 24.9062 2.39941 3.00011 3.48665 21.2607 17.5863 13.9192
internal_count=1200 836 364 292 222 77 72 145 40 46 70 125 104 83
is_linear=0
shrinkage=0.1


Tree=55
num_leaves=15
num_cat=0
split_feature=4 2 1 3 0 2 1 5 2 0 2 4 3 3
split_gain=53.4358 0.00085073 0.000248111 0.000181815 0.000109612 3.01652e-05 3.00977e-05 2.82173e-05 2.56325e-05 2.88675e-05 1.90984e-05 6.71311e-06 3.88655e-06 6.34195e-06
threshold=0.56793908774852764 -0.025941736996173855 0.033131964504718787 -0.029204084537923333 0.23940140008926394 -0.067992143332958208 0.043034084141254432 0.40361779928207403 0.041809212416410453 0.11959925666451456 0.023267187178134922 0.28795985877513891 -0.0010280152782797811 -0.1171429120004177
decision_type=2 2 2 2 2 2 2 2 2 2 2 2 2 2
left_child=2 -2 5 -3 6 -1 -4 12 9 11 -5 -7 13 -8
right_child=1 3 4 10 -6 8 7 -9 -10 -11 -12 -13 -14 -15
leaf_value=-0.077785905958469029 0.089791499236521355 0.088855879168770413 -0.078346446805577064 0.088074679795036442 -0.078727277599155848 -0.077325886213224754 -0.077654790024611897 -0.078197658525934494 -0.077692113010786074 -0.077664024716071769 0.088321668361326808 -0.077618696816430841 -0.07768872159725293 -0.077897228078062819
leaf_weight=2.5147340260446098 3.6958060562610617 3.6381983309984198 1.1875794753432263 25.112449958920482 1.6816760897636402 18.194548953324567 1.6281782500445841 1.6644660495221604 3.099831096827983 3.1795402057468882 3.5766002386808387 0.81818937510251899 4.8522613719105738 3.198958564549681
leaf_count=55 21 21 23 149 33 468 37 34 70 72 21 19 109 68
internal_value=0 0.0883542 -0.0776293 0.0881899 -0.0779692 -0.0774556 -0.0778675 -0.0778173 -0.0774228 -0.0773851 0.0881055 -0.0773385 -0.0777519 -0.0778155
internal_weight=0 36.0231 42.02 32.3272 14.2131 27.8068 12.5314 11.3439 25.2921 22.1923 28.6891 19.0127 9.6794 4.82714
internal_count=1200 212 988 191 304 684 271 248 629 559 170 487 214 105
is_linear=0
shrinkage=0.1


Tree=56
num_leaves=15
num_cat=0
split_feature=1 4 0 3 3 1 3 1 2 0 1 4 5 0
split_gain=17.6838 19.7925 12.1285 9.64996 11.2299 0.104012 0.0993424 0.00339976 0.00111028 0.000778966 0.000363267 0.000242486 0.000184667 0.000197606
threshold=0.043034084141254432 0.56793908774852764 0.060567913576960571 0.063414195552468314 -0.066597066819667802 0.029661037027835849 -0.035849241539835923 0.016994151286780838 -0.030687787570059296 0.23940140008926394 0.034136299043893821 0.27219085395336157 0.40361779928207403 0.0041308323852717885
decision_type=2 2 2 2 2 2 2 2 2 2 2 2 2 2
left_child=1 2 3 4 7 6 -6 -1 -8 12 -4 -10 13 -2
right_child=9 -3 10 -5 5 -7 8 -9 11 -11 -12 -13 -14 -15
leaf_value=-0.079777094254701295 -0.080877558764436364 -0.079756425139440104 -0.079705097404975486 -0.07977197030744819 0.063288779549420859 0.10373453758230854 0.084235623913426552 -0.085616076392243834 0.082015758529120825 -0.082009682193094735 -0.081443034438540701 0.083048344024523407 -0.080828987868446334 -0.07981903889439422
leaf_weight=3.0724423080682746 2.0106652304530241 15.845562517642973 5.539654739201068 4.7019104957580558 2.9528689011931339 2.1129338666796675 2.4950209558010021 1.476335361599922 43.57848428934814 2.341174751520156 1.5362281352281568 2.3994540721178046 2.7922643050551406 14.353277549147604
leaf_count=41 23 212 75 63 24 16 21 17 418 28 16 21 34 191
internal_value=0 0.0211479 0.0440331 0.05802 0.0691736 0.0819898 0.0810963 -0.0816722 0.0821811 -0.0802878 -0.0800824 0.0820696 -0.0800774 -0.0799491
internal_weight=0 85.7109 69.8653 62.7895 58.0875 53.5388 51.4258 4.54878 48.473 21.4974 7.07588 45.9779 19.1562 16.3639
internal_count=1200 924 712 621 558 500 484 58 460 276 91 439 248 214
is_linear=0
shrinkage=0.1


Tree=57
num_leaves=15
num_cat=0
split_feature=2 2 3 2 3 3 1 4 5 1 0 1 0 1
split_gain=17.174 31.0247 3.10241 0.228163 0.090563 0.0205939 0.000226736 7.46641e-05 4.60441e-05 4.23404e-05 4.00645e-05 1.69221e-05 1.78788e-05 1.54793e-05
threshold=-0.067992143332958208 0.046794245019555099 -0.048458371311426156 -0.039751833304762833 0.095260202884674086 -0.094736505299806581 0.033131964504718787 0.30584140121936804 0.40465421974658972 0.043034084141254432 0.031122008338570598 0.27393272519111639 0.03726563788950444 0.20828685909509662
decision_type=2 2 2 2 2 2 2 2 2 2 2 2 2 2
left_child=5 2 -2 -4 -3 13 7 10 -6 -8 -5 12 -11 -1
right_child=1 4 3 6 8 -7 9 -9 -10 11 -12 -13 -14 -15
leaf_value=0.085491961379082007 0.049578222440796738 0.06511217437605718 -0.043300726907047588 -0.07740254865269397 0.085300509645993491 0.0939584870671724 -0.078707336299381619 -0.077791558051636026 0.085740369326719218 -0.07786187786654325 -0.077775293102629206 -0.078399759772360161 -0.07823299431908394 0.085256519211818454
leaf_weight=10.468595534563066 2.0631054043769828 2.5459741912782219 2.0278440862894049 18.518066480755813 13.588460072875025 3.5308963954448691 1.1834072694182376 9.8896171525120717 2.8851168602704993 3.7900479771196842 3.4154708236455908 1.2141250222921369 1.9743681214749811 3.8082595616579047
leaf_count=73 12 20 17 463 96 20 21 215 20 81 75 22 38 27
internal_value=0 -0.0240822 -0.0701453 -0.0760245 0.0826648 0.0871203 -0.077684 -0.0775634 0.0853775 -0.0781542 -0.0774606 -0.0780605 -0.077989 0.0854292
internal_weight=0 63.0956 44.0761 42.0129 19.0196 17.8078 39.9851 31.8232 16.4736 8.16195 21.9335 6.97854 5.76442 14.2769
internal_count=1200 1080 944 932 136 120 915 753 116 162 538 141 119 100
is_linear=0
shrinkage=0.1


Tree=58
num_leaves=15
num_cat=0
split_feature=1 0 3 2 2 1 0 0 2 3 1 7 3 4
split_gain=14.8247 16.7308 5.92761 6.09655 1.30603 1.21492 4.17543 0.17369 0.0046403 0.00038337 0.000143292 6.92555e-05 5.00917e-05 4.87976e-05
threshold=0.0249448586255312 0.14293935894966128 -0.048458371311426156 0.050323812291026122 -0.046276550740003579 0.043034084141254432 0.11087276041507722 0.015132843051105739 -0.11679680645465849 -0.01538082445040345 0.23105484247207644 0.89836958050727855 0.0068240247201174506 0.36240006983280187
decision_type=2 2 2 2 2 2 2 2 2 2 2 2 2 2
left_child=1 13 8 4 -4 6 7 -6 -2 -7 -5 12 -11 -1
right_child=2 -3 3 10 5 9 -8 -9 -10 11 -12 -13 -14 -15
leaf_value=-0.077295755615900907 -0.077656152283791247 0.085769312256108815 -0.03594350774605861 -0.077521332804343396 -0.094485008803007225 0.087359060973707714 0.087236021727890883 -0.039148278047303073 -0.08566204753260083 0.08599318736083153 -0.079039992016918595 0.08667536651358862 0.086363195832214718 -0.077574416968550053
leaf_weight=21.99473645538092 2.4592380411922936 7.8983245342969886 1.1167158335447336 2.1815264672040935 1.3693297356367131 3.8353442251682308 5.6766165345907211 0.96832473576068867 1.0260364674031723 7.8640652447938937 0.86871223524212826 3.250862553715705 6.8422678411006927 8.7977193854749185
leaf_count=576 56 54 4 52 26 24 36 15 14 53 18 21 45 206
internal_value=0 -0.0440711 0.0441851 0.0569262 0.0702305 0.0742083 0.0409165 -0.0715629 -0.080013 0.0864515 -0.0779538 0.0862577 0.0861653 -0.0773754
internal_weight=0 38.6908 37.459 33.9738 30.9235 29.8068 8.01427 2.33765 3.48527 21.7925 3.05024 17.9572 14.7063 30.7925
internal_count=1200 836 364 294 224 220 77 41 70 143 70 119 98 782
is_linear=0
shrinkage=0.1


Tree=59
num_leaves=15
num_cat=0
split_feature=4 2 1 3 0 5 1 5 2 2 0 4 3 3
split_gain=45.7075 0.000529798 0.000193578 0.000186208 9.1232e-05 2.88779e-05 2.45051e-05 2.59345e-05 1.94482e-05 1.74739e-05 1.87236e-05 7.68179e-06 3.90892e-06 5.94735e-06
threshold=0.56793908774852764 -0.025941736996173855 0.033131964504718787 -0.029204084537923333 0.23940140008926394 0.29090544581413275 0.043034084141254432 0.40361779928207403 -0.067992143332958208 0.041809212416410453 0.11959925666451456 0.28795985877513891 -0.0010280152782797811 -0.1171429120004177
decision_type=2 2 2 2 2 2 2 2 2 2 2 2 2 2
left_child=2 -2 8 -3 6 -5 -4 12 -1 10 11 -10 13 -8
right_child=1 3 4 5 -6 -7 7 -9 9 -11 -12 -13 -14 -15
leaf_value=-0.077402050971469044 0.087537066106716077 0.086909418310925246 -0.077964253083243548 0.086060295337856668 -0.078339629764748925 0.086354656792218543 -0.077288654865459508 -0.077843212581452687 -0.07700109624637741 -0.077327555915047197 -0.0772967915182219 -0.077333875351813311 -0.07731977120400553 -0.077539867301107068
leaf_weight=2.188419625163081 3.2882532030344036 3.2529482096433702 1.0449063964188088 21.50182831287384 1.4816628657281388 3.9440781772136679 1.4169182293117044 1.4673651382327069 15.784879399463541 2.703194845467805 2.7672830298542967 0.72555000707507211 4.2263624295592326 2.8141408935189212
leaf_count=55 21 21 23 144 33 26 37 34 468 70 72 19 109 68
internal_value=0 0.0863348 -0.0772828 0.086197 -0.0776031 0.0861059 -0.0775036 -0.0774551 -0.0771178 -0.0770895 -0.0770561 -0.0770157 -0.0773878 -0.0774557
internal_weight=0 31.9871 36.6207 28.6989 12.4514 25.4459 10.9697 9.92479 24.1693 21.9809 19.2777 16.5104 8.45742 4.23106
internal_count=1200 212 988 191 304 170 271 248 684 629 559 487 214 105
is_linear=0
shrinkage=0.1


Tree=60
num_leaves=15
num_cat=0
split_feature=1 4 0 2 3 5 1 2 3 5 3 1 3 2
split_gain=15.2058 16.9241 10.4896 8.32605 9.64215 0.0913251 0.074408 0.000722857 0.000845737 0.000662077 0.000652922 0.000271032 0.000188394 0.000448494
threshold=0.043034084141254432 0.36240006983280187 0.060567913576960571 -0.067992143332958208 0.063414195552468314 0.30962596833705908 0.029661037027835849 -0.030687787570059296 -0.035849241539835923 0.35904835164546972 -0.11122180148959158 0.034136299043893821 -0.012090325355529783 -0.067992143332958208
decision_type=2 2 2 2 2 2 2 2 2 2 2 2 2 2
left_child=1 2 3 10 6 -3 7 -5 -9 -2 -1 -4 13 -11
right_child=9 5 11 4 -6 -7 -8 8 -10 12 -12 -13 -14 -15
leaf_value=-0.079026118553198965 -0.081342307175286677 -0.079060917473996906 -0.079029085974931412 0.082893012752653247 -0.07909601312436032 -0.052510690667678418 0.10143189222202008 0.083036540870735129 0.08100597084667592 -0.079175773058806173 -0.081722714262564528 -0.080628905659752323 -0.079143532662193095 -0.080932368345663308
leaf_weight=2.7030038610100746 1.9550195112824464 12.989987112581728 4.8245980888605109 2.4040101692080418 4.0368003994226447 1.4390744417905796 1.8964216336607922 2.1621265411376873 39.965205602347865 3.8613484352827072 1.3445432968437661 1.356754273176193 10.665053121745583 2.3308915495872542
leaf_count=42 26 200 75 23 62 16 16 20 437 59 17 16 162 29
internal_value=0 0.0209333 0.0440761 0.0580753 0.0691435 -0.0764129 0.0820326 0.0812064 0.0811102 -0.0796003 -0.0799219 -0.0793802 -0.0793983 -0.079837
internal_weight=0 75.1225 60.6935 54.5121 50.4646 14.4291 46.4278 44.5313 42.1273 18.8123 4.04755 6.18135 16.8573 6.19224
internal_count=1200 924 708 617 558 216 496 480 457 276 59 91 250 88
is_linear=0
shrinkage=0.1


Tree=61
num_leaves=15
num_cat=0
split_feature=2 2 3 2 3 3 3 1 4 1 4 0 1 1
split_gain=14.6137 26.3551 4.47952 0.251678 0.103243 0.0162018 0.00111779 0.000147057 4.7586e-05 4.37779e-05 2.92767e-05 2.53491e-05 1.31092e-05 1.00152e-05
threshold=-0.067992143332958208 0.046794245019555099 -0.080127414315938936 -0.039751833304762833 0.095260202884674086 -0.094736505299806581 -0.039575660601258271 0.033131964504718787 0.30584140121936804 0.043034084141254432 0.003399249399080873 0.031122008338570598 0.27393272519111639 0.012109126895666124
decision_type=2 2 2 2 2 2 2 2 2 2 2 2 2 2
left_child=5 2 -2 -4 -3 13 -5 8 11 -9 -6 -8 -11 -1
right_child=1 4 3 6 10 -7 7 9 -10 12 -12 -13 -14 -15
leaf_value=0.0840172247443709 0.11312445674445865 0.061235738865666779 -0.040047849350235171 -0.080057740141450187 0.084116283805788603 0.091828152983224456 -0.077056707491966053 -0.078308036838980577 -0.077393790269395316 -0.077537366224890603 0.083742632844830578 -0.077379538235042455 -0.077925656897573969 0.083799301373946242
leaf_weight=2.6804442182183257 1.3026211261749256 2.3552384674549129 1.8982203938066948 1.5395876094698895 2.5425036624073973 3.1874569803476325 15.624160811305051 1.0456414744257916 8.4142366982996446 4.8898318186402321 11.96638213098049 2.8807243779301634 1.057534512132406 9.8900859951972944
leaf_count=21 5 20 17 26 20 20 452 21 211 117 96 73 22 79
internal_value=0 -0.0236547 -0.0691654 -0.0755229 0.0806557 0.0854604 -0.0774224 -0.0773028 -0.0771966 -0.0777113 0.0838081 -0.077107 -0.0776064 0.0838458
internal_weight=0 55.5167 38.6526 37.3499 16.8641 15.758 35.4517 33.9121 26.9191 6.99301 14.5089 18.5049 5.94737 12.5705
internal_count=1200 1080 944 939 136 120 922 896 736 160 116 525 139 100
is_linear=0
shrinkage=0.1


Tree=62
num_leaves=15
num_cat=0
split_feature=1 0 3 2 2 1 0 3 2 3 1 0 0 4
split_gain=12.5677 14.3636 5.0665 5.17265 1.20421 1.05009 3.54189 0.169923 0.0041895 0.000243252 0.00012096 4.95569e-05 6.43634e-05 3.21827e-05
threshold=0.0249448586255312 0.14293935894966128 -0.048458371311426156 0.050323812291026122 -0.046276550740003579 0.043034084141254432 0.11087276041507722 0.0045724199153482923 -0.11023447662591933 -0.01538082445040345 0.23105484247207644 0.0041308323852717885 0.039608936756849296 0.36240006983280187
decision_type=2 2 2 2 2 2 2 2 2 2 2 2 2 2
left_child=1 13 8 4 -4 6 7 -6 -2 -7 -5 -11 -13 -1
right_child=2 -3 3 10 5 9 -8 -9 -10 11 -12 12 -14 -15
leaf_value=-0.076977141082018696 -0.077280851372564768 0.084146678777905271 -0.034604147237650061 -0.077176598083550291 -0.093210432728061343 0.085483476997983532 0.085381407689795991 -0.03549686977986815 -0.085524159227781338 0.084925551661141865 -0.078665712354028708 0.084316539322796577 0.084796520466612846 -0.07721982728247509
leaf_weight=19.094745270907882 2.2076713442802434 6.9680431932210913 1.0916790813207686 1.8999420851469033 1.2286763284355431 3.3943800330162146 5.0223502591252327 0.87235135026276101 0.85543486848473449 2.8849682062864224 0.76517534628510464 8.894460476934908 4.0731602460145941 7.6548276580870143
leaf_count=576 58 54 4 52 26 24 36 15 12 21 18 68 30 206
internal_value=0 -0.0437346 0.0429483 0.0554063 0.0683146 0.0725753 0.0397738 -0.0692476 -0.079583 0.0847152 -0.0776041 0.0845507 0.0844673 -0.0770466
internal_weight=0 33.7176 33.1902 30.1271 27.462 26.3703 7.12338 2.10103 3.06311 19.247 2.66512 15.8526 12.9676 26.7496
internal_count=1200 836 364 294 224 220 77 41 70 143 70 119 98 782
is_linear=0
shrinkage=0.1


Tree=63
num_leaves=15
num_cat=0
split_feature=4 2 3 1 0 2 1 5 2 2 0 4 2 3
split_gain=39.1443 0.000381966 0.000192797 0.000151857 7.6606e-05 3.11395e-05 2.21919e-05 2.45329e-05 1.21724e-05 1.2007e-05 1.21804e-05 5.32312e-06 3.2964e-06 1.15708e-05
threshold=0.56793908774852764 -0.025941736996173855 -0.029204084537923333 0.033131964504718787 0.23940140008926394 0.023267187178134922 0.043034084141254432 0.40361779928207403 -0.067992143332958208 0.041809212416410453 0.11959925666451456 0.28795985877513891 -0.021102542988955971 -0.1171429120004177
decision_type=2 2 2 2 2 2 2 2 2 2 2 2 2 2
left_child=3 -2 -3 8 6 -4 -5 12 -1 10 11 -10 13 -8
right_child=1 2 5 4 -6 -7 7 -9 9 -11 -12 -13 -14 -15
leaf_value=-0.077066648449601774 0.085738125536286167 0.085297597731744182 0.084386151150442637 -0.077653983083430536 -0.078004478289998069 0.084741194599087674 -0.076973564389820157 -0.077539957403945495 -0.076723395459561083 -0.077012654128859728 -0.076979706452133173 -0.077020281169057458 -0.077024876123655966 -0.077445816670901807
leaf_weight=1.8997543025761903 2.9171999990940121 2.8970794528722825 19.6374871134758 0.92231083661317725 1.304544124752282 2.8257640153169623 1.2318500969558956 1.2918544411659239 13.690520174801353 2.3544491361826649 2.4048793576657763 0.63180165365338403 5.2387952245771894 0.89631746336817464
leaf_count=55 21 21 149 23 33 21 37 34 468 70 72 19 154 23
internal_value=0 0.0846545 0.0845298 -0.0769825 -0.0772856 0.0844308 -0.0771877 -0.077138 -0.0768253 -0.0768012 -0.0767715 -0.0767365 -0.0770675 -0.0771725
internal_weight=0 28.2775 25.3603 31.8671 10.8857 22.4633 9.58113 8.65882 20.9814 19.0817 16.7272 14.3223 7.36696 2.12817
internal_count=1200 212 191 988 304 170 271 248 684 629 559 487 214 60
is_linear=0
shrinkage=0.1


Tree=64
num_leaves=15
num_cat=0
split_feature=1 4 0 3 2 4 1 5 2 3 3 1 7 5
split_gain=13.0652 14.5001 8.88778 7.06259 8.22577 0.110718 0.0610032 0.000585046 0.000560313 0.000543154 0.00042704 0.000207031 0.000153388 6.55459e-05
threshold=0.043034084141254432 0.56793908774852764 0.060567913576960571 0.063414195552468314 -0.067992143332958208 0.28795985877513891 0.029661037027835849 0.35904835164546972 -0.030687787570059296 -0.035849241539835923 -0.11122180148959158 0.034136299043893821 0.91211363673210155 0.40408973395824438
decision_type=2 2 2 2 2 2 2 2 2 2 2 2 2 2
left_child=1 2 3 4 10 6 8 -2 -6 -10 -1 -4 13 -9
right_child=7 -3 11 -5 5 -7 -8 12 9 -11 -12 -13 -14 -15
leaf_value=-0.078450604059439544 -0.080737624619734757 -0.078497984765257919 -0.078452724291660475 -0.078527994810398308 0.08191740467168257 0.056331080462455489 0.10008474264956911 -0.078561896422625829 0.081859532727170836 0.080118794957599798 -0.080787200191979061 -0.079943986186313404 -0.079616947396536575 -0.079161333755115346
leaf_weight=2.3506356291472916 1.727878332138064 12.027947545051573 4.194911651313304 3.5810784175992003 2.0352179259061733 1.8879413604736317 1.6264071986079205 10.53032413870096 1.8931863754987635 33.699994377791896 1.1722283698618401 1.1964823082089422 1.955551616847514 2.2063350565731517
leaf_count=42 26 212 75 63 22 19 15 184 20 423 17 16 30 36
internal_value=0 0.0207349 0.0429871 0.0565946 0.0674281 0.0799856 0.0811232 -0.078997 0.0803037 0.0802114 -0.0792281 -0.0787837 -0.0787923 -0.0786657
internal_weight=0 65.666 53.6381 48.2467 44.6656 41.1427 39.2548 16.4201 37.6284 35.5932 3.52286 5.39139 14.6922 12.7367
internal_count=1200 924 712 621 558 499 480 276 465 443 59 91 250 220
is_linear=0
shrinkage=0.1


Tree=65
num_leaves=15
num_cat=0
split_feature=2 3 3 2 2 3 3 2 1 1 4 0 3 1
split_gain=12.4272 22.5296 3.86244 0.27274 0.11956 0.0115965 0.00064176 0.000141674 0.000105337 4.01536e-05 3.43751e-05 1.32565e-05 8.6325e-06 8.47941e-06
threshold=-0.067992143332958208 0.04514789022505284 -0.080127414315938936 -0.039751833304762833 0.079016808420419707 -0.094736505299806581 -0.038211543112993233 0.041809212416410453 0.033131964504718787 0.043034084141254432 0.34059986472129827 0.031122008338570598 0.11838778108358385 0.27393272519111639
decision_type=2 2 2 2 2 2 2 2 2 2 2 2 2 2
left_child=5 2 -2 -4 -3 -1 -5 8 10 -10 11 -8 -6 -11
right_child=1 4 3 6 12 -7 7 -9 9 13 -12 -13 -14 -15
leaf_value=0.082521935147306186 0.10702880801733645 0.054340754914655592 -0.036873978489784388 -0.079118493095147277 0.082640390887789572 0.089681787895417142 -0.076760114310646638 -0.078433212263214952 -0.077959863558492659 -0.077182200965503669 -0.077066510943999356 -0.077015268256338754 0.08243265358201729 -0.077517662459509071
leaf_weight=11.034705348312853 1.2100223898887623 1.7065350376069535 1.7812562733888544 1.5259008891880466 2.4593913033604613 2.8454518243670455 13.212620360776805 0.68779288232326408 0.92246495559811492 4.1706122793257236 6.9696151986718169 2.407197378575801 10.717408806085585 0.91964472457766522
leaf_count=100 5 20 17 31 22 20 443 14 21 115 201 71 98 22
internal_value=0 -0.023274 -0.0684076 -0.0749199 0.0792459 0.0839897 -0.0771191 -0.077015 -0.0769808 -0.0773528 -0.0768818 -0.0767994 0.0824714 -0.0772428
internal_weight=0 48.6905 33.8071 32.5971 14.8833 13.8802 30.8158 29.2899 28.6022 6.01272 22.5894 15.6198 13.1768 5.09026
internal_count=1200 1080 940 935 140 120 918 887 873 158 715 514 120 137
is_linear=0
shrinkage=0.1


Tree=66
num_leaves=15
num_cat=0
split_feature=1 0 3 2 2 1 0 0 2 3 1 0 0 2
split_gain=10.6837 12.3393 4.2981 4.39626 1.11314 0.910092 3.00472 0.164792 0.00284224 0.000152625 0.000100918 3.42818e-05 5.19148e-05 3.4128e-05
threshold=0.0249448586255312 0.14293935894966128 -0.048458371311426156 0.050323812291026122 -0.046276550740003579 0.043034084141254432 0.11087276041507722 0.015132843051105739 -0.11023447662591933 -0.016354064457118508 0.23105484247207644 0.0041308323852717885 0.050314798951148994 -0.016050060279667374
decision_type=2 2 2 2 2 2 2 2 2 2 2 2 2 2
left_child=1 -1 8 4 -4 6 7 -6 -2 -7 -5 -11 13 -13
right_child=2 -3 3 10 5 9 -8 -9 -10 11 -12 12 -14 -15
leaf_value=-0.076764711824476445 -0.07696390764400135 0.082786024312366702 -0.033309675896374229 -0.076879302729582669 -0.092092294802383859 0.083961914238179947 0.083829712844541604 -0.032274161812671918 -0.084207596488778 0.083465205735144696 -0.078331634675345152 0.083276722444218979 0.083460646968842228 0.082836883738929515
leaf_weight=23.213065041229132 1.9165349900722506 6.1265011429786673 1.0662896037101806 1.6528456751257175 1.0911205913871551 2.6251866072416439 4.4265695363283157 0.79689884185791005 0.75509340502321975 2.5451873093843345 0.67337013036012638 2.3762495294213393 2.5412927120923987 6.8479826226830367
leaf_count=782 58 54 4 52 26 21 36 15 12 21 18 20 21 60
internal_value=0 -0.0434483 0.0419092 0.0540345 0.0665984 0.0711802 0.0387792 -0.0668441 -0.0790112 0.083261 -0.0772997 0.0831324 0.0830604 0.0829502
internal_weight=0 29.3396 29.3146 26.643 24.3168 23.2505 6.31459 1.88802 2.67163 16.9359 2.32622 14.3107 11.7655 9.22423
internal_count=1200 836 364 294 224 220 77 41 70 143 70 122 101 80
is_linear=0
shrinkage=0.1


Tree=67
num_leaves=15
num_cat=0
split_feature=4 2 3 1 5 2 3 5 7 4 2 2 0 4
split_gain=33.554 0.000286823 0.000116103 0.00011479 6.65605e-05 3.39685e-05 1.75623e-05 2.2657e-05 1.89851e-05 2.49737e-05 7.64962e-06 8.02799e-06 8.09064e-06 5.57184e-06
threshold=0.56793908774852764 -0.025941736996173855 -0.029204084537923333 0.034136299043893821 0.35904835164546972 0.023267187178134922 0.0045724199153482923 0.40361779928207403 0.87483727931976329 0.094456605613231673 -0.067992143332958208 0.041809212416410453 0.11087276041507722 0.28795985877513891
decision_type=2 2 2 2 2 2 2 2 2 2 2 2 2 2
left_child=3 -2 -3 10 -5 -4 7 8 -6 -10 -1 12 13 -12
right_child=1 2 5 4 6 -7 -8 -9 9 -11 11 -13 -14 -15
leaf_value=-0.076779442961447522 0.084233695171101478 0.083755100072229124 0.082988488372717439 -0.077770187126761967 -0.076784643556848442 0.083382865190763322 -0.076750587171148354 -0.077571395706336005 -0.076830969706218152 -0.077661812554105022 -0.076483898840304973 -0.076740739802960034 -0.076708559601590925 -0.076807203577531319
leaf_weight=1.6770948208868564 2.5807636901736286 2.5513750165700975 17.280660904943943 1.0165636707097281 2.5196126289665686 2.4999623820185652 3.7003119681030512 0.68980545923113812 0.73654742352664448 0.71102584898471832 11.88444883748889 2.0486090034246436 2.1480753384530535 0.55808990262448865
leaf_count=56 21 21 149 29 84 21 125 19 24 19 469 70 74 19
internal_value=0 0.0832356 0.0831202 -0.0767215 -0.0770061 0.0830383 -0.0769132 -0.0770424 -0.0769505 -0.0772391 -0.0765759 -0.0765554 -0.0765293 -0.0764984
internal_weight=0 24.9128 22.332 27.6902 9.37387 19.7806 8.3573 4.65699 3.96719 1.44757 18.3163 16.6392 14.5906 12.4425
internal_count=1200 212 191 988 300 170 271 146 127 43 688 632 562 488
is_linear=0
shrinkage=0.1


Tree=68
num_leaves=15
num_cat=0
split_feature=1 4 0 3 3 2 1 2 5 3 4 1 7 5
split_gain=11.2415 12.418 7.61989 6.04619 7.07853 0.0723193 0.048874 0.00222288 0.000516951 0.000267137 0.000163596 0.000161928 0.000129214 4.7187e-05
threshold=0.043034084141254432 0.56793908774852764 0.060567913576960571 0.063414195552468314 -0.066597066819667802 -0.029549477621912953 0.029661037027835849 -0.1223110221326351 0.35904835164546972 -0.033367959782481187 0.27636989951133734 0.034136299043893821 0.91211363673210155 0.40408973395824438
decision_type=2 2 2 2 2 2 2 2 2 2 2 2 2 2
left_child=1 2 3 4 7 -6 9 -1 -2 -7 -11 -4 13 -10
right_child=8 -3 11 -5 5 6 -8 -9 12 10 -12 -13 -14 -15
leaf_value=-0.077984201047214152 -0.080222217179153635 -0.07800014575412062 -0.077960504655160273 -0.078035043691874639 0.062854523020385342 0.080647636541740675 0.098614746284208812 -0.083768192402869757 -0.078055764159614724 0.079381845549904184 0.080468248378237323 -0.079367970082255657 -0.079083490363641443 -0.078600570790633512
leaf_weight=2.0580249615013604 1.5269649475812901 10.448409058153628 3.6420525200664988 3.1163811348378649 2.5562771633267323 1.9309389889240183 1.3969899304211129 0.98125192523001814 9.149275027215479 28.685105409473206 1.456462837755679 1.0539790280163286 1.713903784751891 1.9241152964532364
leaf_count=42 26 212 75 63 31 24 14 16 184 413 18 16 30 36
internal_value=0 0.020584 0.0425572 0.0560095 0.0667028 0.0790667 0.0803049 -0.0798516 -0.0784832 0.0795074 0.0794343 -0.0782764 -0.0782755 -0.0781504
internal_weight=0 57.3259 46.8775 42.1814 39.0651 36.0258 33.4695 3.03928 14.3143 32.0725 30.1416 4.69603 12.7873 11.0734
internal_count=1200 924 712 621 558 500 469 58 276 455 431 91 250 220
is_linear=0
shrinkage=0.1


Tree=69
num_leaves=15
num_cat=0
split_feature=2 2 3 1 5 2 4 3 2 0 3 1 1 4
split_gain=10.5766 19.1909 3.32977 0.446144 0.98373 0.0939673 0.0116133 0.0108546 0.0106414 0.0056408 0.000434162 4.89617e-05 4.2272e-05 2.17018e-05
threshold=-0.067992143332958208 0.055192198604345329 -0.080127414315938936 0.22576473653316501 0.40181677043437963 0.041809212416410453 0.20198833942413333 -0.087906856089830385 -0.039751833304762833 0.21956295520067218 -0.038211543112993233 0.034136299043893821 0.045598378404974944 0.30584140121936804
decision_type=2 2 2 2 2 2 2 2 2 2 2 2 2 2
left_child=7 2 -2 5 -5 8 9 -1 -4 -3 -10 13 -13 -12
right_child=1 6 3 4 -6 -7 -8 -9 10 -11 11 12 -14 -15
leaf_value=0.081400423380956655 0.10276029099248035 0.081379672464523878 -0.085889126114251466 -0.077091567719845655 0.060226587843747827 -0.038820544741401015 0.074016835451441609 0.089366514688723225 -0.078580456417952402 0.087348949722725694 -0.07656100933668715 -0.077649382121075125 -0.076835088822535383 -0.076785406544479323
leaf_weight=10.132140234112738 1.1240415573120106 8.6660816520452482 1.355383999645716 1.5447680447250598 0.78773187659680832 0.65179993584751983 1.9194119349122036 2.0579267740249625 1.2815158125013209 1.9368736445903767 13.790726849809294 0.85919992811977808 2.4708842821419239 6.2689943425357333
leaf_count=105 5 90 16 45 11 14 20 15 30 18 521 22 80 208
internal_value=0 -0.0228759 -0.0661132 -0.0726562 -0.0307165 -0.076323 0.0811744 0.0827453 -0.0772622 0.0824701 -0.0767883 -0.0766901 -0.0770452 -0.0766311
internal_weight=0 42.6574 30.135 29.011 2.3325 26.6785 12.5224 12.1901 26.0267 10.603 24.6713 23.3898 3.33008 20.0597
internal_count=1200 1080 952 947 56 891 128 120 877 108 861 831 102 729
is_linear=0
shrinkage=0.1


Tree=70
num_leaves=15
num_cat=0
split_feature=1 0 3 2 2 1 0 0 2 3 1 0 0 2
split_gain=9.07967 10.6125 3.64716 3.73954 1.03084 0.792237 2.55165 0.156623 0.00190961 9.97442e-05 8.49227e-05 2.08356e-05 3.15677e-05 2.6354e-05
threshold=0.0249448586255312 0.14293935894966128 -0.048458371311426156 0.050323812291026122 -0.046276550740003579 0.043034084141254432 0.11087276041507722 0.015132843051105739 -0.11023447662591933 -0.018261557444930073 0.23105484247207644 0.0041308323852717885 0.050314798951148994 -0.016198352910578247
decision_type=2 2 2 2 2 2 2 2 2 2 2 2 2 2
left_child=1 -1 8 4 -4 6 7 -6 -2 -7 -5 -11 13 -13
right_child=2 -3 3 10 5 9 -8 -9 -10 11 -12 12 -14 -15
leaf_value=-0.076520911321687909 -0.076690788302905724 0.081647189793941921 -0.0320578339942338 -0.076620422238893426 -0.090846582003042589 0.082655258642643364 0.08252610505199369 -0.029553141874061425 -0.083033006529327436 0.082202894805022561 -0.078042663651224989 0.082081600311542713 0.082199883756039926 0.081670323152763361
leaf_weight=20.123629696667198 1.6617325302213433 5.3751736208796492 1.0409758388996184 1.4347816202789538 0.96518935263157135 2.1995903253555396 3.8890126645565033 0.73388368263840675 0.6646293923258807 2.2325208559632186 0.59349823929369439 2.092934422194964 2.2292269915342322 6.0962003618478695
leaf_count=782 58 54 4 52 26 20 36 15 12 21 18 20 21 61
internal_value=0 -0.0431789 0.0409366 0.0527564 0.0650126 0.0699566 0.0378613 -0.064372 -0.0785027 0.0820337 -0.0770366 0.0819257 0.0818663 0.0817754
internal_weight=0 25.4988 25.8342 23.5078 21.4795 20.4386 5.58809 1.69907 2.32636 14.8505 2.02828 12.6509 10.4184 8.18913
internal_count=1200 836 364 294 224 220 77 41 70 143 70 123 102 81
is_linear=0
shrinkage=0.1


Tree=71
num_leaves=15
num_cat=0
split_feature=4 2 1 3 5 2 3 5 7 4 2 2 0 4
split_gain=28.7667 0.000223202 8.79573e-05 7.40259e-05 6.16332e-05 2.13296e-05 1.38125e-05 1.99817e-05 1.47353e-05 1.98868e-05 4.89353e-06 5.46728e-06 5.1976e-06 4.60845e-06
threshold=0.56793908774852764 -0.025941736996173855 0.034136299043893821 -0.029204084537923333 0.35904835164546972 0.023267187178134922 0.0045724199153482923 0.40361779928207403 0.87483727931976329 0.094456605613231673 -0.067992143332958208 0.041809212416410453 0.11087276041507722 0.28795985877513891
decision_type=2 2 2 2 2 2 2 2 2 2 2 2 2 2
left_child=2 -2 10 -3 -4 -5 7 8 -6 -10 -1 12 13 -12
right_child=1 3 4 5 6 -7 -8 -9 9 -11 11 -13 -14 -15
leaf_value=-0.07653331819639432 0.082963004668580698 0.08245780359616306 -0.077542374320385285 0.081804689415869256 -0.076537894409847929 0.082138390776283307 -0.07651066157779679 -0.077316676439451643 -0.076574341624751213 -0.077368178570446186 -0.076276701747713199 -0.07650489148777756 -0.076471967381427502 -0.076589568542729636
leaf_weight=1.4536328185349692 2.2760942205786732 2.2395912930369439 0.90112712047993948 15.148210421204565 2.1852429695427422 2.1926911473274222 3.2117352541536093 0.60829067975282658 0.63795986026525475 0.62448376603424549 10.279557397589087 1.7799976933747519 1.8620505556464184 0.49339690990746099
leaf_count=56 21 21 29 149 84 21 125 19 24 19 469 70 74 19
internal_value=0 0.0820257 -0.0764957 0.0819168 -0.0767623 0.0818469 -0.0766656 -0.0767883 -0.076695 -0.076967 -0.0763584 -0.0763408 -0.0763177 -0.076291
internal_weight=0 21.8566 24.0375 19.5805 8.16884 17.3409 7.26771 4.05598 3.44769 1.26244 15.8686 14.415 12.635 10.773
internal_count=1200 212 988 191 300 170 271 146 127 43 688 632 562 488
is_linear=0
shrinkage=0.1


Tree=72
num_leaves=15
num_cat=0
split_feature=1 4 0 3 2 4 1 5 0 2 3 1 7 5
split_gain=9.65535 10.6275 6.53228 5.18604 6.06603 0.119416 0.0344396 0.00037456 0.000334669 0.000306307 0.000218622 0.000129682 9.91384e-05 3.27709e-05
threshold=0.043034084141254432 0.56793908774852764 0.060567913576960571 0.063414195552468314 -0.067992143332958208 0.29579898715019232 0.029661037027835849 0.35951606929302221 0.016079904511570934 -0.030687787570059296 -0.035849241539835923 0.034136299043893821 0.91211363673210155 0.40408973395824438
decision_type=2 2 2 2 2 2 2 2 2 2 2 2 2 2
left_child=1 2 3 4 8 6 9 -2 -1 -6 -11 -4 13 -9
right_child=7 -3 11 -5 5 -7 -8 12 -10 10 -12 -13 -14 -15
leaf_value=-0.077541994153727034 -0.079527259865367406 -0.077574435644713724 -0.077539988415080377 -0.077627452449096079 0.080250641627264169 0.048745125849600342 0.095465335694565889 -0.077623240374965097 -0.079929201778062495 0.080020136869000655 0.078755482556415068 -0.078884639521955735 -0.078584855722702102 -0.078110870492612436
leaf_weight=1.8147738836705607 1.4723275452852238 9.0646542049944383 3.1584764122962943 2.7136506251990786 1.5897926874458814 1.3067844808101643 1.312483575195073 7.8094915337860566 0.86822859570384014 1.4435505941510225 25.758110325783505 0.92795854061841954 1.4974159412085999 1.673518296331167
leaf_count=43 29 212 75 63 22 16 15 181 16 20 426 16 30 36
internal_value=0 0.0203893 0.0421042 0.0554213 0.0660111 0.078339 0.0796236 -0.0780295 -0.0783145 0.0789014 0.0788226 -0.0778453 -0.0778287 -0.0777093
internal_weight=0 49.9585 40.8938 36.8074 34.0937 31.4107 30.1039 12.4528 2.683 28.7915 27.2017 4.08643 10.9804 9.48301
internal_count=1200 924 712 621 558 499 483 276 59 468 446 91 247 217
is_linear=0
shrinkage=0.1


Tree=73
num_leaves=15
num_cat=0
split_feature=2 3 3 2 2 3 3 2 1 1 4 2 1 0
split_gain=9.05256 16.4099 2.91106 0.441345 0.110205 0.0084842 0.000263299 8.53122e-05 6.79017e-05 4.31817e-05 1.19136e-05 1.16215e-05 5.77534e-06 5.48176e-06
threshold=-0.067992143332958208 0.04514789022505284 -0.080127414315938936 -0.046276550740003579 0.079016808420419707 -0.087906856089830385 -0.038211543112993233 0.041809212416410453 0.034136299043893821 0.047436069697141654 0.34059986472129827 -0.031965389847755425 0.22576473653316501 0.11087276041507722
decision_type=2 2 2 2 2 2 2 2 2 2 2 2 2 2
left_child=5 2 -2 -4 -3 -1 -5 8 10 -10 11 -8 -11 -13
right_child=1 4 3 6 -6 -7 7 -9 9 12 -12 13 -14 -15
leaf_value=0.080458594168415512 0.098334494741937242 0.050783673799043909 -0.012337714396646746 -0.078050856555785683 0.080431905918813509 0.087894147963521907 -0.076773938312316006 -0.077766086699326775 -0.077422270727345782 -0.076568415543028553 -0.076534065859985526 -0.076301990867202296 -0.076821679736554599 -0.076499688885347333
leaf_weight=8.8444820791482908 1.0242066755890835 1.4319851510226715 1.119015909731387 1.199825787916782 10.071377769112585 1.8567097783088673 0.62309001386166585 0.54517662152647872 0.99655197747051616 2.0495092552155261 5.2431226894259444 9.7557202894240671 1.6058841831982134 1.638032741844653
leaf_count=105 5 20 7 32 120 15 22 14 28 77 201 437 53 64
internal_value=0 -0.0225879 -0.0668752 -0.0737048 0.0767412 0.0817487 -0.0766075 -0.0765304 -0.0764997 -0.0768388 -0.0764083 -0.0763534 -0.0766797 -0.0763304
internal_weight=0 37.3035 25.8001 24.7759 11.5034 10.7012 23.6569 22.4571 21.9119 4.65195 17.26 12.0168 3.65539 11.3938
internal_count=1200 1080 940 935 140 120 928 896 882 158 724 523 130 501
is_linear=0
shrinkage=0.1


Tree=74
num_leaves=15
num_cat=0
split_feature=1 0 2 2 3 1 0 0 0 3 1 3 1 4
split_gain=7.75665 9.11702 3.11026 3.17626 0.653936 0.55752 2.12009 0.208128 0.0116134 0.00279134 7.35743e-05 2.23333e-05 1.43058e-05 9.51466e-06
threshold=0.0249448586255312 0.14293935894966128 -0.067992143332958208 0.050323812291026122 -0.04310051538050174 0.043034084141254432 0.11087276041507722 0.060567913576960571 0.00072174015804193925 -0.10440003871917723 0.23369380086660388 -0.0086468579247593862 0.23749300092458728 0.27636989951133734
decision_type=2 2 2 2 2 2 2 2 2 2 2 2 2 2
left_child=1 13 9 4 -4 6 -6 8 -7 -2 -5 -10 -13 -1
right_child=2 -3 3 10 5 7 -8 -9 11 -11 -12 12 -14 -15
leaf_value=-0.076260771944744316 -0.076461437236569951 0.080669344766152937 -0.044422062270170398 -0.076393170817543959 -0.061498718017970903 0.089076875276132436 0.081417413129836677 0.047290927421421665 0.081088431679517667 -0.084780707566175589 -0.077850992086450105 0.080638230401199398 0.080942147766219413 -0.076419593917010989
leaf_weight=11.912820888683205 1.4454105384647848 4.6963584572076789 0.5446242205798687 1.2885920908302058 1.4931874591857219 2.1021943837404242 3.4049136489629745 1.9833886399865139 2.9376457035541597 0.55940297991037624 0.4733670987188815 3.9853984266519467 2.5333378463983536 5.5197405740618697
leaf_count=554 58 54 7 54 39 20 36 18 32 10 16 46 28 228
internal_value=0 -0.0429956 0.0401579 0.0516516 0.0635717 0.0667612 0.0378494 0.0772186 0.082354 -0.0787828 -0.0767848 0.0808595 0.0807563 -0.0763111
internal_weight=0 22.1289 22.7515 20.7466 18.9847 18.4401 4.8981 13.542 11.5586 2.00481 1.76196 9.45638 6.51874 17.4326
internal_count=1200 836 364 296 226 219 75 144 126 68 70 106 74 782
is_linear=0
shrinkage=0.1


Tree=75
num_leaves=15
num_cat=0
split_feature=4 2 1 5 3 2 3 5 7 4 3 3 0 4
split_gain=24.6796 0.000129451 6.51514e-05 5.29972e-05 4.66414e-05 2.58723e-05 1.04737e-05 1.57582e-05 1.11908e-05 1.54085e-05 3.29316e-06 3.90155e-06 3.37566e-06 2.67563e-06
threshold=0.56793908774852764 -0.025242735631763932 0.034136299043893821 0.35904835164546972 -0.029204084537923333 0.024144615978002552 0.0045724199153482923 0.40361779928207403 0.87483727931976329 0.094456605613231673 0.063414195552468314 -0.038211543112993233 0.11087276041507722 0.28795985877513891
decision_type=2 2 2 2 2 2 2 2 2 2 2 2 2 2
left_child=2 -2 10 -4 -3 -6 7 8 -5 -10 11 -1 13 -13
right_child=1 4 3 6 5 -7 -8 -9 9 -11 -12 12 -14 -15
leaf_value=-0.076294947279642866 0.0817457207347973 0.081369008049583344 -0.077312745855789705 -0.076325166840631842 0.08080325016103955 0.081212066077711809 -0.076302234562945312 -0.077062576813427278 -0.07635346045061997 -0.07710225911771923 -0.076317568967199503 -0.076097309502812863 -0.076267861884253177 -0.076361387706315315
leaf_weight=1.7151102330535639 2.0818511843681362 1.9622965827584327 0.79692401736974616 1.8934323564171798 13.329692728817458 1.7514296621084202 2.7825409173965454 0.53322688676416863 0.55191867612302281 0.54733560420572758 1.38548183441162 8.6696935072541237 1.5688361302018154 0.40143751725554544
leaf_count=78 22 21 29 84 150 19 125 19 24 19 62 458 72 18
internal_value=0 0.0810013 -0.0762985 -0.0765443 0.0809104 0.0808507 -0.0764473 -0.0765617 -0.0764725 -0.0767263 -0.0761714 -0.076155 -0.0761324 -0.076109
internal_weight=0 19.1253 20.8459 7.10538 17.0434 15.0811 6.30845 3.52591 2.99269 1.09925 13.7406 12.3551 10.64 9.07113
internal_count=1200 212 988 300 190 169 271 146 127 43 688 626 548 476
is_linear=0
shrinkage=0.1


Tree=76
num_leaves=15
num_cat=0
split_feature=1 4 0 2 3 5 1 5 3 2 3 1 7 5
split_gain=8.324 9.13456 5.69996 4.50218 5.21165 0.0890203 0.0286217 0.000295551 0.000233908 0.000214377 0.000129388 0.000113919 7.44994e-05 2.25393e-05
threshold=0.043034084141254432 0.36240006983280187 0.060567913576960571 -0.067992143332958208 0.063414195552468314 0.31552724540233618 0.030129094608128074 0.35951606929302221 -0.10440003871917723 -0.030687787570059296 -0.034941764548420899 0.034136299043893821 0.91211363673210155 0.40408973395824438
decision_type=2 2 2 2 2 2 2 2 2 2 2 2 2 2
left_child=1 2 3 8 6 -3 9 -2 -1 -5 -11 -4 13 -9
right_child=7 5 11 4 -6 -7 -8 12 -10 10 -12 -13 -14 -15
leaf_value=-0.077179167115789302 -0.079060502428456136 -0.077203898584596087 -0.077180184717956929 0.079498891349382039 -0.077262429196342908 -0.040839154476368857 0.094918623824414267 -0.077261213780273952 -0.079348343563969123 0.079256495242362363 0.078234493869201088 -0.078524299211220949 -0.078150397113614697 -0.077694480021826939
leaf_weight=1.6065937206149103 1.292217407375573 7.5773697830736619 2.7361616045236583 1.55944130197168 2.3166425824165335 0.73881082236766804 1.0880068726837624 6.7850517705082876 0.71984788775443931 1.3091698661446667 23.038408663123846 0.81938641518354405 1.3074513897299755 1.4588507078588007
leaf_count=44 29 205 75 25 62 11 13 181 15 21 437 16 30 36
internal_value=0 0.0202852 0.0425583 0.0560495 0.066677 -0.0739732 0.0790295 -0.0776411 -0.0778504 0.0783622 0.0782894 -0.0774899 -0.0774491 -0.0773379
internal_weight=0 43.5098 35.1937 31.6381 29.3117 8.31618 26.995 10.8436 2.32644 25.907 24.3476 3.55555 9.55135 8.2439
internal_count=1200 924 708 617 558 216 496 276 59 483 458 91 247 217
is_linear=0
shrinkage=0.1


Tree=77
num_leaves=15
num_cat=0
split_feature=2 2 3 2 2 3 3 1 1 3 4 0 1 0
split_gain=7.69691 13.9961 2.57874 0.477876 0.0763549 0.00553705 0.000194236 4.61458e-05 3.60646e-05 1.01817e-05 7.8379e-06 7.46581e-06 3.44806e-06 2.17731e-06
threshold=-0.067992143332958208 0.046794245019555099 -0.080127414315938936 -0.046276550740003579 0.091219432651996626 -0.087906856089830385 -0.039575660601258271 0.034136299043893821 0.047436069697141654 0.042124599218368537 0.30584140121936804 0.11087276041507722 0.22576473653316501 0.11959925666451456
decision_type=2 2 2 2 2 2 2 2 2 2 2 2 2 2
left_child=5 2 -2 -4 -3 -1 -5 9 -9 10 11 -8 -10 -6
right_child=1 4 3 6 13 -7 7 8 12 -11 -12 -13 -14 -15
leaf_value=0.079662408155616177 0.09566844959822457 0.055765548668470888 -0.0079088033796611956 -0.07778985190192611 0.079687629094239321 0.086059035460424871 -0.076130346504546503 -0.077172742676057948 -0.076360935207248792 -0.076708856930859937 -0.076322543252384439 -0.076363777955316459 -0.076569748642258115 0.079586109582407041
leaf_weight=7.7059979140758514 0.94639935344457526 1.5908163711428631 1.0726913437247265 0.92635415494442241 4.5015331953763944 1.6415100693702678 8.7523139538243466 0.8820378053933372 1.8314287792891266 0.43009409494698125 4.7003901079297075 1.6244090721011151 1.3917023204267023 3.9808835536241531
leaf_count=105 5 20 7 27 61 15 451 28 79 15 208 71 53 55
internal_value=0 -0.0221364 -0.0659011 -0.0729765 0.0758696 0.0807857 -0.0763749 -0.076308 -0.0766062 -0.0762291 -0.0762154 -0.0761669 -0.0764511 0.07964
internal_weight=0 32.6311 22.5578 21.6114 10.0732 9.34751 20.5387 19.6124 4.10517 15.5072 15.0771 10.3767 3.22313 8.48242
internal_count=1200 1080 944 939 136 120 932 905 160 745 730 522 132 116
is_linear=0
shrinkage=0.1


Tree=78
num_leaves=15
num_cat=0
split_feature=1 0 2 2 3 1 0 1 5 3 3 1 0 1
split_gain=6.59256 7.84109 2.68749 2.81631 0.658592 0.613559 1.84216 0.417621 0.158626 0.0430308 6.14979e-05 5.99798e-05 1.46166e-05 1.26285e-05
threshold=0.0249448586255312 0.14293935894966128 -0.046276550740003579 0.050323812291026122 -0.048458371311426156 0.043034084141254432 0.11087276041507722 0.18606227636337283 0.35992479324340826 -0.018572321161627766 -0.01538082445040345 0.23369380086660388 0.043390547856688506 0.26532329618930822
decision_type=2 2 2 2 2 2 2 2 2 2 2 2 2 2
left_child=1 -1 7 4 -4 6 8 -2 -6 -9 -7 -5 13 -12
right_child=2 -3 3 11 5 10 -8 9 -10 -11 12 -13 -14 -15
leaf_value=-0.07613010641493681 -0.0049603999699333714 0.079848221989833601 -0.085398622628153467 -0.07620113924219872 -0.019963366737868089 0.080669681851510841 0.080477394766570245 -0.076254800461541705 -0.088290411797131832 -0.11005011672973404 0.079928685282845358 -0.07760631910619642 0.080313105727487219 0.080233701750336089
leaf_weight=15.08853546716273 0.90581728890538515 4.098305031657218 0.28504273295403315 1.1164849139749993 0.59392089862376163 2.0424755439162317 2.9731619656085968 0.89580640569329273 0.79402229934930801 0.65024383366107907 5.6969257220625789 0.4173054415732621 1.8825830742716787 1.7819783911108968
leaf_count=782 27 54 2 54 15 24 36 42 26 3 74 16 23 22
internal_value=0 -0.0428132 0.0392013 0.0528774 0.065249 0.0679728 0.0360714 -0.0588785 -0.0590523 -0.0904686 0.0801725 -0.0765835 0.0800641 0.0800014
internal_weight=0 19.1868 20.0358 17.5839 16.0501 15.7651 4.36111 2.45187 1.38794 1.54605 11.404 1.53379 9.36149 7.4789
internal_count=1200 836 364 292 222 220 77 72 41 45 143 70 119 96
is_linear=0
shrinkage=0.1


Tree=79
num_leaves=15
num_cat=0
split_feature=4 2 1 5 3 2 3 5 7 4 3 3 0 4
split_gain=21.2005 0.000109098 4.93906e-05 3.92768e-05 2.94795e-05 1.63844e-05 7.99849e-06 1.19225e-05 8.0659e-06 1.09935e-05 2.26285e-06 2.47374e-06 2.14228e-06 2.29428e-06
threshold=0.56793908774852764 -0.025242735631763932 0.034136299043893821 0.35951606929302221 -0.029204084537923333 0.024144615978002552 0.0045724199153482923 0.40361779928207403 0.87483727931976329 0.094456605613231673 0.063414195552468314 -0.038211543112993233 0.11087276041507722 0.28795985877513891
decision_type=2 2 2 2 2 2 2 2 2 2 2 2 2 2
left_child=2 -2 10 -4 -3 -6 7 8 -5 -10 11 -1 13 -13
right_child=1 4 3 6 5 -7 -8 -9 9 -11 -12 12 -14 -15
leaf_value=-0.076115186735377524 0.080868865531197792 0.080440618848591453 -0.077021078420601741 -0.076149826809368562 0.079959214020300734 0.080307384423332406 -0.076126223313530458 -0.076835451840767649 -0.076169311824401842 -0.076854419188605611 -0.076140059616932626 -0.075944172422771974 -0.076092019028591959 -0.076204063435336422
leaf_weight=1.4833814240992058 1.8291693478822733 1.7135553285479552 0.78134160302579303 1.6069802474230535 11.631955757737154 1.529294133186341 2.3958255667239428 0.46709381602704514 0.45894635282456864 0.47832428850233555 1.2021159268915642 7.4891637172549981 1.3574795499444006 0.35581392794847477
leaf_count=78 22 21 33 82 150 19 124 19 23 19 62 458 72 18
internal_value=0 0.0801401 -0.0761292 -0.0763583 0.0800505 0.0799997 -0.0762626 -0.0763711 -0.0762858 -0.0765189 -0.07601 -0.0759953 -0.075976 -0.075956
internal_weight=0 16.704 18.0765 6.18851 14.8748 13.1612 5.40717 3.01134 2.54425 0.937271 11.888 10.6858 9.20246 7.84498
internal_count=1200 212 988 300 190 169 267 143 124 42 688 626 548 476
is_linear=0
shrinkage=0.1


Tree=80
num_leaves=15
num_cat=0
split_feature=1 4 0 3 3 3 1 4 5 2 1 7 4 5
split_gain=7.1739 7.82533 4.83058 3.84549 4.47343 0.056815 0.0203733 0.00118347 0.000242452 0.000219345 9.4362e-05 7.02425e-05 3.4661e-05 1.57979e-05
threshold=0.043034084141254432 0.56793908774852764 0.060567913576960571 -0.066597066819667802 0.063414195552468314 -0.032057624310255044 0.030129094608128074 0.14080838114023211 0.35951606929302221 -0.028697077184915539 0.034136299043893821 0.91211363673210155 0.27219085395336157 0.40408973395824438
decision_type=2 2 2 2 2 2 2 2 2 2 2 2 2 2
left_child=1 2 3 7 5 -5 9 -1 -2 -7 -4 13 -11 -10
right_child=8 -3 10 4 -6 6 -8 -9 11 12 -12 -13 -14 -15
leaf_value=-0.076878856270326743 -0.078686142321702193 -0.076900712851162512 -0.076872151203097136 0.060514524463655919 -0.076954268022439556 0.079011382131298116 0.092679080368378547 -0.082068874329230615 -0.076943214147444788 0.077762066915833886 -0.078178941645161884 -0.077855597889483194 0.078368133849072097 -0.077332394712250618
leaf_weight=1.3645283039659291 1.1368543040007342 6.808721598237752 2.3682652767747636 1.8993709869682884 2.0462659336626521 1.5998048782348764 0.97416151314973731 0.64801075495779503 5.8765881154686195 18.407882623374459 0.72072849795222271 1.1461535561829803 0.99461314827203651 1.2681101839989422
leaf_count=43 29 212 75 35 63 29 13 15 181 404 16 30 19 36
internal_value=0 0.0201801 0.0414863 0.054608 0.0649461 0.0771076 0.0785417 -0.07855 -0.0773167 0.0778859 -0.0771771 -0.0771289 0.0777931 -0.0770123
internal_weight=0 37.8324 31.0236 27.9346 25.9221 23.8758 21.9765 2.01254 9.42771 21.0023 3.08899 8.29085 19.4025 7.1447
internal_count=1200 924 712 621 563 500 465 58 276 452 91 247 423 217
is_linear=0
shrinkage=0.1


Tree=81
num_leaves=15
num_cat=0
split_feature=2 3 3 2 2 3 3 2 1 1 4 0 1 1
split_gain=6.58785 11.9499 2.23009 0.463075 0.0998379 0.00342575 0.000138888 7.13235e-05 3.43177e-05 2.8546e-05 5.3299e-06 4.9898e-06 2.25174e-06 2.04291e-06
threshold=-0.067992143332958208 0.04514789022505284 -0.080127414315938936 -0.046276550740003579 0.079016808420419707 -0.087906856089830385 -0.040977856144309037 0.044631481170654304 0.034136299043893821 0.047436069697141654 0.30584140121936804 0.11087276041507722 0.22576473653316501 0.20828685909509662
decision_type=2 2 2 2 2 2 2 2 2 2 2 2 2 2
left_child=5 2 -2 -4 -3 13 -5 8 10 -10 11 -8 -11 -1
right_child=1 4 3 6 -6 -7 7 -9 9 12 -12 -13 -14 -15
leaf_value=0.079043150315041666 0.092670788441753957 0.047878431829861873 -0.0077143798567464762 -0.07757586731777083 0.078972287650841286 0.084380058481526937 -0.075972840820554291 -0.077503009572957221 -0.076935822088080197 -0.076169039139320494 -0.076142973773112035 -0.076175364694046149 -0.076351018173070828 0.078919212085902787
leaf_weight=4.911473635584116 0.85554878413677471 1.1940343398600797 1.0450302958488524 0.71467927098275197 7.6393770761787891 1.4420777708291987 7.6470995899289829 0.38253236375749011 0.77257880382239763 1.5613224897533657 4.0502980928868046 1.4467024896293876 1.204499853774905 1.8238339424133299
leaf_count=76 5 20 7 22 120 15 456 11 28 78 207 73 53 29
internal_value=0 -0.0218598 -0.0652313 -0.0724077 0.0747693 0.0799567 -0.0762101 -0.0761529 -0.076122 -0.0763984 -0.0760476 -0.0760051 -0.0762483 0.0790096
internal_weight=0 28.5137 19.6803 18.8247 8.83341 8.17739 17.7797 17.065 16.6825 3.5384 13.1441 9.0938 2.76582 6.73531
internal_count=1200 1080 940 935 140 120 928 906 895 159 736 529 131 105
is_linear=0
shrinkage=0.1


Tree=82
num_leaves=15
num_cat=0
split_feature=1 0 3 2 2 1 0 2 2 1 3 0 1 4
split_gain=5.61641 6.74054 2.30736 2.3153 0.782454 0.539032 2.06569 0.00610688 0.000679122 4.73581e-05 3.84766e-05 8.85291e-06 9.05194e-06 4.457e-06
threshold=0.0249448586255312 0.14293935894966128 -0.048458371311426156 0.050323812291026122 -0.046276550740003579 0.043034084141254432 0.060567913576960571 0.019526022486388687 -0.10409702360630034 0.23369380086660388 -0.01538082445040345 0.043966308236122138 0.26532329618930822 0.27636989951133734
decision_type=2 2 2 2 2 2 2 2 2 2 2 2 2 2
left_child=1 13 8 4 -4 6 7 -6 -2 -5 -7 12 -12 -1
right_child=2 -3 3 9 5 10 -8 -9 -10 -11 11 -13 -14 -15
leaf_value=-0.07593493732013179 -0.076116878755975295 0.07914583280551736 -0.027927987574923482 -0.07603635975853322 -0.076655812525871739 0.079845638679038738 0.080482336819460876 -0.091899716580227608 -0.080811157181892551 -0.077369915308077533 0.079218631869025447 0.079551985171404271 0.079494148300977119 -0.07606043265025654
leaf_weight=8.9013872649520653 1.1471698749810455 3.56690340489149 0.9241181612014796 0.9673183150589455 0.56663845479488306 1.7807686105370528 2.7851941138505936 0.49010733794420958 0.42138873971998947 0.36746148206293583 5.0976245477795565 1.5003785267472265 1.5565969944000242 4.1491409325972191
leaf_count=554 60 54 4 54 29 24 37 11 10 16 76 21 22 228
internal_value=0 -0.0426784 0.0383778 0.0497002 0.0611495 0.0671244 0.035316 -0.0837258 -0.077378 -0.0764035 0.0794245 0.0793326 0.0792831 -0.0759748
internal_weight=0 16.6174 17.6048 16.0362 14.7014 13.7773 3.84194 1.05675 1.56856 1.33478 9.93537 8.1546 6.65422 13.0505
internal_count=1200 836 364 294 224 220 77 40 70 70 143 119 98 782
is_linear=0
shrinkage=0.1


Tree=83
num_leaves=15
num_cat=0
split_feature=4 2 1 5 3 2 7 1 5 4 3 2 0 5
split_gain=18.2386 9.09164e-05 3.7957e-05 3.38458e-05 1.71824e-05 1.76774e-05 7.33016e-06 5.589e-06 2.4315e-06 1.77257e-06 1.68866e-06 1.73237e-06 1.85082e-06 8.84485e-07
threshold=0.56793908774852764 -0.025242735631763932 0.034136299043893821 0.35951606929302221 -0.029204084537923333 0.024144615978002552 0.91211363673210155 0.05544888228178025 0.40890356898307806 0.29579898715019232 0.063414195552468314 -0.067992143332958208 0.11087276041507722 0.29090544581413275
decision_type=2 2 2 2 2 2 2 2 2 2 2 2 2 2
left_child=2 -2 9 -4 -3 13 7 -5 -9 10 11 -1 -13 -6
right_child=1 4 3 6 5 -7 -8 8 -10 -11 -12 12 -14 -15
leaf_value=-0.075978584835743102 0.080131151622319 0.079652797371264128 -0.076853476474700894 -0.076353582295414155 0.079234361874306755 0.079632881599566496 -0.07641956955731978 -0.075977749808679634 -0.076237111685118125 -0.076097302241091805 -0.075987698128198417 -0.075814665736246109 -0.075948019545176881 0.079315854824979604
leaf_weight=0.94079306069761237 1.6066417321562756 1.4933313950896252 0.68972298875450988 0.53940822929143895 8.5637949258089048 1.3448488488793362 0.63360740430653084 3.1096210805699234 0.40900378674268711 0.33651563990861255 0.99250707775354463 6.7793674217537045 1.2295248880982397 1.5771048069000233
leaf_count=56 22 21 33 27 127 19 32 186 22 19 59 479 75 23
internal_value=0 0.0794215 -0.0759842 -0.0761994 0.0793337 0.0792922 -0.0761032 -0.0760538 -0.0760079 -0.0758716 -0.0758639 -0.0758502 -0.0758351 0.079247
internal_weight=0 14.5857 15.6601 5.38136 12.9791 11.4857 4.69164 4.05803 3.51862 10.2787 9.94219 8.94969 8.00889 10.1409
internal_count=1200 212 988 300 190 169 267 235 208 688 669 610 554 150
is_linear=0
shrinkage=0.1


Tree=84
num_leaves=15
num_cat=0
split_feature=1 4 0 2 3 4 1 5 0 2 1 7 3 5
split_gain=6.18661 6.71459 4.13867 3.29046 3.83936 0.100156 0.0141498 0.000206301 0.000168267 0.000140961 6.23569e-05 6.06612e-05 5.51741e-05 1.09027e-05
threshold=0.043034084141254432 0.56793908774852764 0.060567913576960571 -0.067992143332958208 0.063414195552468314 0.29579898715019232 0.030005271546542648 0.35951606929302221 0.016723413951694969 -0.030226236209273335 0.034136299043893821 0.91211363673210155 -0.033367959782481187 0.40890356898307806
decision_type=2 2 2 2 2 2 2 2 2 2 2 2 2 2
left_child=1 2 3 8 5 6 9 -2 -1 -5 -4 13 -11 -9
right_child=7 -3 10 4 -6 -7 -8 11 -10 12 -12 -13 -14 -15
leaf_value=-0.076602169048122809 -0.078380721827374281 -0.076632776487213394 -0.076607762974010229 0.078539904833186333 -0.076687139320514269 0.044583595022275262 0.090588756705970788 -0.076682860121451452 -0.078693967274891446 0.078099443395010584 -0.077748173096922488 -0.077570606113372853 0.077375204215674342 -0.077091746595612423
leaf_weight=1.1993636637926126 1.0014866515994052 5.8899162225425234 2.0477414913475509 1.2019667886197698 1.7746441774070252 0.93581054359674354 0.86240623891353507 5.4451104737818241 0.56604975275695313 1.1228196062147748 0.62606090679764737 1.0018646344542501 16.652173018082969 0.74084679782390583
leaf_count=44 29 212 75 25 63 16 13 193 15 24 16 30 421 24
internal_value=0 0.0201036 0.0412148 0.0542004 0.0644933 0.0765532 0.0780611 -0.0770361 -0.0772729 0.0774918 -0.0768748 -0.0768487 0.077421 -0.0767318
internal_weight=0 32.879 26.989 24.3152 22.5498 20.7752 19.8394 8.18931 1.76541 18.977 2.6738 7.18782 17.775 6.18596
internal_count=1200 924 712 621 562 499 483 276 59 470 91 247 445 217
is_linear=0
shrinkage=0.1


Tree=85
num_leaves=15
num_cat=0
split_feature=2 2 3 1 0 3 2 4 3 0 3 1 1 2
split_gain=5.65498 10.2297 1.8702 0.533392 1.08351 0.0772921 0.00983301 0.00952325 0.0027002 0.00211785 7.88077e-05 1.70152e-05 1.97825e-05 6.27462e-06
threshold=-0.067992143332958208 0.055192198604345329 -0.080127414315938936 0.22576473653316501 0.050314798951148994 0.04514789022505284 -0.044158283621072762 0.20198833942413333 -0.087906856089830385 0.22268699109554294 -0.038211543112993233 0.034136299043893821 0.047436069697141654 0.039434736594557769
decision_type=2 2 2 2 2 2 2 2 2 2 2 2 2 2
left_child=8 2 -2 5 -5 6 -4 9 -1 -3 -8 13 -13 -12
right_child=1 7 3 4 -6 -7 10 -9 -10 -11 11 12 -14 -15
leaf_value=0.078431156033006044 0.089967799653854874 0.07842339637846911 -0.087243180873098347 -0.07619069616737488 0.10095980957659108 -0.031573887123028707 -0.076980907116971031 0.069337557928116897 0.08347740312224701 0.083224226303526688 -0.075893686869387605 -0.076682137598813441 -0.076008465288870342 -0.076323844404284802
leaf_weight=5.8488618992269039 0.76506227999926224 5.0601574629545203 0.8252478223294063 0.96958442218601593 0.53619978949427605 0.39064442925155241 0.79299425147474067 1.1370776481926439 1.2951869294047345 1.1227754503488538 10.941941718570877 0.63939338549971525 1.3696062993258236 0.34994863625615913
leaf_count=105 5 91 11 49 7 12 32 20 15 17 713 27 79 17
internal_value=0 -0.021583 -0.0629415 -0.0698984 -0.0131086 -0.0754839 -0.0766337 0.0777484 0.079346 0.0792952 -0.0760125 -0.0759547 -0.0762229 -0.075907
internal_weight=0 24.9006 17.5806 16.8156 1.50578 15.3098 14.9191 7.32001 7.14405 6.18293 14.0939 13.3009 2.009 11.2919
internal_count=1200 1080 952 947 56 891 879 128 120 108 868 836 106 730
is_linear=0
shrinkage=0.1


Tree=86
num_leaves=15
num_cat=0
split_feature=1 0 2 2 3 1 0 0 3 1 1 3 0 1
split_gain=4.78543 5.80028 1.97335 2.07861 0.486089 0.46587 1.76785 0.459498 0.0381444 0.00466487 3.77929e-05 2.44877e-05 5.58225e-06 5.71401e-06
threshold=0.0249448586255312 0.14293935894966128 -0.046276550740003579 0.050323812291026122 -0.048458371311426156 0.043034084141254432 0.060567913576960571 0.14293935894966128 -0.087906856089830385 0.033131964504718787 0.23369380086660388 -0.01538082445040345 0.043966308236122138 0.26532329618930822
decision_type=2 2 2 2 2 2 2 2 2 2 2 2 2 2
left_child=1 -1 7 4 -4 6 9 -2 -9 -6 -5 -7 13 -13
right_child=2 -3 3 10 5 11 -8 8 -10 -11 -12 12 -14 -15
leaf_value=-0.075840047804795654 0.0092869182620826073 0.078553331323162098 -0.082601319596295741 -0.075893615168182674 -0.0758195149362033 0.079145496811431543 0.07970701099386511 -0.075970720901543512 -0.1110568543904038 -0.090024413627928568 -0.077166020267836255 0.078609574620251324 0.078893515444731208 0.078844346744055882
leaf_weight=11.281921371817591 0.73465477209538166 3.1024021022021762 0.22269710153341193 0.83703681267797836 0.4744175281375641 1.5497359074652157 2.4267649911344051 0.79833418969064962 0.50640640780329671 0.45092660561203957 0.32370649930089712 4.4293664768338221 1.3047363460063932 1.3534633778035638
leaf_count=782 19 54 2 54 35 24 37 48 5 5 16 76 21 22
internal_value=0 -0.0425406 0.0376578 0.0516314 0.0637862 0.0665053 0.0348633 -0.0539705 -0.0895886 -0.0827417 -0.0762485 0.0787854 0.0787067 0.0786645
internal_weight=0 14.3843 15.4122 13.3729 12.2121 11.9894 3.35211 2.0394 1.30474 0.925344 1.16074 8.6373 7.08757 5.78283
internal_count=1200 836 364 292 222 220 77 72 53 40 70 143 119 98
is_linear=0
shrinkage=0.1


Tree=87
num_leaves=15
num_cat=0
split_feature=4 2 1 5 3 2 7 1 5 4 3 3 0 5
split_gain=15.6796 7.77921e-05 2.85376e-05 2.7618e-05 1.08708e-05 1.11737e-05 6.4572e-06 4.16334e-06 1.70132e-06 1.14808e-06 1.16973e-06 1.13667e-06 1.03351e-06 5.24491e-07
threshold=0.56793908774852764 -0.025242735631763932 0.034136299043893821 0.35951606929302221 -0.029204084537923333 0.024144615978002552 0.91211363673210155 0.05544888228178025 0.40890356898307806 0.29579898715019232 0.063414195552468314 -0.038211543112993233 0.11087276041507722 0.29090544581413275
decision_type=2 2 2 2 2 2 2 2 2 2 2 2 2 2
left_child=2 -2 9 -4 -3 13 7 -5 -9 10 11 -1 -13 -6
right_child=1 4 3 6 5 -7 -8 8 -10 -11 -12 12 -14 -15
leaf_value=-0.075826784545367662 0.079498407562990078 0.078982408276296809 -0.076686341442717909 -0.076190143119327036 0.078625894413966044 0.07896529515887532 -0.076280237500427797 -0.075842819215811708 -0.076075730383561496 -0.075946643654792645 -0.075855297873548055 -0.07570004927031071 -0.075809729303523421 0.078693199547901604
leaf_weight=1.0947064841166119 1.4087382815778244 1.299023538827895 0.60605372302234073 0.46871748939156566 7.4460899010300619 1.1697103343904007 0.55332884099334467 2.6889273114502434 0.35502904187887896 0.2909968690946706 0.86025188677012909 5.6239620279520768 1.014039729721844 1.37100413441658
leaf_count=77 22 21 33 27 127 19 32 186 22 19 59 461 72 23
internal_value=0 0.0787977 -0.0758565 -0.0760566 0.0787103 0.0786749 -0.0759627 -0.0759127 -0.07587 -0.0757513 -0.0757447 -0.0757324 -0.0757168 0.0786364
internal_weight=0 12.6946 13.556 4.67206 11.2858 9.9868 4.066 3.51267 3.04396 8.88396 8.59296 7.73271 6.638 8.81709
internal_count=1200 212 988 300 190 169 267 235 208 688 669 610 533 150
is_linear=0
shrinkage=0.1


Tree=88
num_leaves=15
num_cat=0
split_feature=1 4 0 2 3 5 1 5 0 2 7 1 3 3
split_gain=5.32228 5.76942 3.60619 2.87138 3.31264 0.0722228 0.00966753 0.000160545 0.000108694 8.71388e-05 4.98749e-05 4.10373e-05 3.37766e-05 8.82133e-06
threshold=0.043034084141254432 0.36240006983280187 0.060567913576960571 -0.067992143332958208 0.063414195552468314 0.31552724540233618 0.030129094608128074 0.35951606929302221 0.016723413951694969 -0.030687787570059296 0.91211363673210155 0.034136299043893821 -0.033367959782481187 0.036815324798226363
decision_type=2 2 2 2 2 2 2 2 2 2 2 2 2 2
left_child=1 2 3 8 6 -3 9 -2 -1 -5 -9 -4 -11 -14
right_child=7 5 11 4 -6 -7 -8 10 -10 12 -12 -13 13 -15
leaf_value=-0.076375765569553111 -0.078047384806530729 -0.076396958511454199 -0.076381180563764292 0.078031623449468346 -0.076466205977335056 -0.038047585565399486 0.088642798068037168 -0.076488866207348766 -0.07818208618802569 0.07765970132073402 -0.077303467976289675 -0.077374864161516996 0.077035019702382398 0.077405914596473113
leaf_weight=1.0359994955360949 0.87864040769636531 4.9050750769674769 1.7695023585110896 1.044878952205196 1.5140082929283369 0.54572298377752293 0.76453027315437694 5.3476914968341589 0.49102434702217568 0.97323710471392821 0.87451981008052815 0.54318672604858864 14.262822113931161 0.67144590243697244
leaf_count=44 29 205 75 25 62 11 13 217 15 24 30 16 417 17
internal_value=0 0.019972 0.0418335 0.05503 0.0655104 -0.0725575 0.0776431 -0.076782 -0.0769566 0.077147 -0.0766034 -0.0766146 0.0770889 0.0770517
internal_weight=0 28.5214 23.0706 20.7579 19.2309 5.4508 17.7169 7.10085 1.52702 16.9524 6.22221 2.31269 15.9075 14.9343
internal_count=1200 924 708 617 558 216 496 276 59 483 247 91 458 434
is_linear=0
shrinkage=0.1


Tree=89
num_leaves=15
num_cat=0
split_feature=2 2 3 2 2 3 3 1 1 3 4 0 1 7
split_gain=4.84976 8.73732 1.6831 0.440306 0.0663544 0.00183586 6.08594e-05 1.47863e-05 1.32979e-05 7.34548e-06 2.40843e-06 1.96273e-06 1.3541e-06 8.11866e-07
threshold=-0.067992143332958208 0.046794245019555099 -0.080127414315938936 -0.046276550740003579 0.091219432651996626 -0.087906856089830385 -0.040977856144309037 0.034136299043893821 0.047436069697141654 0.042124599218368537 0.29579898715019232 0.11087276041507722 0.22576473653316501 0.8546777367591859
decision_type=2 2 2 2 2 2 2 2 2 2 2 2 2 2
left_child=5 2 -2 -4 -3 13 -5 9 -9 10 11 -8 -10 -1
right_child=1 4 3 6 -6 -7 7 8 12 -11 -12 -13 -14 -15
leaf_value=0.077997860954063469 0.088270113225377811 0.051673966812504926 -0.0056197592479016829 -0.076929903129083183 0.077912036938512647 0.082390619741072701 -0.075719405566918377 -0.076478512583076266 -0.075868078529133506 -0.07626568555344175 -0.075849513753632289 -0.075867609053781648 -0.076029920961230291 0.077917089991298927
leaf_weight=2.164714653044939 0.69402790069580333 1.1658909339457739 0.9555277824401881 0.54134259000420826 5.5616955012083054 1.1402174532413507 5.6301928125321759 0.58318968955427353 1.1832700911909344 0.31714066304266531 3.1029332494363189 1.0621852837502954 0.91808236856013525 2.9272290170192719
leaf_count=44 5 20 7 22 116 15 451 28 79 15 212 72 53 61
internal_value=0 -0.0213121 -0.0638097 -0.0711938 0.073365 0.0787636 -0.0758913 -0.0758474 -0.076056 -0.075792 -0.0757767 -0.0757429 -0.0759388 0.0779514
internal_weight=0 21.7155 14.9879 14.2939 6.72759 6.23216 13.3383 12.797 2.68454 10.1125 9.79531 6.69238 2.10135 5.09194
internal_count=1200 1080 944 939 136 120 932 910 160 750 735 523 132 105
is_linear=0
shrinkage=0.1


Tree=90
num_leaves=15
num_cat=0
split_feature=1 0 2 2 7 5 1 0 3 0 0 2 3 0
split_gain=4.09844 4.9891 1.72569 1.69253 0.347628 0.40875 0.156662 0.182134 0.0602583 0.0256956 0.0132389 0.00658778 0.00055027 0.000177552
threshold=0.0249448586255312 0.14293935894966128 -0.067992143332958208 0.050323812291026122 0.87680718302726757 0.38520169258117681 0.034136299043893821 0.20613670349121097 -0.0017029334558174012 0.20017472654581073 0.0062993690371513375 0.020648283883929256 -0.11122180148959158 0.041700232774019248
decision_type=2 2 2 2 2 2 2 2 2 2 2 2 2 2
left_child=1 -1 12 4 6 8 7 -4 -6 10 -8 13 -2 -12
right_child=2 -3 3 -5 5 -7 9 -9 -10 -11 11 -13 -14 -15
leaf_value=-0.07572495386076139 -0.07585554101858194 0.078044455022623971 -0.0017362621621025698 -0.076090152406014633 0.039475044974154654 -0.01204229756793699 0.087641701053157384 0.078099807419928668 0.074780743075706965 0.063030571992588519 0.078103155400860214 0.06955175315747035 -0.080468502639169243 0.079673624617807207
leaf_weight=9.7514700898900646 0.82409523613750935 2.69262521713972 0.59891263023018637 1.0046606324613083 0.82110855169594299 1.2851606886833904 1.3804381899535654 0.54650402441620827 1.1754791857674709 1.2025745566934345 2.1291135661304001 1.0623651184141634 0.37684192229062208 1.0876419581472871
leaf_count=782 56 54 32 70 18 19 21 11 24 20 42 21 12 18
internal_value=0 -0.0424527 0.0371118 0.0482885 0.0593572 0.0319465 0.070591 0.0363553 0.0602611 0.0763056 0.0791263 0.0763793 -0.077303 0.0786342
internal_weight=0 12.4441 13.4949 12.294 11.2893 3.28175 8.00755 1.14542 1.99659 6.86213 5.65956 4.27912 1.20094 3.21676
internal_count=1200 836 364 296 226 61 165 43 42 122 102 81 68 60
is_linear=0
shrinkage=0.1


Tree=91
num_leaves=15
num_cat=0
split_feature=4 2 1 5 2 3 7 1 5 4 3 3 0 5
split_gain=13.4806 4.73505e-05 2.0448e-05 2.07022e-05 9.2728e-06 8.56581e-06 5.39661e-06 3.06074e-06 1.11653e-06 9.63412e-07 9.0519e-07 7.33434e-07 6.65014e-07 3.24673e-07
threshold=0.56793908774852764 -0.025242735631763932 0.034136299043893821 0.35951606929302221 0.025647088885307315 -0.026893372647464272 0.91211363673210155 0.05544888228178025 0.40890356898307806 0.29579898715019232 0.063414195552468314 -0.038211543112993233 0.11087276041507722 0.29090544581413275
decision_type=2 2 2 2 2 2 2 2 2 2 2 2 2 2
left_child=2 -2 9 -4 5 -3 7 -5 -9 10 11 -1 -13 -7
right_child=1 4 3 6 -6 13 -8 8 -10 -11 -12 12 -14 -15
leaf_value=-0.07571199501781728 0.078846138498400886 0.07841671507852388 -0.076508855156624603 -0.07604451589470651 0.078463173503775213 0.078106339898640506 -0.07614926644183373 -0.075726077880525003 -0.07592903513260095 -0.075838607621372053 -0.075746494843705492 -0.075602443501285616 -0.075697129729050266 0.078163174236214397
leaf_weight=0.94527682382613409 1.2238964214920987 1.0743047557771177 0.53031777217984188 0.40680507291108448 1.0779349841177452 6.4638195745646962 0.48255601432174433 2.322580986656249 0.30687126331031311 0.25809225533157576 0.74658536445349444 4.8519301796332019 0.87561055272817601 1.1902177743613718
leaf_count=77 22 20 33 27 20 127 32 186 22 19 59 461 72 23
internal_value=0 0.0782597 -0.0757446 -0.0759264 0.0781865 0.0781523 -0.0758386 -0.0757893 -0.0757498 -0.0756487 -0.0756421 -0.0756304 -0.0756169 0.0781152
internal_weight=0 11.0302 11.7266 4.04913 9.80628 8.72834 3.51881 3.03626 2.62945 7.6775 7.4194 6.67282 5.72754 7.65404
internal_count=1200 212 988 300 190 170 267 235 208 688 669 610 533 150
is_linear=0
shrinkage=0.1


Tree=92
num_leaves=15
num_cat=0
split_feature=1 4 0 3 3 3 1 4 5 2 7 1 4 5
split_gain=4.60959 4.95191 3.07962 2.46728 2.84617 0.04221 0.00887027 0.000612247 0.000117777 9.41142e-05 4.38224e-05 2.78788e-05 1.7407e-05 4.83479e-06
threshold=0.043034084141254432 0.56793908774852764 0.060567913576960571 -0.066597066819667802 0.063414195552468314 -0.030978403054177758 0.030859306454658512 0.14231958240270617 0.35951606929302221 -0.028697077184915539 0.91211363673210155 0.034136299043893821 0.27219085395336157 0.40408973395824438
decision_type=2 2 2 2 2 2 2 2 2 2 2 2 2 2
left_child=1 2 3 7 5 -5 9 -1 -2 -7 13 -4 -11 -10
right_child=8 -3 11 4 -6 6 -8 -9 10 12 -12 -13 -14 -15
leaf_value=-0.07618947299659673 -0.077723896579729224 -0.076207925206075111 -0.076199160027417112 0.059182984097432938 -0.076270477060754752 0.077751884504964563 0.089163210952512797 -0.080783454558669199 -0.076237530981328336 0.076750213721905991 -0.07709734106889421 -0.077072447349598783 0.077273364408644157 -0.07650393420628801
leaf_weight=0.90002492628992559 0.76925472728907962 4.4044783879071465 1.5433609783649438 1.3992601502686852 1.3361663799732912 1.0771459732204771 0.61164333298802454 0.4280811995267868 3.8079442363232374 11.946415055543163 0.77548739314079274 0.47902278043329705 0.67178589478135187 0.8296642955392598
leaf_count=44 29 212 75 39 63 29 9 14 181 404 30 16 19 36
internal_value=0 0.0199479 0.0407158 0.0536095 0.0638401 0.0757596 0.0773809 -0.0776702 -0.0765661 0.0768547 -0.0764015 -0.076406 0.0767781 -0.0762852
internal_weight=0 24.7974 20.3929 18.3705 17.0424 15.7063 14.307 1.32811 6.18235 13.6953 5.4131 2.02238 12.6182 4.63761
internal_count=1200 924 712 621 563 500 461 58 276 452 247 91 423 217
is_linear=0
shrinkage=0.1


Tree=93
num_leaves=15
num_cat=0
split_feature=2 2 3 1 0 2 4 2 1 3 3 1 1 3
split_gain=4.13639 7.42456 1.46831 0.52372 1.04825 0.079234 0.0108612 0.00802495 0.00118809 0.00118698 3.15388e-05 8.28885e-06 1.01557e-05 4.67165e-06
threshold=-0.067992143332958208 0.055192198604345329 -0.080127414315938936 0.22576473653316501 0.060567913576960571 0.044631481170654304 0.20198833942413333 -0.046276550740003579 0.22689964622259143 -0.087906856089830385 -0.038211543112993233 0.034136299043893821 0.047436069697141654 0.042124599218368537
decision_type=2 2 2 2 2 2 2 2 2 2 2 2 2 2
left_child=9 2 -2 5 -5 7 8 -4 -3 -1 -9 13 -13 -12
right_child=1 6 3 4 -6 -7 -8 10 -10 -11 11 12 -14 -15
leaf_value=0.077529619236510222 0.086919168503050023 0.077517834663855409 -0.087759706584955105 -0.075920963030800342 0.11540486681108933 -0.022601903115311198 0.066150078009401925 -0.076470462349792864 0.081695316920873493 0.081349563963890245 -0.075668780354326032 -0.07629674368961098 -0.075751257026948265 -0.076088476066675334
leaf_weight=4.411761399358511 0.63852417841553943 3.8497835844755164 0.58816854655742723 0.79153388272970804 0.44869039952754974 0.28070632275194007 0.88055964931845654 0.59359449613839288 0.82705695182085026 0.99734166264534252 8.299085491336875 0.51469066273420949 1.0131462896242736 0.27397237718105394
leaf_count=105 5 92 6 52 4 10 20 32 16 15 722 28 78 15
internal_value=0 -0.0208831 -0.0610776 -0.0684583 -0.00670279 -0.0750818 0.0763383 -0.0763875 0.0782566 0.0782339 -0.0757621 -0.0757204 -0.075935 -0.0756822
internal_weight=0 18.9995 13.4421 12.8036 1.24022 11.5634 5.5574 11.2827 4.67684 5.4091 10.6945 10.1009 1.52784 8.57306
internal_count=1200 1080 952 947 56 891 128 881 108 120 875 843 106 737
is_linear=0
shrinkage=0.1


Tree=94
num_leaves=15
num_cat=0
split_feature=1 0 3 2 2 1 0 1 2 1 0 1 0 4
split_gain=3.47288 4.29129 1.47437 1.43141 0.59539 0.388993 1.38739 0.00248877 0.000280281 2.05107e-05 1.44958e-05 3.76713e-06 2.13645e-06 1.33137e-06
threshold=0.0249448586255312 0.14293935894966128 -0.048458371311426156 0.050323812291026122 -0.046276550740003579 0.043034084141254432 0.060567913576960571 0.033131964504718787 -0.10409702360630034 0.23749300092458728 0.043390547856688506 0.27071440219879156 0.0053518577478826055 0.27636989951133734
decision_type=2 2 2 2 2 2 2 2 2 2 2 2 2 2
left_child=1 13 8 4 -4 6 7 -6 -2 -5 11 12 -7 -1
right_child=2 -3 3 9 5 10 -8 -9 -10 -11 -12 -13 -14 -15
leaf_value=-0.075598601502791352 -0.075731596354725164 0.07760968552511445 -0.024005515437281591 -0.075680950940671149 -0.075662856929842801 0.07782172965473344 0.078536875684608987 -0.087086796905476271 -0.079336396598840966 -0.076785705733973503 0.078076258990880595 0.077906011907482253 0.077647913151062065 -0.075683890982978258
leaf_weight=5.7346298331394809 0.75709811970591545 2.33396241813898 0.82243025302886685 0.64600360207259733 0.38270952971652006 0.92317801713943515 1.8805299177765844 0.38010264560580254 0.30161939561366924 0.22714356333017349 1.6316012367606161 0.99859077110886563 3.0219045989215374 2.6882020151242614
leaf_count=554 60 54 4 55 35 20 37 5 10 15 33 21 69 228
internal_value=0 -0.0423774 0.0359115 0.0468409 0.0575202 0.0647934 0.0323954 -0.0813553 -0.0767586 -0.0759683 0.0778178 0.0777325 0.0776886 -0.0756258
internal_weight=0 10.7568 11.9729 10.9142 10.041 9.21862 2.64334 0.762812 1.05872 0.873147 6.57527 4.94367 3.94508 8.42283
internal_count=1200 836 364 294 224 220 77 40 70 70 143 110 89 782
is_linear=0
shrinkage=0.1


Tree=95
num_leaves=15
num_cat=0
split_feature=4 2 1 5 2 3 7 1 4 5 3 3 0 5
split_gain=11.628 3.93447e-05 1.49492e-05 1.51929e-05 9.9874e-06 5.19547e-06 4.91553e-06 2.16358e-06 9.49516e-07 7.39042e-07 6.20542e-07 4.605e-07 5.02968e-07 4.04951e-07
threshold=0.56793908774852764 -0.025242735631763932 0.034136299043893821 0.35951606929302221 0.025647088885307315 -0.026893372647464272 0.91211363673210155 0.05544888228178025 0.29579898715019232 0.40890356898307806 0.063414195552468314 -0.038211543112993233 0.11087276041507722 0.29090544581413275
decision_type=2 2 2 2 2 2 2 2 2 2 2 2 2 2
left_child=2 -2 8 -4 5 -3 7 -5 10 -9 11 -1 -13 -7
right_child=1 4 3 6 -6 13 -8 9 -10 -11 -12 12 -14 -15
leaf_value=-0.075613132335222946 0.078388820499958503 0.077928963600373255 -0.076349358338612686 -0.075913264455068338 0.078052478529619815 0.077666231565531929 -0.076049069852868328 -0.075627391484818549 -0.075761766394465538 -0.075804490828816129 -0.075646841247298369 -0.07551842735312464 -0.075606680314659239 0.077734174379380461
leaf_weight=0.8159068515524267 1.0720356106758107 0.93197034299373527 0.46361232176423106 0.35591543931514102 0.94574198126792897 5.6108524836599818 0.42881696950644244 2.010766534134746 0.22765817213803519 0.26691042631864537 0.64656740613281716 4.1843047849833983 0.76362896617501963 1.0398037396371362
leaf_count=77 22 20 33 27 20 127 32 186 19 22 59 461 72 23
internal_value=0 0.0778178 -0.0756495 -0.0758159 0.0777461 0.0777078 -0.0757351 -0.075684 -0.0755611 -0.0756481 -0.0755539 -0.0755435 -0.075532 0.0776769
internal_weight=0 9.6004 10.1641 3.52602 8.52837 7.58263 3.06241 2.63359 6.63807 2.27768 6.41041 5.76384 4.94793 6.65066
internal_count=1200 212 988 300 190 170 267 235 688 208 669 610 533 150
is_linear=0
shrinkage=0.1


Tree=96
num_leaves=15
num_cat=0
split_feature=1 4 0 3 3 3 1 4 5 2 7 1 4 5
split_gain=3.9657 4.24626 2.63776 2.11041 2.44814 0.0451619 0.00567009 0.000425831 9.51313e-05 5.83762e-05 3.07369e-05 1.81968e-05 1.10437e-05 3.08088e-06
threshold=0.043034084141254432 0.56793908774852764 0.060567913576960571 -0.066597066819667802 0.063414195552468314 -0.030978403054177758 0.030426211655139927 0.16064805537462237 0.35951606929302221 -0.028697077184915539 0.91211363673210155 0.034136299043893821 0.27219085395336157 0.40408973395824438
decision_type=2 2 2 2 2 2 2 2 2 2 2 2 2 2
left_child=1 2 3 7 5 -5 9 -1 -2 -7 13 -4 -11 -10
right_child=8 -3 11 4 -6 6 -8 -9 10 12 -12 -13 -14 -15
leaf_value=-0.076021815458099537 -0.07747917217739346 -0.07603837341418701 -0.076030647386009856 0.057099265772109657 -0.076109453353133349 0.077353691762418145 0.086891032368568114 -0.080187581436745523 -0.076063982997012919 0.076504982871370253 -0.076835248483142771 -0.076789103880692461 0.076952961779119311 -0.076292851146790464
leaf_weight=0.79424390196800831 0.67594370059668918 3.8031474538147441 1.3323258124291886 1.2477584257721925 1.1598057094961394 0.93150569312274534 0.56009092181921083 0.35509164165705442 3.2882820460945368 10.309325398877256 0.67313242517411698 0.41481090895831574 0.58132902719080526 0.71629519946873177
leaf_count=45 29 212 75 39 63 29 10 13 181 403 30 16 19 36
internal_value=0 0.0198217 0.0404348 0.0532207 0.0633643 0.0752324 0.0770597 -0.0773088 -0.0763703 0.0765939 -0.07621 -0.0762107 0.0765289 -0.0761049
internal_weight=0 21.4894 17.6863 15.9392 14.7898 13.63 12.3823 1.14934 5.35365 11.8222 4.67771 1.74714 10.8907 4.00458
internal_count=1200 924 712 621 563 500 461 58 276 451 247 91 422 217
is_linear=0
shrinkage=0.1


Tree=97
num_leaves=15
num_cat=0
split_feature=2 3 3 2 2 3 2 3 1 1 4 0 0 1
split_gain=3.56129 6.36744 1.28776 0.437638 0.0717133 0.000944058 4.8564e-05 2.6231e-05 8.02632e-06 6.07486e-06 1.08263e-06 9.13386e-07 7.94484e-07 4.57402e-07
threshold=-0.067992143332958208 0.04514789022505284 -0.080127414315938936 -0.046276550740003579 0.079016808420419707 -0.087906856089830385 0.046794245019555099 -0.040977856144309037 0.034136299043893821 0.047436069697141654 0.30584140121936804 0.11087276041507722 0.050314798951148994 0.27393272519111639
decision_type=2 2 2 2 2 2 2 2 2 2 2 2 2 2
left_child=5 2 -2 -4 -3 -1 7 -5 10 -10 11 -9 13 -11
right_child=1 4 3 6 -6 -7 -8 8 9 12 -12 -13 -14 -15
leaf_value=0.077169139215655866 0.085142655452867741 0.044288344232906979 -0.0015498104309952013 -0.076445566494019054 0.077147943565836027 0.080778033824552842 -0.077204509488879081 -0.075534106721526093 -0.07612898775083822 -0.075650889848089362 -0.075635507207891334 -0.075649851472870455 -0.075878017655878371 -0.075793185736688307
leaf_weight=3.8184194713830948 0.56428587436676281 0.78458394668996234 0.86491173505783336 0.40856509562581855 4.3272749744355679 0.89469361677766102 0.2082245387136944 4.2545449654571623 0.44601049739867482 1.0580294588580725 2.2899943124502897 0.81189848110079754 0.24219617247581471 0.28722275141626585
leaf_count=105 5 20 7 22 120 15 7 457 28 94 209 73 17 21
internal_value=0 -0.0206763 -0.0621495 -0.0697947 0.0721046 0.0778542 -0.0756933 -0.0756612 -0.0756271 -0.0758029 -0.0755784 -0.0755527 -0.0757113 -0.0756813
internal_weight=0 16.5477 11.4359 10.8716 5.11186 4.71311 10.0067 9.79846 9.3899 2.03346 7.35644 5.06644 1.58745 1.34525
internal_count=1200 1080 940 935 140 120 928 921 899 160 739 530 132 115
is_linear=0
shrinkage=0.1


Tree=98
num_leaves=15
num_cat=0
split_feature=1 0 3 2 2 1 0 1 2 1 0 1 0 4
split_gain=2.97647 3.6918 1.25777 1.22051 0.534192 0.336384 1.18884 0.00163099 0.000180733 1.41952e-05 1.03189e-05 2.37763e-06 1.34533e-06 8.2209e-07
threshold=0.0249448586255312 0.14293935894966128 -0.048458371311426156 0.050323812291026122 -0.046276550740003579 0.043034084141254432 0.060567913576960571 0.033131964504718787 -0.10409702360630034 0.23749300092458728 0.043390547856688506 0.27071440219879156 0.0053518577478826055 0.27636989951133734
decision_type=2 2 2 2 2 2 2 2 2 2 2 2 2 2
left_child=1 13 8 4 -4 6 7 -6 -2 -5 11 12 -7 -1
right_child=2 -3 3 9 5 10 -8 -9 -10 -11 -12 -13 -14 -15
leaf_value=-0.075516963293787057 -0.075629703176214591 0.077238331761301071 -0.021732503747623047 -0.075585623108093067 -0.075571581037030475 0.077419330975621092 0.078039437644256512 -0.085473384982729689 -0.078737490981911781 -0.076572772676911274 0.077654297218084672 0.077491391893651229 0.077271129982954753 -0.075589085422333252
leaf_weight=4.9538699118420499 0.65337761491537094 2.0210865214467049 0.79112230986356458 0.55774057656526643 0.33056931989267324 0.79969112202525172 1.6316418051719663 0.33485642075538635 0.26222752965986629 0.19716970808804035 1.4210911430418489 0.86522455140948284 2.6171210221946239 2.3209021426737309
leaf_count=554 60 54 4 55 35 20 37 5 10 15 33 21 69 228
internal_value=0 -0.0423232 0.0354393 0.0461776 0.0566556 0.0644072 0.0320972 -0.0805544 -0.0765198 -0.0758434 0.0774208 0.0773433 0.0773058 -0.07554
internal_weight=0 9.29586 10.4618 9.54623 8.79132 8.0002 2.29707 0.665426 0.915605 0.75491 5.70313 4.28204 3.41681 7.27477
internal_count=1200 836 364 294 224 220 77 40 70 70 143 110 89 782
is_linear=0
shrinkage=0.1


Tree=99
num_leaves=15
num_cat=0
split_feature=4 2 2 1 5 7 3 1 4 5 3 0 2 5
split_gain=10.0055 2.3427e-05 1.0976e-05 1.05126e-05 1.20541e-05 3.64186e-06 3.32515e-06 1.24652e-06 7.25929e-07 5.52443e-07 4.35671e-07 4.90149e-07 3.61603e-07 2.5655e-07
threshold=0.56793908774852764 -0.025242735631763932 0.025647088885307315 0.040321623906493194 0.36159837245941168 0.91211363673210155 -0.026893372647464272 0.12768691778182986 0.30584140121936804 0.40890356898307806 0.063414195552468314 0.11087276041507722 -0.067992143332958208 0.29090544581413275
decision_type=2 2 2 2 2 2 2 2 2 2 2 2 2 2
left_child=3 -2 6 8 -5 7 -3 -6 10 -9 11 12 -1 -8
right_child=1 2 -4 4 5 -7 13 9 -10 -11 -12 -13 -14 -15
leaf_value=-0.075535718461290494 0.077898474606233989 0.077512389385457903 0.077708393436305201 -0.076219992097395647 -0.075778325493726012 -0.075936358447213567 0.077286635106586274 -0.07553529166712894 -0.075689773755110129 -0.075707285144652733 -0.075565251635817121 -0.075543941842721146 -0.075448928289532119 0.077344740993370339
leaf_weight=0.54895840492099468 0.92880995571613301 0.80761699751019467 0.8295876346528529 0.41524713486433062 0.29248341452330429 0.34814883023500431 4.8593864403665048 1.5776868276298044 0.1736322110518812 0.21182519663125265 0.56985618080943812 0.82302853930741537 3.8245886792428814 0.90069762617349614
leaf_count=59 22 20 20 33 27 30 127 170 16 20 60 87 486 23
internal_value=0 0.0774251 0.0773657 -0.075564 -0.0757221 -0.075637 0.0773224 -0.0755869 -0.0754883 -0.0755557 -0.0754822 -0.0754731 -0.0754598 0.0772957
internal_weight=0 8.3261 7.39729 8.78546 2.84539 2.43014 6.5677 2.082 5.94006 1.78951 5.76643 5.19658 4.37355 5.76008
internal_count=1200 212 190 988 280 247 170 217 708 190 692 632 545 150
is_linear=0
shrinkage=0.1


Tree=100
num_leaves=15
num_cat=0
split_feature=1 4 0 2 3 4 1 5 5 2 7 3 1 3
split_gain=3.42554 3.64732 2.26214 1.83807 2.10904 0.0882742 0.00391942 8.6003e-05 7.46204e-05 3.5475e-05 2.69138e-05 1.25716e-05 1.18435e-05 2.52904e-06
threshold=0.043034084141254432 0.56793908774852764 0.060567913576960571 -0.067992143332958208 0.063414195552468314 0.30584140121936804 0.030859306454658512 0.39393989741802221 0.36159837245941168 -0.030226236209273335 0.91211363673210155 -0.033367959782481187 0.034136299043893821 0.035356717184185989
decision_type=2 2 2 2 2 2 2 2 2 2 2 2 2 2
left_child=1 2 3 7 5 6 9 -1 -2 -5 -10 -11 -4 -13
right_child=8 -3 12 4 -6 -7 -8 -9 10 11 -12 13 -14 -15
leaf_value=-0.075874987052581042 -0.077202215016773365 -0.075892770523462189 -0.075885976198466806 0.077055143214946803 -0.075961557471207183 0.03304655530846351 0.085652146273085761 -0.077833590008661149 -0.075944522678665249 0.076751985561482577 -0.076677279471501436 0.076287503517792676 -0.07654400236614213 0.076527993187069321
leaf_weight=0.68287827447057015 0.65789457131177087 3.282418916001915 1.1496454579755653 0.71926196292042632 1.0042427387088526 0.48144991137087423 0.47547744400799352 0.3337711188942194 3.3967790147289638 0.65538196079432687 0.58802493661642063 9.0332958083599788 0.35891627147793759 0.45952824875712472
leaf_count=45 32 212 75 26 63 12 9 14 214 24 30 410 16 18
internal_value=0 0.0197868 0.0402417 0.0529118 0.0631689 0.0749852 0.0767653 -0.076518 -0.0762156 0.0763765 -0.0760527 0.0763284 -0.0760425 0.0762991
internal_weight=0 18.6363 15.3538 13.8453 12.8286 11.8244 11.3429 1.01665 4.6427 10.8675 3.9848 10.1482 1.50856 9.49282
internal_count=1200 924 712 621 562 499 487 59 276 478 244 452 91 428
is_linear=0
shrinkage=0.1


Tree=101
num_leaves=15
num_cat=0
split_feature=2 3 3 1 0 2 3 2 2 2 3 3 1 1
split_gain=3.06757 5.43086 1.06213 0.774053 1.06539 0.00947833 0.000758516 4.28432e-05 2.42241e-05 2.36412e-05 1.34935e-05 3.62437e-06 3.28941e-06 4.03025e-06
threshold=-0.067992143332958208 0.063414195552468314 -0.080127414315938936 0.22576473653316501 0.17949624359607699 -0.052767565473914139 -0.087906856089830385 -0.032580731436610215 0.044631481170654304 0.10430775210261346 -0.035849241539835923 0.04514789022505284 0.034136299043893821 0.045598378404974944
decision_type=2 2 2 2 2 2 2 2 2 2 2 2 2 2
left_child=6 2 -2 5 -5 -4 -1 -7 10 -3 -9 12 -12 -14
right_child=1 9 3 4 -6 7 -8 8 -10 -11 11 -13 13 -15
leaf_value=0.076861026913094377 0.083644134019629487 0.077466601524063178 -0.092340187979967195 -0.07570841372686711 0.11906515977613011 -0.076533283693361279 0.080286583178475493 -0.076097033021557847 -0.076677494791920278 0.076841193730480151 -0.075491501626694824 -0.07597046385648637 -0.075996803871693913 -0.07556329512726806
leaf_weight=3.3022934794425964 0.49682034179568191 0.73675146140158077 0.35479363426566024 0.62770378775894531 0.50820177793502808 0.51773358974605521 0.80372630245983856 0.44958252459764114 0.20107579138129938 3.3652930781245232 5.9230530308559581 0.18397151306271542 0.29431117884814717 0.79037655889987946
leaf_count=105 5 20 3 54 2 35 15 33 10 108 696 11 22 81
internal_value=0 -0.0204166 -0.0590164 -0.0662114 0.0114329 -0.0763316 0.0775316 -0.0756522 -0.0755941 0.0769535 -0.0755655 -0.0755323 -0.0755208 -0.0756809
internal_weight=0 14.4497 10.3476 9.8508 1.13591 8.7149 4.10602 8.3601 7.84237 4.10204 7.64129 7.19171 7.00774 1.08469
internal_count=1200 1080 952 947 56 891 120 888 853 128 843 810 799 103
is_linear=0
shrinkage=0.1


Tree=102
num_leaves=15
num_cat=0
split_feature=1 0 2 2 7 5 1 0 3 0 0 2 3 0
split_gain=2.53686 3.17914 1.08353 1.04363 0.326164 0.342421 0.10732 0.139157 0.0431926 0.0220407 0.0118167 0.0047487 0.000266126 5.18414e-05
threshold=0.0249448586255312 0.14293935894966128 -0.067992143332958208 0.050323812291026122 0.87680718302726757 0.38520169258117681 0.034136299043893821 0.20326892286539081 -0.0017029334558174012 0.20017472654581073 0.0062993690371513375 0.020648283883929256 -0.094736505299806581 0.041700232774019248
decision_type=2 2 2 2 2 2 2 2 2 2 2 2 2 2
left_child=1 -1 12 4 6 8 7 -4 -6 10 -8 13 -2 -12
right_child=2 -3 3 -5 5 -7 9 -9 -10 -11 11 -13 -14 -15
leaf_value=-0.075465560574623974 -0.075542887509445641 0.076924063582353583 -0.0081163086116020841 -0.075751282030361078 0.036712634319822884 -0.019648837450840104 0.087663178029771568 0.076952285302429937 0.073147319072441291 0.060047980833143236 0.076956541495087932 0.06780194377235968 -0.079570263723462639 0.07800284721764443
leaf_weight=6.2804092946462351 0.56480090972036123 1.7505703940987585 0.38202001247554829 0.65541872195899475 0.56446121539920568 1.0025316639803348 0.98734312132000956 0.38719003088772297 0.76815967075526737 0.80628036241978396 1.3825534079223878 0.69922611862421025 0.23125479090958734 0.72023184783756722
leaf_count=782 60 54 31 70 18 19 21 12 24 20 42 21 8 18
internal_value=0 -0.0422481 0.0347644 0.0453854 0.0556964 0.0245008 0.0692749 0.0347039 0.0577146 0.0750614 0.0782559 0.074941 -0.0767128 0.0773149
internal_weight=0 8.03098 9.15147 8.35542 7.7 2.33515 5.36484 0.76921 1.33262 4.59563 3.78935 2.80201 0.796056 2.10279
internal_count=1200 836 364 296 226 61 165 43 42 122 102 81 68 60
is_linear=0
shrinkage=0.1


Tree=103
num_leaves=15
num_cat=0
split_feature=4 2 1 5 2 7 3 1 4 5 3 0 3 5
split_gain=8.61542 2.05982e-05 8.00592e-06 9.58496e-06 7.01207e-06 3.19631e-06 2.09768e-06 8.82157e-07 4.66433e-07 3.76866e-07 3.07479e-07 3.09885e-07 2.35813e-07 1.53323e-07
threshold=0.56793908774852764 -0.025242735631763932 0.040321623906493194 0.36159837245941168 0.025647088885307315 0.91211363673210155 -0.026893372647464272 0.12768691778182986 0.30584140121936804 0.40890356898307806 0.063414195552468314 0.11087276041507722 -0.038211543112993233 0.29090544581413275
decision_type=2 2 2 2 2 2 2 2 2 2 2 2 2 2
left_child=2 -2 8 -4 6 7 -3 -5 10 -9 11 12 -1 -8
right_child=1 4 3 5 -6 -7 13 9 -10 -11 -12 -13 -14 -15
leaf_value=-0.075453333169708203 0.077565546665016069 0.077156008069331816 -0.076113638807569675 -0.07568048686809789 0.077325344748139804 -0.075858116199152448 0.0769635017834428 -0.075461086221683488 -0.075594914574300051 -0.075613763596774727 -0.075490861804758919 -0.075468296297669615 -0.075385334836487808 0.077011786709064611
leaf_weight=0.60788531787693489 0.81229214370250691 0.69916607812046994 0.36470199422910843 0.25350237730890546 0.71851053088903416 0.30413557495921839 4.2067918218672276 1.3613599967211483 0.14997730217874039 0.18346050800755609 0.49329970497637976 0.70995437260717142 3.1672109370119874 0.779488906264305
leaf_count=77 22 20 33 27 20 30 127 170 16 20 60 87 468 23
internal_value=0 0.0770912 -0.0754924 -0.0756404 0.077031 -0.0755583 0.0769938 -0.0755076 -0.0754212 -0.0754792 -0.0754159 -0.0754077 -0.0753963 0.0769711
internal_weight=0 7.21625 7.59549 2.46716 6.40396 2.10246 5.68545 1.79832 5.12833 1.54482 4.97835 4.48505 3.7751 4.98628
internal_count=1200 212 988 280 190 247 170 217 708 190 692 632 545 150
is_linear=0
shrinkage=0.1


Tree=104
num_leaves=15
num_cat=0
split_feature=1 4 0 2 3 5 1 5 5 2 7 1 3 3
split_gain=2.95877 3.13264 2.00533 1.61447 1.82108 0.060313 0.00319232 5.52661e-05 4.79765e-05 2.3505e-05 1.87078e-05 8.00706e-06 7.86206e-06 2.60434e-06
threshold=0.043034084141254432 0.36240006983280187 0.060567913576960571 -0.067992143332958208 0.063414195552468314 0.33089952170848852 0.031173014082014564 0.39393989741802221 0.36159837245941168 -0.030687787570059296 0.91211363673210155 0.034136299043893821 -0.033367959782481187 0.036815324798226363
decision_type=2 2 2 2 2 2 2 2 2 2 2 2 2 2
left_child=1 2 3 7 6 -3 9 -1 -2 -5 -10 -4 -11 -14
right_child=8 5 11 4 -6 -7 -8 -9 10 12 -12 -13 13 -15
leaf_value=-0.075752047832531311 -0.07690230707364358 -0.07576493410947005 -0.075771126391604549 0.076789706286466503 -0.075825744138955264 -0.028839279100911983 0.085230148539820139 -0.077440331508124641 -0.075815451026671171 0.076507694859794334 -0.076467260149870542 -0.076348164639326699 0.076111082365419649 0.076375575170758769
leaf_weight=0.58882966730743902 0.57123141642659803 2.7700042780488725 1.0018727164715517 0.60819911956787009 0.8506988603621729 0.30395379103720177 0.40692964568734247 0.28908982593566179 2.9403959233313803 0.56772025860845943 0.51788838207721699 0.31641913391649712 8.0725641008466447 0.39027832448482591
leaf_count=45 32 208 75 25 62 8 7 14 214 24 30 16 423 17
internal_value=0 0.019722 0.0410516 0.054147 0.0646577 -0.0711249 0.0765543 -0.076308 -0.0760533 0.076188 -0.0759131 -0.0759096 0.0761474 0.0761233
internal_weight=0 16.1666 13.0926 11.7743 10.8964 3.07396 10.0457 0.877919 4.02952 9.63876 3.45828 1.31829 9.03056 8.46284
internal_count=1200 924 708 617 558 216 496 59 276 489 244 91 464 440
is_linear=0
shrinkage=0.1


Tree=105
num_leaves=15
num_cat=0
split_feature=2 3 3 1 0 2 3 2 2 2 3 3 1 1
split_gain=2.6185 4.61753 0.967061 0.711926 0.915217 0.00634529 0.000486924 3.08015e-05 1.54997e-05 1.52002e-05 9.44175e-06 2.34524e-06 2.33171e-06 2.71504e-06
threshold=-0.067992143332958208 0.063414195552468314 -0.080127414315938936 0.22576473653316501 0.17949624359607699 -0.052767565473914139 -0.087906856089830385 -0.03396469168365001 0.044631481170654304 0.10430775210261346 -0.038211543112993233 0.04514789022505284 0.034136299043893821 0.045598378404974944
decision_type=2 2 2 2 2 2 2 2 2 2 2 2 2 2
left_child=6 2 -2 5 -5 -4 -1 -7 10 -3 -9 12 -12 -14
right_child=1 9 3 4 -6 7 -8 8 -10 -11 11 -13 13 -15
leaf_value=0.076597491033056658 0.083020996834709926 0.077119636965727767 -0.089990999622027903 -0.075618511615903924 0.1137409077524147 -0.076406727894503812 0.07954098549035786 -0.075987800195426281 -0.076445374234686725 0.076580564000411661 -0.075424541747228513 -0.075839341656980322 -0.075871140561368289 -0.075491295334904229
leaf_weight=2.8541545867919926 0.46166533976793189 0.63775135762989466 0.31827957555651565 0.54776455182582118 0.47795049846172333 0.40929749608039667 0.69978956878185528 0.35930527187883665 0.17397446744143952 2.9085973408073187 5.1843489385210004 0.15947161614894856 0.25901686819270242 0.68802058743312955
leaf_count=105 5 20 3 54 2 30 15 29 10 108 705 11 22 81
internal_value=0 -0.020026 -0.0579661 -0.0655545 0.0126169 -0.0761722 0.0771771 -0.0755641 -0.0755136 0.0766775 -0.0754892 -0.0754607 -0.0754509 -0.0755952
internal_weight=0 12.5854 9.0391 8.57743 1.02572 7.55171 3.55394 7.23344 6.82414 3.54635 6.65016 6.29086 6.13139 0.947037
internal_count=1200 1080 952 947 56 891 120 888 858 128 848 819 808 103
is_linear=0
shrinkage=0.1


Tree=106
num_leaves=15
num_cat=0
split_feature=1 0 2 2 0 1 0 0 2 1 3 1 3 1
split_gain=2.15916 2.73526 0.936383 0.949331 0.806523 0.22322 0.931309 0.056107 0.0240205 0.000821808 0.000172379 6.50624e-06 3.20237e-06 1.7832e-06
threshold=0.0249448586255312 0.14293935894966128 -0.046276550740003579 0.050323812291026122 0.00050086373812519025 0.043034084141254432 0.060567913576960571 0.060567913576960571 -0.052767565473914139 0.033131964504718787 -0.094736505299806581 0.23749300092458728 -0.01538082445040345 0.27071440219879156
decision_type=2 2 2 2 2 2 2 2 2 2 2 2 2 2
left_child=1 -1 4 5 -2 6 9 12 10 -4 -6 -5 -7 -14
right_child=2 -3 3 11 8 7 -8 -9 -10 -11 -12 -13 13 -15
leaf_value=-0.075401452884670733 0.10635638106011647 0.076651717069070618 -0.075462289439114913 -0.075435799486955613 -0.075478367667960067 0.076963684542165178 0.077293452311416197 0.04652884461180732 -0.11055338423541979 -0.083245835402812107 -0.078932655472359448 -0.076206501712287086 0.076678982162883672 0.076864838850619011
leaf_weight=5.4193496522493669 0.27720358967781056 1.513452587649226 0.26615910511463692 0.41585359629243601 0.51140402397140849 0.64545834064483587 1.2577800918370483 0.73521110974252213 0.29089543223381031 0.2766375532373786 0.20134377619251609 0.14870497724041343 2.4174667615443481 0.65639896132051934
leaf_count=782 1 54 35 55 62 20 37 19 1 5 8 15 85 21
internal_value=0 -0.0422078 0.0338176 0.0485522 -0.0446343 0.0597611 0.0300483 0.0717714 -0.0863375 -0.0794292 -0.0764542 -0.0756388 0.0767612 0.0767187
internal_weight=0 6.9328 8.10052 6.81967 1.28085 6.25511 1.80058 4.45454 1.00364 0.542797 0.712748 0.564559 3.71932 3.07387
internal_count=1200 836 364 292 72 222 77 145 71 40 70 70 126 106
is_linear=0
shrinkage=0.1


Tree=107
num_leaves=15
num_cat=0
split_feature=4 2 1 5 2 7 3 1 4 5 3 0 3 5
split_gain=7.42279 1.2713e-05 5.27166e-06 6.0823e-06 4.4646e-06 2.23651e-06 1.28925e-06 6.03622e-07 3.86976e-07 2.44283e-07 1.93113e-07 2.42991e-07 1.51564e-07 1.14769e-07
threshold=0.56793908774852764 -0.025242735631763932 0.040321623906493194 0.36159837245941168 0.025647088885307315 0.91211363673210155 -0.026893372647464272 0.12768691778182986 0.30584140121936804 0.40408973395824438 0.063414195552468314 0.11087276041507722 -0.038211543112993233 0.29090544581413275
decision_type=2 2 2 2 2 2 2 2 2 2 2 2 2 2
left_child=2 -2 8 -4 6 7 -3 -5 10 -9 11 12 -1 -8
right_child=1 4 3 5 -6 -7 13 9 -10 -11 -12 -13 -14 -15
leaf_value=-0.075390319597105737 0.077197740352710764 0.076851057091369829 -0.075960150123473624 -0.075592443735628248 0.076998589721785998 -0.075752135962241271 0.076688142066292861 -0.07539340877433845 -0.075531781075963617 -0.075503091947505235 -0.075422970347169327 -0.075409377593688515 -0.075331609029819932 0.076733000658636474
leaf_weight=0.52414570422843132 0.70256653986871231 0.60481080412864674 0.3163124346174303 0.22067172685638059 0.62230056338012207 0.26770383585244406 3.642416700720787 1.0860931170172987 0.13369540823623527 0.24974665651097883 0.42552587715908874 0.61995683610439289 2.7294479683041577 0.67622763663530339
leaf_count=77 22 20 33 27 20 30 127 158 16 32 60 87 468 23
internal_value=0 0.076797 -0.0754265 -0.0755553 0.0767462 -0.0754851 0.0767143 -0.0754392 -0.0753642 -0.0754139 -0.075359 -0.075352 -0.0753411 0.0766952
internal_weight=0 6.24832 6.5733 2.14053 5.54576 1.82422 4.92346 1.55651 4.43277 1.33584 4.29908 3.87355 3.25359 4.31864
internal_count=1200 212 988 280 190 247 170 217 708 190 692 632 545 150
is_linear=0
shrinkage=0.1


Tree=108
num_leaves=15
num_cat=0
split_feature=1 4 0 3 3 2 1 4 5 7 4 3 1 3
split_gain=2.54779 2.69199 1.68751 1.36413 1.55338 0.0343149 0.00208901 0.000209422 2.97816e-05 1.37044e-05 5.97671e-06 5.37537e-06 5.18192e-06 1.04601e-06
threshold=0.043034084141254432 0.56793908774852764 0.060567913576960571 -0.066597066819667802 0.063414195552468314 -0.028016408905386921 0.031173014082014564 0.17077786475420001 0.36159837245941168 0.91211363673210155 0.28795985877513891 -0.033367959782481187 0.034136299043893821 0.035356717184185989
decision_type=2 2 2 2 2 2 2 2 2 2 2 2 2 2
left_child=1 2 3 7 5 -5 10 -1 -2 -10 11 -7 -4 -13
right_child=8 -3 12 4 -6 6 -8 -9 9 -11 -12 13 -14 -15
leaf_value=-0.075648027946108143 -0.076631080416605962 -0.075661206159079689 -0.075663104421736183 0.055304906571987389 -0.075712828756110975 0.076305979874907504 0.08382236858079356 -0.07923599770874909 -0.075703070586266644 -0.076301577594089773 0.076417775653215322 0.075948399220448881 -0.076162596641769831 0.076127641766760332
leaf_weight=0.51996885146945615 0.49426555074751322 2.4450087901204816 0.86396966315805801 0.85785575211047849 0.74822534341365177 0.47261544503271125 0.35713801998645056 0.2367438655346632 2.5413132105022673 0.45038092508912075 0.32530579529702652 6.5325882080942455 0.2734316224232316 0.34265314415097226
leaf_count=46 32 212 75 38 63 23 7 12 214 30 15 399 16 18
internal_value=0 0.0196483 0.0398585 0.0525141 0.0626664 0.0743154 0.0763463 -0.0767706 -0.075912 -0.0757932 0.0759983 0.0759798 -0.0757832 0.0759573
internal_weight=0 13.9755 11.5305 10.3931 9.63638 8.88816 8.0303 0.756713 3.48596 2.99169 7.67316 7.34786 1.1374 6.87524
internal_count=1200 924 712 621 563 500 462 58 276 244 455 440 91 417
is_linear=0
shrinkage=0.1


Tree=109
num_leaves=15
num_cat=0
split_feature=2 3 3 1 0 2 3 2 2 2 3 3 1 1
split_gain=2.23918 3.94001 0.868085 0.628278 0.760079 0.00401301 0.000312265 2.46575e-05 9.92922e-06 9.74427e-06 5.87225e-06 1.48088e-06 1.57598e-06 1.80938e-06
threshold=-0.067992143332958208 0.063414195552468314 -0.080127414315938936 0.22576473653316501 0.17949624359607699 -0.052767565473914139 -0.087906856089830385 -0.036562610417604439 0.044631481170654304 0.10430775210261346 -0.038211543112993233 0.04514789022505284 0.034136299043893821 0.045598378404974944
decision_type=2 2 2 2 2 2 2 2 2 2 2 2 2 2
left_child=6 2 -2 5 -5 -4 -1 -7 10 -3 -9 12 -12 -14
right_child=1 9 3 4 -6 7 -8 8 -10 -11 11 -13 13 -15
leaf_value=0.076371790240693779 0.082294360989426024 0.076821931561429677 -0.087686060180510284 -0.075534450459472172 0.10690690132397436 -0.076376619942618809 0.078901542443420028 -0.075840817272303143 -0.076245300852813336 0.076357794563123929 -0.075366504006331159 -0.075721923889873033 -0.075758634439649877 -0.075425865572406076
leaf_weight=2.465378670021892 0.42202340066432853 0.55161869898438487 0.28184869140386482 0.47331216279417265 0.44123589992523193 0.2970004859380414 0.60834157094359476 0.31675886362790873 0.15035129012539972 2.5130608417093754 4.5222696457058218 0.13758003804832686 0.22511388594284643 0.59599296981468797
leaf_count=105 5 20 3 54 2 21 15 30 10 108 713 11 22 81
internal_value=0 -0.0197398 -0.057225 -0.0651375 0.0124868 -0.0760142 0.0768725 -0.0754874 -0.075443 0.0764413 -0.0754222 -0.075398 -0.0753896 -0.0755171
internal_weight=0 10.9282 7.86349 7.44146 0.914548 6.52692 3.07372 6.24507 5.94807 3.06468 5.79772 5.48096 5.34338 0.821107
internal_count=1200 1080 952 947 56 891 120 888 867 128 857 827 816 103
is_linear=0
shrinkage=0.1


Tree=110
num_leaves=15
num_cat=0
split_feature=1 0 3 2 2 1 0 1 2 0 1 3 1 7
split_gain=1.84993 2.35347 0.818453 0.750905 0.399303 0.23975 0.798429 0.000531291 0.000125082 5.17705e-06 3.86224e-06 2.03802e-06 1.13438e-06 3.3695e-07
threshold=0.0249448586255312 0.14293935894966128 -0.048458371311426156 0.050323812291026122 -0.046276550740003579 0.043034084141254432 0.060567913576960571 0.033131964504718787 -0.089300487190484987 0.060567913576960571 0.23749300092458728 -0.01538082445040345 0.27071440219879156 0.87444406747818004
decision_type=2 2 2 2 2 2 2 2 2 2 2 2 2 2
left_child=1 -1 8 4 -4 6 7 -6 -2 11 -5 -7 13 -13
right_child=2 -3 3 10 5 9 -8 -9 -10 -11 -12 12 -14 -15
leaf_value=-0.075346597078581407 -0.075400774614817714 0.076418426754815166 -0.019771329984156434 -0.075375167099424378 -0.075397720264841483 0.076685886175299589 0.076971875188404981 -0.082115554558056927 -0.078525023855195331 0.076850339754911026 -0.07601574290235491 0.076417967666632822 0.076601048684578399 0.07650987148240293
leaf_weight=4.6746665886603296 0.43939261510968208 1.3076228797435758 0.65791225433349598 0.35853813216090191 0.22930665314197529 0.55804285407066334 1.0883058495819566 0.2419378412887454 0.18090514419600356 0.52689782716333855 0.12762848474085331 1.5515239145606772 0.56739026866853226 0.53700750693678845
leaf_count=782 63 54 4 55 35 20 37 5 7 17 15 64 21 21
internal_value=0 -0.0421734 0.0333969 0.0439566 0.0537072 0.0628277 0.0298887 -0.0788467 -0.0763119 0.0765598 -0.0755433 0.0765122 0.0764757 0.0764416
internal_weight=0 5.98229 7.06479 6.44449 5.95832 5.30041 1.55955 0.471244 0.620298 3.74086 0.486167 3.21396 2.65592 2.08853
internal_count=1200 836 364 294 224 220 77 40 70 143 70 126 106 85
is_linear=0
shrinkage=0.1


Tree=111
num_leaves=15
num_cat=0
split_feature=4 2 1 5 2 7 3 1 4 5 3 0 3 5
split_gain=6.38709 7.9199e-06 3.48471e-06 3.75165e-06 2.84285e-06 1.65457e-06 8.16945e-07 4.37035e-07 3.64568e-07 1.57924e-07 1.24784e-07 1.55622e-07 9.72883e-08 8.39394e-08
threshold=0.56793908774852764 -0.025242735631763932 0.040321623906493194 0.36159837245941168 0.025647088885307315 0.91211363673210155 -0.024405241012573239 0.12768691778182986 0.30584140121936804 0.40408973395824438 0.063414195552468314 0.11087276041507722 -0.038211543112993233 0.29090544581413275
decision_type=2 2 2 2 2 2 2 2 2 2 2 2 2 2
left_child=2 -2 8 -4 6 7 -3 -5 10 -9 11 12 -1 -8
right_child=1 4 3 5 -6 -7 13 9 -10 -11 -12 -13 -14 -15
leaf_value=-0.075336051695234427 0.076883907099314142 0.076581272277319964 -0.075823649166411211 -0.075519118164346644 0.076717144804405599 -0.075668637802941821 0.076449002752172979 -0.07533877089895219 -0.075487432019168133 -0.075433690225446604 -0.075364415517655173 -0.075352430326860662 -0.075285387602727016 0.076491078328277784
leaf_weight=0.45183310797438148 0.60723251290619362 0.60077793709933747 0.27348622074350704 0.19303667079657305 0.53811139427125443 0.23274383228272189 3.0965246371924882 0.9365525417961178 0.11824667220935214 0.21564103849232197 0.36695163277909149 0.53449797770008434 2.351887088734657 0.55986582301557053
leaf_count=77 22 23 33 27 20 30 125 158 16 32 60 87 468 22
internal_value=0 0.0765437 -0.0753691 -0.0754817 0.0765006 -0.0754225 0.0764732 -0.0753799 -0.0753146 -0.0753565 -0.0753091 -0.075303 -0.0752936 0.0764554
internal_weight=0 5.40251 5.67488 1.85146 4.79528 1.57797 4.25717 1.34523 3.82342 1.15219 3.70517 3.33822 2.80372 3.65639
internal_count=1200 212 988 280 190 247 170 217 708 190 692 632 545 147
is_linear=0
shrinkage=0.1


Tree=112
num_leaves=15
num_cat=0
split_feature=1 4 0 2 3 4 1 5 5 2 7 1 3 3
split_gain=2.19281 2.31066 1.44698 1.18555 1.33398 0.0702981 0.00135508 3.67536e-05 2.31291e-05 1.02854e-05 9.1356e-06 3.34718e-06 3.32082e-06 6.4605e-07
threshold=0.043034084141254432 0.56793908774852764 0.060567913576960571 -0.067992143332958208 0.063414195552468314 0.30584140121936804 0.031173014082014564 0.39393989741802221 0.36159837245941168 -0.030226236209273335 0.91211363673210155 0.034136299043893821 -0.033367959782481187 0.035356717184185989
decision_type=2 2 2 2 2 2 2 2 2 2 2 2 2 2
left_child=1 2 3 7 5 6 9 -1 -2 -5 -10 -4 -11 -14
right_child=8 -3 11 4 -6 -7 -8 -9 10 12 -12 -13 13 -15
leaf_value=-0.075555546291920669 -0.076474935278472614 -0.075568725173953966 -0.075570285422752292 0.076326047992461218 -0.075613439949951539 0.030094937630837183 0.082604007030959645 -0.077118333719704127 -0.075604965597516866 0.076114409893006718 -0.07613060375218518 -0.076002341916282967 0.075817598445474074 0.075969110883793628
leaf_weight=0.43721695709973296 0.43189389165490988 2.1081888945773235 0.74484896287322122 0.4738927492871835 0.64525178633630265 0.34689894691109646 0.3126941006630658 0.22946941759437323 2.1914527034386997 0.4236047482117965 0.38939815666526545 0.23615717049688101 5.8341069091111493 0.29569351859390725
leaf_count=45 32 212 75 26 63 12 7 14 214 24 30 16 412 18
internal_value=0 0.0195569 0.0396516 0.0522239 0.062491 0.0740838 0.0761628 -0.0760934 -0.0757976 0.0758762 -0.0756843 -0.0756743 0.0758436 0.0758249
internal_weight=0 12.088 9.97984 8.99883 8.33214 7.68689 7.33999 0.666686 3.01274 7.0273 2.58085 0.981006 6.55341 6.1298
internal_count=1200 924 712 621 562 499 487 59 276 480 244 91 454 430
is_linear=0
shrinkage=0.1


Tree=113
num_leaves=15
num_cat=0
split_feature=2 3 0 1 3 2 3 2 2 2 3 1 3 1
split_gain=1.93461 3.37267 0.750866 0.938111 0.278203 0.00343303 0.00032529 1.7017e-05 8.11772e-06 6.25287e-06 3.32269e-06 1.0427e-06 9.31397e-07 6.69305e-07
threshold=-0.067992143332958208 0.063414195552468314 0.17949624359607699 0.17992245405912402 -0.080127414315938936 -0.052767565473914139 -0.080127414315938936 -0.036562610417604439 0.046794245019555099 0.10430775210261346 -0.035849241539835923 0.040321623906493194 0.04514789022505284 0.17933385074138644
decision_type=2 2 2 2 2 2 2 2 2 2 2 2 2 2
left_child=6 2 4 -4 -2 -6 -1 -7 10 -3 -9 12 -12 -13
right_child=1 9 3 -5 5 7 -8 8 -10 -11 11 13 -14 -15
leaf_value=0.076179022673572211 0.08271362472983039 0.076566358016431843 -0.075413594476965495 0.094526910458872987 -0.087138942487564736 -0.076282740164499707 0.079142372191879001 -0.075697821620971051 -0.076211493427631422 0.076166404137862118 -0.075313824998873596 -0.075609837774949035 -0.075613699627981368 -0.07539793371796108
leaf_weight=2.2307973895221953 0.11274682730436225 0.47679535672068629 0.63381645595654823 0.66632955521345139 0.26293716207146456 0.22144957771524598 0.44418728351593095 0.2852960852906089 0.11651777289807785 2.1696784719824791 3.5572346809785862 0.19043486891314376 0.10668134316802014 0.68596247117966413
leaf_count=110 1 20 92 6 3 18 10 33 7 108 655 25 10 102
internal_value=0 -0.0196185 -0.0567099 0.0116815 -0.0727624 -0.0759927 0.0766711 -0.0754251 -0.0753867 0.0762385 -0.0753668 -0.075346 -0.0753226 -0.075444
internal_weight=0 9.48588 6.83941 1.30015 5.53926 5.42651 2.67498 5.16358 4.94213 2.64647 4.82561 4.54031 3.66392 0.876397
internal_count=1200 1080 952 98 854 853 120 850 832 128 825 792 665 127
is_linear=0
shrinkage=0.1


Tree=114
num_leaves=15
num_cat=0
split_feature=1 0 3 2 2 1 0 1 2 0 1 3 1 7
split_gain=1.58553 2.02517 0.698491 0.638765 0.356309 0.207063 0.685432 0.000374912 7.99102e-05 3.28628e-06 2.31913e-06 1.29731e-06 7.21909e-07 2.13543e-07
threshold=0.0249448586255312 0.14293935894966128 -0.048458371311426156 0.050323812291026122 -0.046276550740003579 0.043034084141254432 0.060567913576960571 0.036206537857651717 -0.089300487190484987 0.060567913576960571 0.23749300092458728 -0.01538082445040345 0.27071440219879156 0.87444406747818004
decision_type=2 2 2 2 2 2 2 2 2 2 2 2 2 2
left_child=1 -1 8 4 -4 6 7 -6 -2 11 -5 -7 13 -13
right_child=2 -3 3 10 5 9 -8 -9 -10 -11 -12 12 -14 -15
leaf_value=-0.07529865754864383 -0.075344938439079231 0.076218479178551804 -0.017855431571655044 -0.075322961541584479 -0.075353413059860722 0.076447895268281219 0.076695679066426936 -0.081407774852440926 -0.078028656970277679 0.076588610347523609 -0.075858360046873352 0.076217949467600313 0.076375057390192624 0.076296681889347684
leaf_weight=4.0320935528725386 0.37872484605759382 1.1291860453784464 0.62567096948623646 0.30904876254498947 0.20784782432019688 0.48216082528233517 0.94097744673490524 0.20137600600719452 0.15692156553268422 0.45543733984231938 0.10959413694217801 1.339657010510565 0.49015574529767025 0.46374101750552643
leaf_count=782 63 54 4 55 36 20 37 4 7 17 15 64 21 21
internal_value=0 -0.0421497 0.0329857 0.0433752 0.0529298 0.0625968 0.0297091 -0.0783327 -0.0761312 0.0763396 -0.0754631 0.0762988 0.0762674 0.0762382
internal_weight=0 5.16128 6.16131 5.62567 5.20702 4.58135 1.3502 0.409224 0.535646 3.23115 0.418643 2.77571 2.29355 1.8034
internal_count=1200 836 364 294 224 220 77 40 70 143 70 126 106 85
is_linear=0
shrinkage=0.1


Tree=115
num_leaves=15
num_cat=0
split_feature=4 2 1 5 2 7 3 1 4 5 3 0 3 5
split_gain=5.49531 4.96958e-06 2.39237e-06 2.7422e-06 1.82326e-06 1.10662e-06 5.2185e-07 2.96547e-07 2.44834e-07 1.03116e-07 7.97881e-08 9.8501e-08 6.13636e-08 5.33427e-08
threshold=0.56793908774852764 -0.025242735631763932 0.040321623906493194 0.36159837245941168 0.025647088885307315 0.91211363673210155 -0.024405241012573239 0.12768691778182986 0.30584140121936804 0.40408973395824438 0.063414195552468314 0.11087276041507722 -0.038211543112993233 0.29090544581413275
decision_type=2 2 2 2 2 2 2 2 2 2 2 2 2 2
left_child=2 -2 8 -4 6 7 -3 -5 10 -9 11 12 -1 -8
right_child=1 4 3 5 -6 -7 13 9 -10 -11 -12 -13 -14 -15
leaf_value=-0.075289301089590421 0.076615855254475562 0.076358472463534471 -0.075733011715451881 -0.075451211658314477 0.076475706516869579 -0.075581901263180304 0.076244745731394295 -0.07529163738646126 -0.075423327732066836 -0.07537422143239926 -0.075313926244991933 -0.075303397171642403 -0.075245967599958843 0.076280836621980985
leaf_weight=0.38951756013557393 0.52452587150037278 0.51901071146130595 0.23841613437980402 0.16677506221458294 0.46501058340072621 0.20114181237295259 2.6742879338562493 0.80724725825712085 0.10241817450150836 0.18603698862716556 0.31635694205760945 0.46071090921759594 2.0291137266904125 0.48357592895627011
leaf_count=77 22 23 33 27 20 30 125 158 16 32 60 87 468 22
internal_value=0 0.0763259 -0.0753198 -0.0754202 0.0762891 -0.0753654 0.0762655 -0.0753278 -0.0752711 -0.0753071 -0.0752663 -0.075261 -0.0752529 0.0762503
internal_weight=0 4.66641 4.89773 1.59962 4.14189 1.3612 3.67687 1.16006 3.29812 0.993284 3.1957 2.87934 2.41863 3.15786
internal_count=1200 212 988 280 190 247 170 217 708 190 692 632 545 147
is_linear=0
shrinkage=0.1


Tree=116
num_leaves=15
num_cat=0
split_feature=1 4 0 3 3 3 1 4 5 2 7 4 1 5
split_gain=1.88805 1.98433 1.24157 1.02691 1.17619 0.0551204 0.000875318 0.000124378 1.87911e-05 9.51894e-06 6.13934e-06 3.42504e-06 2.15839e-06 4.00603e-07
threshold=0.043034084141254432 0.56793908774852764 0.060567913576960571 -0.048458371311426156 0.063414195552468314 -0.087906856089830385 0.031173014082014564 0.16064805537462237 0.36159837245941168 -0.028697077184915539 0.91211363673210155 0.28795985877513891 0.034136299043893821 0.40408973395824438
decision_type=2 2 2 2 2 2 2 2 2 2 2 2 2 2
left_child=1 2 3 5 6 7 9 -1 -2 -5 13 -11 -4 -10
right_child=8 -3 12 4 -6 -7 -8 -9 10 11 -12 -13 -14 -15
leaf_value=-0.075480325398084275 -0.076352686363375444 -0.075489225515871339 -0.075490513693515948 0.076176836201179099 -0.075527923914546866 -0.019558607616414859 0.081549015750479806 -0.078746268408969922 -0.075498242274138941 0.075711120552805655 -0.075983820101068272 0.076089788703652378 -0.075863999415007335 -0.075617181463821154
leaf_weight=0.33658264670521021 0.3781122397631419 1.8173180585727085 0.64200457837432612 0.51494986750185212 0.55630079749971617 0.25229360442608317 0.27321090828627337 0.17842088593170047 1.5419229888357224 5.4225555341690814 0.33631822373718012 0.24986939504742611 0.20386840123683214 0.3468887312337755
leaf_count=40 32 212 75 32 63 13 7 11 178 440 30 15 16 36
internal_value=0 0.0194826 0.0394818 0.0519851 0.0639958 -0.0578522 0.0760098 -0.0766118 -0.0757009 0.0757652 -0.0755902 0.0757278 -0.0755805 -0.0755201
internal_weight=0 10.4474 8.63006 7.78418 7.01689 0.767297 6.46059 0.515004 2.60324 6.18737 2.22513 5.67242 0.845873 1.88881
internal_count=1200 924 712 621 557 64 494 51 276 487 244 455 91 214
is_linear=0
shrinkage=0.1


Tree=117
num_leaves=15
num_cat=0
split_feature=2 3 0 1 3 2 3 2 2 2 3 1 3 1
split_gain=1.66092 2.87914 0.673167 0.809621 0.261905 0.00293349 0.000228099 1.08796e-05 5.18452e-06 4.00908e-06 2.67758e-06 6.71568e-07 6.11931e-07 4.49734e-07
threshold=-0.067992143332958208 0.063414195552468314 0.17949624359607699 0.17992245405912402 -0.080127414315938936 -0.052767565473914139 -0.080127414315938936 -0.036562610417604439 0.046794245019555099 0.10430775210261346 -0.039575660601258271 0.040321623906493194 0.04514789022505284 0.17933385074138644
decision_type=2 2 2 2 2 2 2 2 2 2 2 2 2 2
left_child=6 2 4 -4 -2 -6 -1 -7 10 -3 -9 12 -12 -13
right_child=1 9 3 -5 5 7 -8 8 -10 -11 11 13 -14 -15
leaf_value=0.076013045308044536 0.082239650175075341 0.076346861301425054 -0.07535600589455882 0.092770378687655378 -0.086610304743677188 -0.076104716305979356 0.078660674884624471 -0.07567100804073866 -0.076042979965472324 0.076002262852819011 -0.0752708862105822 -0.075529428342482732 -0.075531923122010403 -0.075342517505347636
leaf_weight=1.9251157436519863 0.10704217851161857 0.41187819652259383 0.54631314799189545 0.60209352895617485 0.24480389803647806 0.19123375508934071 0.39158026129007417 0.20275926403701117 0.10062876995652903 1.8724036253988741 3.1113827123772406 0.16456144349649537 0.092473737895488628 0.5912578497081995
leaf_count=110 1 20 92 6 3 18 10 24 7 108 664 25 10 102
internal_value=0 -0.0193795 -0.0559937 0.0127903 -0.0724293 -0.0759526 0.0764606 -0.0753668 -0.0753337 0.0760644 -0.0753166 -0.0752984 -0.0752784 -0.0753832
internal_weight=0 8.23883 5.95455 1.14841 4.80614 4.6991 2.3167 4.4543 4.26306 2.28428 4.16244 3.95968 3.20386 0.755819
internal_count=1200 1080 952 98 854 853 120 850 832 128 825 801 674 127
is_linear=0
shrinkage=0.1


Tree=118
num_leaves=15
num_cat=0
split_feature=1 0 3 2 2 1 0 1 2 0 1 3 1 7
split_gain=1.35916 1.74281 0.593898 0.543431 0.32055 0.178447 0.588194 0.000240881 4.90999e-05 2.0886e-06 1.44305e-06 8.26119e-07 4.59587e-07 1.35332e-07
threshold=0.0249448586255312 0.14293935894966128 -0.048458371311426156 0.050323812291026122 -0.046276550740003579 0.043034084141254432 0.060567913576960571 0.036206537857651717 -0.089300487190484987 0.060567913576960571 0.23749300092458728 -0.01538082445040345 0.27071440219879156 0.87444406747818004
decision_type=2 2 2 2 2 2 2 2 2 2 2 2 2 2
left_child=1 -1 8 4 -4 6 7 -6 -2 11 -5 -7 13 -13
right_child=2 -3 3 10 5 9 -8 -9 -10 -11 -12 12 -14 -15
leaf_value=-0.075257686991550277 -0.075296886411153507 0.076047005458046643 -0.016315869065854815 -0.075278013180048065 -0.075303895316658306 0.076243865442237754 0.076458448979422708 -0.08051692921764414 -0.077567166759149389 0.076364429455231905 -0.075733160650241493 0.076046425672405327 0.076181301013895766 0.076113890704183507
leaf_weight=3.4775778241455555 0.32637245114892721 0.97464445233345021 0.59493742510676373 0.26633608154952515 0.17897808039560936 0.41636498086154516 0.8131127692759037 0.17560659348964691 0.13452918734401453 0.39344181306660164 0.094330767635256052 1.1561836898326872 0.42321325466036808 0.40026971325278271
leaf_count=782 63 54 4 55 36 20 37 4 7 17 15 64 21 21
internal_value=0 -0.0421353 0.0325779 0.0427606 0.0521223 0.0624116 0.0295901 -0.0778856 -0.0759595 0.0761509 -0.0753971 0.0761158 0.0760889 0.0760638
internal_weight=0 4.45222 5.37368 4.91278 4.55211 3.95717 1.1677 0.354585 0.460902 2.78947 0.360667 2.39603 1.97967 1.55645
internal_count=1200 836 364 294 224 220 77 40 70 143 70 126 106 85
is_linear=0
shrinkage=0.1


Tree=119
num_leaves=15
num_cat=0
split_feature=4 2 1 5 2 7 3 4 1 5 3 0 3 5
split_gain=4.72878 3.11684e-06 1.66348e-06 2.10098e-06 1.16812e-06 7.46263e-07 3.33309e-07 2.17589e-07 2.0035e-07 6.47516e-08 5.11126e-08 6.23058e-08 3.86982e-08 3.39175e-08
threshold=0.56793908774852764 -0.025242735631763932 0.040321623906493194 0.36159837245941168 0.025647088885307315 0.91211363673210155 -0.024405241012573239 0.32146993279457098 0.12768691778182986 0.40408973395824438 0.063414195552468314 0.11087276041507722 -0.038211543112993233 0.29090544581413275
decision_type=2 2 2 2 2 2 2 2 2 2 2 2 2 2
left_child=2 -2 7 -4 6 8 -3 10 -5 -10 11 12 -1 -8
right_child=1 4 3 5 -6 -7 13 -9 9 -11 -12 -13 -14 -15
leaf_value=-0.075249080309399821 0.076386265417190291 0.076167379015053396 -0.075660499933251649 -0.075391700705042822 0.076268468935810449 -0.075507159011522731 0.07606957490967825 -0.075399699575845733 -0.075251010971111254 -0.075321513701575971 -0.075270127431012981 -0.075261176036391667 -0.075212025785722669 0.076100548491526226
leaf_weight=0.33567151171155374 0.45281051658093918 0.44814190641045648 0.20820731716230501 0.14401485584676244 0.40162057802081097 0.17365609342232347 2.3085267096757893 0.077107247430831083 0.69557850901037455 0.1602870007045567 0.27715294109657396 0.3970297873020171 1.7575773014687006 0.41747633554041375
leaf_count=77 22 23 33 27 20 30 125 13 158 32 61 87 470 22
internal_value=0 0.0761391 -0.0752777 -0.0753677 0.0761078 -0.0753158 0.0760875 -0.075234 -0.0752826 -0.0752642 -0.0752294 -0.0752249 -0.075218 0.0760743
internal_weight=0 4.02858 4.22628 1.38174 3.57577 1.17354 3.17414 2.84454 0.99988 0.855866 2.76743 2.49028 2.09325 2.726
internal_count=1200 212 988 280 190 247 170 708 217 190 695 634 547 147
is_linear=0
shrinkage=0.1


Tree=120
num_leaves=15
num_cat=0
split_feature=1 4 0 2 3 4 1 5 5 7 2 3 1 3
split_gain=1.62627 1.70452 1.06564 0.886481 0.982806 0.068705 0.000619395 1.83766e-05 1.55814e-05 4.09925e-06 3.98183e-06 2.01793e-06 1.38973e-06 4.74199e-07
threshold=0.043034084141254432 0.56793908774852764 0.060567913576960571 -0.067992143332958208 0.063414195552468314 0.32146993279457098 0.033131964504718787 0.39393989741802221 0.36159837245941168 0.91211363673210155 -0.030226236209273335 -0.033367959782481187 0.034136299043893821 0.036815324798226363
decision_type=2 2 2 2 2 2 2 2 2 2 2 2 2 2
left_child=1 2 3 7 5 6 10 -1 -2 -10 -5 -12 -4 -13
right_child=8 -3 12 4 -6 -7 -8 -9 9 -11 11 13 -14 -15
leaf_value=-0.075414487754649401 -0.076251545191654613 -0.075420875368820986 -0.075421941462844463 0.075970069852725225 -0.075454337513013142 0.021700690297998409 0.081072321858168872 -0.076681181415666821 -0.075447153644367493 -0.075855048216415172 0.075869782553090695 0.075604137222504558 -0.075744611482720769 0.075755504490730707
leaf_weight=0.32735121576115389 0.33131910208612803 1.5662449044175444 0.5532509316690265 0.36625348031520655 0.47950133122503746 0.24456442520022381 0.21958253998309363 0.17616588203236461 1.627618651371449 0.29033049289137114 0.32326372619718124 4.3768978491425541 0.17592313326895237 0.21723700314760197
leaf_count=45 32 212 75 27 63 10 5 14 214 30 24 416 16 17
internal_value=0 0.019418 0.0393297 0.0517696 0.0620891 0.0735635 0.0758683 -0.0758577 -0.0756183 -0.0755089 0.075652 0.0756283 -0.0754998 0.0756113
internal_weight=0 9.02624 7.45999 6.73082 6.2273 5.7478 5.50323 0.503517 2.24927 1.91795 5.28365 4.9174 0.729174 4.59413
internal_count=1200 924 712 621 562 499 489 59 276 244 484 457 91 433
is_linear=0
shrinkage=0.1


Tree=121
num_leaves=15
num_cat=0
split_feature=2 3 1 0 3 2 3 2 2 2 3 3 1 1
split_gain=1.43459 2.46501 0.609959 0.521088 0.403232 0.00250183 0.00016996 7.7204e-06 2.58058e-06 2.56842e-06 2.09634e-06 3.91322e-07 4.29758e-07 5.24724e-07
threshold=-0.067992143332958208 0.063414195552468314 0.22576473653316501 0.17949624359607699 -0.080127414315938936 -0.052767565473914139 -0.080127414315938936 -0.038309466093778603 0.044631481170654304 0.10430775210261346 -0.039575660601258271 0.04514789022505284 0.034136299043893821 0.045598378404974944
decision_type=2 2 2 2 2 2 2 2 2 2 2 2 2 2
left_child=6 2 4 -4 -2 -6 -1 -7 10 -3 -9 12 -12 -14
right_child=1 9 3 -5 5 7 -8 8 -10 -11 11 -13 13 -15
leaf_value=0.075871415399215894 0.080621593428353733 0.076158279329926762 -0.075340755871974946 0.093086685689372103 -0.086082084746269147 -0.07597337723513968 0.078292943263612566 -0.075596474666182467 -0.075795583133619407 0.07586142004894221 -0.075235025772012021 -0.075462729100856732 -0.075494890734468384 -0.075271536835422675
leaf_weight=1.6621684171259405 0.17125285416841407 0.35561602748930443 0.30323542049154628 0.46594233438372612 0.22807283885776986 0.1705060545355076 0.35106361750513304 0.18964143143966783 0.096760932821780332 1.6152588361874221 2.9388578846119375 0.08862958475947369 0.14521734230220307 0.38152610324323177
leaf_count=110 2 20 54 5 3 16 10 26 10 108 722 11 22 81
internal_value=0 -0.0192684 -0.0554861 0.026687 -0.0698169 -0.0758942 0.0762937 -0.0753149 -0.0752857 0.075915 -0.0752725 -0.0752552 -0.0752499 -0.0753331
internal_weight=0 7.15052 5.17964 0.769178 4.41047 4.23921 2.01323 4.01114 3.84063 1.97087 3.74387 3.55423 3.4656 0.526743
internal_count=1200 1080 952 59 893 891 120 888 872 128 862 836 825 103
is_linear=0
shrinkage=0.1


Tree=122
num_leaves=15
num_cat=0
split_feature=1 0 2 2 7 5 1 0 3 0 0 2 3 0
split_gain=1.16453 1.49975 0.510687 0.462955 0.217673 0.185858 0.0529031 0.0714542 0.0238731 0.0145303 0.00461104 0.00252533 5.49933e-05 6.11906e-06
threshold=0.0249448586255312 0.14293935894966128 -0.067992143332958208 0.050323812291026122 0.88182255625724804 0.38520169258117681 0.034136299043893821 0.20326892286539081 -0.0017029334558174012 0.20017472654581073 0.0056869452819228181 0.020648283883929256 -0.087906856089830385 0.041700232774019248
decision_type=2 2 2 2 2 2 2 2 2 2 2 2 2 2
left_child=1 -1 12 4 6 8 7 -4 -6 10 -8 13 -2 -12
right_child=2 -3 3 -5 5 -7 9 -9 -10 -11 11 -13 -14 -15
leaf_value=-0.075221955321159384 -0.075255588583150512 0.075899872774927268 -0.0086199538153688155 -0.075340351575977252 0.032857088446011859 -0.023047254919558707 0.084507951029845041 0.075906241142655387 0.071383310401337968 0.055976635086375931 0.075913161967121806 0.066155798018627282 -0.077802010647172945 0.076426781332066235
leaf_weight=2.9976284659933303 0.27679639542475343 0.8409210331737994 0.19983234629035074 0.31064883735962201 0.29267206764779985 0.60336492490023375 0.54335686285048757 0.20020961668342352 0.3570747487246988 0.41038915840908874 0.67884983867406823 0.34046793542802323 0.12227557925507415 0.35234574787318707
leaf_count=782 62 54 32 70 18 18 20 13 23 20 43 21 6 18
internal_value=0 -0.0421153 0.0321658 0.042233 0.0514132 0.0169176 0.0672736 0.033683 0.0540296 0.0730522 0.0767116 0.0736232 -0.0760358 0.0760887
internal_weight=0 3.83855 4.68828 4.28921 3.97856 1.25311 2.72545 0.400042 0.649747 2.32541 1.91502 1.37166 0.399072 1.0312
internal_count=1200 836 364 296 226 59 167 45 41 122 102 82 68 61
is_linear=0
shrinkage=0.1


Tree=123
num_leaves=15
num_cat=0
split_feature=4 2 1 5 2 7 3 4 1 5 3 0 3 5
split_gain=4.06913 1.95487e-06 1.17695e-06 1.64741e-06 7.47953e-07 4.99808e-07 2.12778e-07 1.3969e-07 1.34277e-07 4.06175e-08 3.26186e-08 3.94467e-08 2.64968e-08 2.15795e-08
threshold=0.56793908774852764 -0.025242735631763932 0.040321623906493194 0.36159837245941168 0.025647088885307315 0.91211363673210155 -0.024405241012573239 0.32146993279457098 0.12768691778182986 0.40408973395824438 0.063414195552468314 0.11087276041507722 -0.038211543112993233 0.29090544581413275
decision_type=2 2 2 2 2 2 2 2 2 2 2 2 2 2
left_child=2 -2 7 -4 6 8 -3 10 -5 -10 11 12 -1 -8
right_child=1 4 3 5 -6 -7 13 -9 9 -11 -12 -13 -14 -15
leaf_value=-0.075215446516340698 0.076189582669082448 0.076003378585524486 -0.075599676718610287 -0.07533966197968936 0.076090540612058818 -0.075441388260873599 0.075919268157012165 -0.075344525395074691 -0.075216043028301816 -0.075276206314074112 -0.075232649217735037 -0.075224825970010317 -0.075182479943863983 0.075945863858541074
leaf_weight=0.2906110321637253 0.39070586580783162 0.38677424937486726 0.18195426301099349 0.12430652859620728 0.34670533053576935 0.14985854038968682 1.9919739812612536 0.066507648210972437 0.59925983799621463 0.13806887157261372 0.23883828218094993 0.34209149098023761 1.5138324748259042 0.36025945842266072
leaf_count=77 22 23 33 27 20 30 125 13 158 32 61 87 470 22
internal_value=0 0.0759788 -0.0752412 -0.0753227 0.0759522 -0.0752728 0.0759346 -0.0752016 -0.0752435 -0.0752273 -0.0751976 -0.0751937 -0.0751878 0.0759233
internal_weight=0 3.47642 3.64533 1.19345 3.08571 1.01149 2.73901 2.45188 0.861635 0.737329 2.38537 2.14653 1.80444 2.35223
internal_count=1200 212 988 280 190 247 170 708 217 190 695 634 547 147
is_linear=0
shrinkage=0.1


Tree=124
num_leaves=15
num_cat=0
split_feature=1 4 0 2 3 5 1 5 5 7 2 3 1 4
split_gain=1.40654 1.46535 0.951418 0.784191 0.854495 0.0434108 0.000451592 1.17384e-05 1.03231e-05 2.80127e-06 2.66477e-06 1.25754e-06 9.36019e-07 3.09341e-07
threshold=0.043034084141254432 0.36240006983280187 0.060567913576960571 -0.067992143332958208 0.063414195552468314 0.34976005554199224 0.033131964504718787 0.39393989741802221 0.36159837245941168 0.91211363673210155 -0.030687787570059296 -0.033367959782481187 0.034136299043893821 0.27636989951133734
decision_type=2 2 2 2 2 2 2 2 2 2 2 2 2 2
left_child=1 2 3 7 6 -3 10 -1 -2 -10 -5 -12 -4 -13
right_child=8 5 12 4 -6 -7 -8 -9 9 -11 11 13 -14 -15
leaf_value=-0.07535653561255444 -0.076091076702807361 -0.075361655074272629 -0.075368505494387006 0.075853095942124429 -0.075389807162928368 -0.019694752141109731 0.080408049779021551 -0.076446360246009259 -0.075386804630621904 -0.075746737961826655 0.075749209591965211 0.075523832772954116 -0.075650904002455194 0.075654396475758598
leaf_weight=0.28201885288581152 0.28742289124056686 1.341896128375083 0.48203166667371977 0.29811732657253642 0.40527039533480991 0.15641822619363654 0.20076057221740473 0.15215208567678928 1.4082412309944627 0.25545034185051907 0.27953562047332425 3.8778627598658231 0.15514802932739258 0.1903734141960739
leaf_count=45 32 211 75 25 62 5 5 14 214 30 24 425 16 17
internal_value=0 0.0193685 0.040438 0.0534229 0.0641005 -0.0695502 0.0757645 -0.0757385 -0.0755377 -0.0754421 0.0755639 0.075544 -0.0754373 0.0755299
internal_weight=0 7.82159 6.32327 5.68609 5.25192 1.49831 4.84665 0.434171 1.95111 1.66369 4.64589 4.34777 0.63718 4.06824
internal_count=1200 924 708 617 558 216 496 59 276 244 491 466 91 442
is_linear=0
shrinkage=0.1


Tree=125
num_leaves=15
num_cat=0
split_feature=2 3 0 1 3 2 3 2 2 2 3 1 3 1
split_gain=1.22535 2.09513 0.551314 0.613731 0.211182 0.00162913 0.000108353 4.41213e-06 2.09022e-06 1.64448e-06 1.37609e-06 3.03496e-07 2.46506e-07 1.87893e-07
threshold=-0.067992143332958208 0.063414195552468314 0.17949624359607699 0.17992245405912402 -0.080127414315938936 -0.052767565473914139 -0.080127414315938936 -0.036562610417604439 0.046794245019555099 0.10430775210261346 -0.039575660601258271 0.040321623906493194 0.04514789022505284 0.17933385074138644
decision_type=2 2 2 2 2 2 2 2 2 2 2 2 2 2
left_child=6 2 4 -4 -2 -6 -1 -7 10 -3 -9 12 -12 -13
right_child=1 9 3 -5 5 7 -8 8 -10 -11 11 13 -14 -15
leaf_value=0.075749073467699865 0.080759844657414995 0.075996223140301036 -0.075269645405666566 0.089560156846627895 -0.084528230672963528 -0.075818959576513523 0.077826611643439902 -0.075528317356432451 -0.075772656201670979 0.075740512794330972 -0.075201523556574584 -0.075397580529827604 -0.07539374203348892 -0.07525810547016458
leaf_weight=1.4334183130413292 0.088311940431594738 0.30690647661685933 0.41228971746750165 0.49966135434806347 0.20183291472494591 0.14271564758382771 0.30434103310108174 0.15510712633840862 0.074885195121168979 1.3929746327921746 2.3125805757008506 0.12346219620667387 0.068699054419994243 0.44370879046618938
leaf_count=110 1 20 92 6 3 18 10 24 7 108 664 25 10 102
internal_value=0 -0.0188625 -0.0544325 0.0150412 -0.0719764 -0.0758051 0.0761129 -0.075275 -0.0752506 0.0757867 -0.075238 -0.0752227 -0.0752071 -0.0752885
internal_weight=0 6.22314 4.52325 0.911951 3.6113 3.52299 1.73776 3.32116 3.17844 1.69988 3.10356 2.94845 2.38128 0.567171
internal_count=1200 1080 952 98 854 853 120 850 832 128 825 801 674 127
is_linear=0
shrinkage=0.1


Tree=126
num_leaves=15
num_cat=0
split_feature=1 0 3 2 2 1 0 1 2 0 1 7 3 4
split_gain=0.992249 1.29079 0.441024 0.390723 0.263763 0.145842 0.461121 0.000116268 2.74672e-05 1.09539e-06 5.53268e-07 4.34441e-07 1.68841e-07 5.30333e-08
threshold=0.0249448586255312 0.14293935894966128 -0.048458371311426156 0.050323812291026122 -0.046276550740003579 0.043034084141254432 0.060567913576960571 0.036206537857651717 -0.089300487190484987 0.060567913576960571 0.23749300092458728 0.8834502398967744 -0.0080759176053106767 0.27636989951133734
decision_type=2 2 2 2 2 2 2 2 2 2 2 2 2 2
left_child=1 13 8 4 -4 6 7 -6 -2 11 -5 12 -7 -1
right_child=2 -3 3 10 5 9 -8 -9 -10 -11 -12 -13 -14 -15
leaf_value=-0.075181743233246626 -0.075219909042060135 0.075773569801711377 -0.016000370875070866 -0.075205981448506973 -0.075244805618706681 0.075860734541593366 0.076106083785264789 -0.079278628020599373 -0.077128316241744391 0.076041500471587919 -0.075533486015176066 0.075916765024242994 0.075782508148477812 -0.075212413383143828
leaf_weight=1.7539128209464259 0.24222896317951381 0.72529931925237168 0.51589045673608858 0.19768519839271892 0.14354259893298182 0.39331702981144279 0.62433409318327904 0.14227944426238537 0.10951447836123396 0.30162991676479567 0.069793655071407557 0.48254211526364077 0.92433659918606215 0.8308694886509328
leaf_count=554 63 54 4 55 36 27 37 4 7 17 15 31 68 228
internal_value=0 -0.0421124 0.0313062 0.0412339 0.0500687 0.061385 0.0279458 -0.0772528 -0.0758141 0.0758651 -0.0752914 0.0758356 0.0758059 -0.0751916
internal_weight=0 3.31008 4.14709 3.79535 3.52787 3.01198 0.910156 0.285822 0.351743 2.10183 0.267479 1.8002 1.31765 2.58478
internal_count=1200 836 364 294 224 220 77 40 70 143 70 126 95 782
is_linear=0
shrinkage=0.1


Tree=127
num_leaves=15
num_cat=0
split_feature=4 2 1 5 2 7 3 4 1 5 0 3 3 5
split_gain=3.50962 1.20998e-06 7.77303e-07 1.08024e-06 4.73384e-07 3.42988e-07 1.35265e-07 1.16023e-07 8.93345e-08 2.70419e-08 2.4616e-08 2.72516e-08 1.69766e-08 1.68176e-08
threshold=0.56793908774852764 -0.025242735631763932 0.040321623906493194 0.36159837245941168 0.025647088885307315 0.91211363673210155 -0.024405241012573239 0.32146993279457098 0.12768691778182986 0.40408973395824438 0.11087276041507722 0.063414195552468314 -0.038211543112993233 0.29090544581413275
decision_type=2 2 2 2 2 2 2 2 2 2 2 2 2 2
left_child=2 -2 7 -4 6 8 -3 10 -5 -10 11 12 -1 -8
right_child=1 4 3 5 -6 -7 13 -9 9 -11 -12 -13 -14 -15
leaf_value=-0.075185479420954382 0.076021046397540495 0.075863905683572985 -0.075521345331039269 -0.075294808935296845 0.075938398369729779 -0.075385770988461387 0.075791379674214593 -0.075311931255647793 -0.075186601535845235 -0.075239319745913649 -0.07519719910282277 -0.075200353632096553 -0.075157048729222631 0.075816616240761484
leaf_weight=0.25035761762410458 0.33698690682649646 0.33418968506157476 0.15770116657949962 0.10815305192954838 0.299449112266302 0.1318054988514632 1.7203285163268449 0.05982668395154167 0.51745610684156418 0.11983396951109171 0.29882653267122794 0.20578569942153979 1.3037656415253882 0.31194175221025933
leaf_count=77 22 23 33 27 20 30 125 13 158 32 87 61 470 22
internal_value=0 0.0758425 -0.0752094 -0.0752804 0.0758199 -0.0752371 0.0758049 -0.0751747 -0.0752108 -0.0751965 -0.0751707 -0.0751662 -0.0751616 0.0757953
internal_weight=0 3.0029 3.15351 1.03495 2.66591 0.877249 2.36646 2.11856 0.745443 0.63729 2.05874 1.75991 1.55412 2.03227
internal_count=1200 212 988 280 190 247 170 708 217 190 695 608 547 147
is_linear=0
shrinkage=0.1


Tree=128
num_leaves=15
num_cat=0
split_feature=1 4 0 3 3 3 1 4 5 4 2 7 1 5
split_gain=1.21209 1.25827 0.796662 0.669708 0.74872 0.0391929 0.00028911 5.71387e-05 8.75185e-06 3.53082e-06 1.88404e-06 1.85212e-06 6.00971e-07 1.06462e-07
threshold=0.043034084141254432 0.56793908774852764 0.060567913576960571 -0.048458371311426156 0.063414195552468314 -0.087906856089830385 0.033131964504718787 0.1796388924121857 0.36159837245941168 0.29579898715019232 -0.030687787570059296 0.91211363673210155 0.034136299043893821 0.40408973395824438
decision_type=2 2 2 2 2 2 2 2 2 2 2 2 2 2
left_child=1 2 3 5 6 7 9 -1 -2 10 -5 13 -4 -10
right_child=8 -3 12 4 -6 -7 -8 -9 11 -11 -12 -13 -14 -15
leaf_value=-0.075305384943844811 -0.076019992224453603 -0.075311691341040349 -0.075317038286917881 0.075738906965728339 -0.075337035967806582 -0.017979941474194881 0.079648703709522928 -0.078012886931293893 -0.075318556348813945 0.075914056920105999 0.075453138456037752 -0.075647782557706378 -0.0755607366030836 -0.075394940908906874
leaf_weight=0.22035769838839769 0.25211017811670888 1.1631165775470433 0.41526866611093272 0.24670609878376115 0.35643168445676554 0.17438797187060018 0.17470078077167261 0.1206075306981802 0.98939510621130444 0.18939626496285189 3.5576174966990965 0.22037169151008118 0.13379592634737492 0.22372798575088382
leaf_count=41 32 212 75 24 63 13 5 10 178 15 450 30 16 36
internal_value=0 0.0193172 0.0390093 0.0514701 0.063772 -0.0565409 0.0756668 -0.0762631 -0.0754766 0.0754926 0.0754717 -0.0753811 -0.0753764 -0.0753326
internal_weight=0 6.75239 5.58927 5.04021 4.52485 0.515353 4.16842 0.340965 1.6856 3.99372 3.80432 1.43349 0.549065 1.21312
internal_count=1200 924 712 621 557 64 494 51 276 489 474 244 91 214
is_linear=0
shrinkage=0.1


Tree=129
num_leaves=15
num_cat=0
split_feature=2 3 1 0 3 2 3 2 2 2 3 1 1 3
split_gain=1.05344 1.79028 0.495923 0.391409 0.330892 0.00138645 7.65358e-05 3.45962e-06 1.04975e-06 1.04585e-06 8.4175e-07 1.68768e-07 2.30582e-07 1.77474e-07
threshold=-0.067992143332958208 0.063414195552468314 0.22576473653316501 0.17949624359607699 -0.080127414315938936 -0.052767565473914139 -0.080127414315938936 -0.039751833304762833 0.10430775210261346 0.044631481170654304 -0.039575660601258271 0.034136299043893821 0.047436069697141654 0.04514789022505284
decision_type=2 2 2 2 2 2 2 2 2 2 2 2 2 2
left_child=6 2 4 -4 -2 -6 -1 -7 -3 10 -9 13 -13 -12
right_child=1 8 3 -5 5 7 -8 9 -10 -11 11 12 -14 -15
leaf_value=0.075644022334812697 0.079621427448210269 0.075856933620079364 -0.07525726800241142 0.089821508019709895 -0.08408557922137172 -0.075769265726111021 0.077507962349215212 -0.075442150883746756 0.075636965689048138 -0.07558987351125962 -0.075175950387922408 -0.075363884136278231 -0.075199773380995066 -0.07534259216223245
leaf_weight=1.2358093261718748 0.14323077350854907 0.26476948894560326 0.22819270356558252 0.38759406004101038 0.18814510852098543 0.11660502897575575 0.26808065082877863 0.1408939978573488 1.2013409268110988 0.072027187561616191 2.1980551755987103 0.12503501051105548 0.27156338142231107 0.065823462791740783
leaf_count=110 2 20 54 5 3 13 10 26 108 10 725 25 78 11
internal_value=0 -0.0186513 -0.0537769 0.0286481 -0.0690586 -0.0757592 0.0759763 -0.0752353 0.0756767 -0.0752136 -0.075204 -0.0751913 -0.0752515 -0.0751808
internal_weight=0 5.40328 3.93717 0.615787 3.32138 3.17815 1.50389 2.99 1.46611 2.8734 2.80137 2.66048 0.396598 2.26388
internal_count=1200 1080 952 59 893 891 120 888 128 875 865 839 103 736
is_linear=0
shrinkage=0.1


Tree=130
num_leaves=15
num_cat=0
split_feature=1 0 2 0 2 1 0 0 2 1 3 1 3 1
split_gain=0.850492 1.11093 0.375177 0.436618 0.373202 0.0971673 0.396043 0.0400377 0.00345054 7.43938e-05 3.00095e-05 3.43756e-07 2.83244e-07 1.928e-07
threshold=0.0249448586255312 0.14293935894966128 -0.046276550740003579 0.00050086373812519025 0.050323812291026122 0.043034084141254432 0.060567913576960571 0.18745939433574679 -0.052767565473914139 0.036206537857651717 -0.066597066819667802 0.23369380086660388 -0.01538082445040345 0.22576473653316501
decision_type=2 2 2 2 2 2 2 2 2 2 2 2 2 2
left_child=1 -1 3 -2 5 6 9 12 10 -4 -5 -6 -7 -14
right_child=2 -3 4 8 11 7 -8 -9 -10 -11 -12 -13 13 -15
leaf_value=-0.075165620250219639 0.091794815014068859 0.075665108006100518 -0.075210600372921432 -0.075193800703733119 -0.075172779143102275 0.075814312611315576 0.075951514504988896 0.034365797133307445 -0.092526441773507051 -0.078680721480913152 -0.077359666850102426 -0.075443547703337097 0.07566958284487213 0.075746104390512436
leaf_weight=2.2280740260612224 0.19931456446647677 0.62538874335587014 0.12361331214197058 0.22203583037480712 0.16477407864294935 0.28858160786330778 0.53876544442027807 0.27379311993718136 0.20472083985805511 0.12350642494857311 0.089864339679479599 0.065535577712580562 0.71179302316158899 0.61266937199980021
leaf_count=782 1 54 36 66 54 21 37 15 1 4 4 16 61 48
internal_value=0 -0.0421083 0.0309031 -0.0339327 0.0468926 0.0574177 0.0278736 0.0697231 -0.0824389 -0.0769449 -0.0758178 -0.0752498 0.0757245 0.075705
internal_weight=0 2.85346 3.61897 0.715936 2.90303 2.67272 0.785885 1.88684 0.516621 0.24712 0.3119 0.23031 1.61304 1.32446
internal_count=1200 836 364 72 292 222 77 145 71 40 70 70 130 109
is_linear=0
shrinkage=0.1


Tree=131
num_leaves=15
num_cat=0
split_feature=4 2 1 5 2 7 4 3 1 5 0 3 5 3
split_gain=3.02125 7.59568e-07 5.50332e-07 8.70544e-07 3.02e-07 2.27342e-07 1.04555e-07 8.57891e-08 5.90764e-08 1.70011e-08 1.57135e-08 1.7475e-08 1.18545e-08 1.08648e-08
threshold=0.56793908774852764 -0.025242735631763932 0.040321623906493194 0.36159837245941168 0.025647088885307315 0.91211363673210155 0.32146993279457098 -0.024405241012573239 0.12768691778182986 0.40408973395824438 0.11087276041507722 0.063414195552468314 0.29090544581413275 -0.038211543112993233
decision_type=2 2 2 2 2 2 2 2 2 2 2 2 2 2
left_child=2 -2 6 -4 7 8 10 -3 -5 -10 11 13 -9 -1
right_child=1 4 3 5 -6 -7 -8 12 9 -11 -12 -13 -14 -15
leaf_value=-0.075159676482691201 0.075876729991772043 0.075742800695495396 -0.075477850661982065 -0.075255152627214661 0.075807007903652579 -0.075335005954918405 -0.075289268313377039 0.075680424016697889 -0.075160607592139689 -0.07520565088180596 -0.075169749292606336 -0.07517252933069965 0.075703227123036676 -0.075135169807308361
leaf_weight=0.21565363556146611 0.29055848065763745 0.28822027612477619 0.13792165857739735 0.093285513576120138 0.25830477755516756 0.11367490002885461 0.053134706337004789 1.4834565538913009 0.44569111871533096 0.10319668799638748 0.25741026550531376 0.17728145932778705 0.26937840599566687 1.1227690513478594
leaf_count=77 22 23 33 27 20 30 13 125 158 32 87 61 22 470
internal_value=0 0.0757244 -0.0751825 -0.0752468 0.0757051 -0.0752047 -0.075151 0.0756922 -0.0751816 -0.0751691 -0.0751469 -0.075143 0.0756839 -0.0751391
internal_weight=0 2.58992 2.72002 0.89377 2.29936 0.755848 1.82625 2.04106 0.642173 0.548888 1.77311 1.5157 1.75283 1.33842
internal_count=1200 212 988 280 190 247 708 170 217 190 695 608 147 547
is_linear=0
shrinkage=0.1


Tree=132
num_leaves=15
num_cat=0
split_feature=1 4 0 2 3 3 1 4 5 4 7 3 1 3
split_gain=1.04438 1.08107 0.683931 0.578608 0.643865 0.0425943 0.000198082 3.73455e-05 5.65998e-06 2.2963e-06 1.27205e-06 8.7154e-07 3.85497e-07 6.91955e-08
threshold=0.043034084141254432 0.56793908774852764 0.060567913576960571 -0.046276550740003579 0.063414195552468314 -0.080127414315938936 0.036206537857651717 0.18464057147502902 0.36159837245941168 0.29579898715019232 0.91211363673210155 -0.035849241539835923 0.034136299043893821 0.036815324798226363
decision_type=2 2 2 2 2 2 2 2 2 2 2 2 2 2
left_child=1 2 3 5 6 7 9 -1 -2 11 -10 -5 -4 -13
right_child=8 -3 12 4 -6 -7 -8 -9 10 -11 -12 13 -14 -15
leaf_value=-0.075264021906160092 -0.075883086130324684 -0.07526819154959391 -0.075272775184975244 0.075599800432689823 -0.07529007239794426 -0.0095731111980926278 0.079228731258693161 -0.077574878364288308 -0.075287084217717612 0.075786624320467275 -0.075567726546897737 0.075385902760897086 -0.075483004077957494 0.075459334447316825
leaf_weight=0.20928781339898705 0.21785876527428616 1.0019471882842479 0.35770679404959072 0.20968457218259651 0.30706589948385943 0.13909630430862252 0.14222426339983929 0.10503130219876766 1.0473920539952812 0.16338323103263963 0.19095497485250224 2.9458255944773573 0.11535181105136871 0.13416950730606902
leaf_count=45 32 212 75 23 63 8 4 10 214 15 30 436 16 17
internal_value=0 0.0192604 0.0388744 0.0512769 0.0637005 -0.055647 0.0755713 -0.0760362 -0.0754131 0.0754207 -0.0753304 0.0754025 -0.075324 0.0753891
internal_weight=0 5.83077 4.82883 4.35577 3.90235 0.453415 3.59529 0.314319 1.45621 3.45306 1.23835 3.28968 0.473059 3.08
internal_count=1200 924 712 621 558 63 495 55 276 491 244 476 91 453
is_linear=0
shrinkage=0.1


Tree=133
num_leaves=15
num_cat=0
split_feature=2 3 0 1 3 2 3 2 2 3 2 1 3 1
split_gain=0.907042 1.53243 0.437097 0.45582 0.164511 0.000875805 5.15489e-05 1.78362e-06 8.43857e-07 7.19224e-07 6.71345e-07 1.23672e-07 9.91329e-08 8.13007e-08
threshold=-0.067992143332958208 0.063414195552468314 0.17949624359607699 0.17992245405912402 -0.080127414315938936 -0.052767565473914139 -0.080127414315938936 -0.036562610417604439 0.046794245019555099 -0.039575660601258271 0.10430775210261346 0.040321623906493194 0.04514789022505284 0.17933385074138644
decision_type=2 2 2 2 2 2 2 2 2 2 2 2 2 2
left_child=6 2 4 -4 -2 -6 -1 -7 9 -9 -3 12 -11 -13
right_child=1 10 3 -5 5 7 -8 8 -10 11 -12 13 -14 -15
leaf_value=0.075554364975206567 0.079429116110970407 0.075737170854819402 -0.075202020254592203 0.086252395819450184 -0.082733836882280073 -0.075607035408403023 0.077187231120768598 -0.075418398917639726 -0.075572617203313971 -0.075150057801506048 0.075547739247866799 -0.075297593444179259 -0.075291529567738824 -0.075191224355330849
leaf_weight=1.0662443609908221 0.070203311741352414 0.2283408474177121 0.30822505196556438 0.40413203742355108 0.16486795991659242 0.10615448351018208 0.23616081103682507 0.11878052400425243 0.055707774590700754 1.7168841812526796 1.035495964810252 0.091914288001134881 0.051002509426325449 0.32927088206633925
leaf_count=110 1 20 92 6 3 18 10 24 7 664 108 25 10 102
internal_value=0 -0.0185004 -0.0532969 0.0163938 -0.0716513 -0.0756771 0.0758504 -0.075206 -0.075188 -0.0751787 0.075582 -0.0751657 -0.0751541 -0.0752144
internal_weight=0 4.68098 3.41714 0.712357 2.70479 2.63458 1.30241 2.46971 2.36356 2.30785 1.26384 2.18907 1.76789 0.421185
internal_count=1200 1080 952 98 854 853 120 850 832 825 128 801 674 127
is_linear=0
shrinkage=0.1


Tree=134
num_leaves=15
num_cat=0
split_feature=1 0 3 2 2 1 0 1 2 0 1 3 7 4
split_gain=0.729694 0.956111 0.330259 0.28498 0.206481 0.10837 0.340247 4.75728e-05 1.72914e-05 6.21042e-07 2.12663e-07 1.76157e-07 1.17398e-07 2.50171e-08
threshold=0.0249448586255312 0.14293935894966128 -0.048458371311426156 0.050323812291026122 -0.046276550740003579 0.043034084141254432 0.060567913576960571 0.036206537857651717 -0.067992143332958208 0.060567913576960571 0.23369380086660388 -0.01538082445040345 0.88266190886497509 0.27636989951133734
decision_type=2 2 2 2 2 2 2 2 2 2 2 2 2 2
left_child=1 13 8 4 -4 6 7 -6 -2 11 -5 -7 -13 -1
right_child=2 -3 3 10 5 9 -8 -9 -10 -11 -12 12 -14 -15
leaf_value=-0.075134808249823742 -0.075162528213559648 0.075571935839445603 -0.014196856817735219 -0.075148715559687371 -0.075181188268881205 0.075696186477161614 0.075818587269727872 -0.078166431419613047 -0.076921122338548795 0.075795022893189984 -0.075378346641280583 0.075581320256273066 0.07565526823284742 -0.075159240597978044
leaf_weight=1.3019612682983281 0.18788262782618403 0.53910639509558667 0.43305203318595964 0.14191617397591461 0.10644364682957563 0.23544033151120047 0.46474760212004185 0.1070885919034481 0.079598915763199662 0.23160033952444781 0.056341454386711121 0.81079495046287642 0.29200819227844477 0.61802749801427115
leaf_count=554 66 54 4 54 36 20 37 4 4 17 16 80 26 228
internal_value=0 -0.0421016 0.0306039 0.0404776 0.0490323 0.061212 0.0278104 -0.0766783 -0.0756859 0.0756438 -0.075214 0.0756177 0.0756009 -0.0751427
internal_weight=0 2.4591 3.14691 2.87943 2.68118 2.24812 0.67828 0.213532 0.267482 1.56984 0.198258 1.33824 1.1028 1.91999
internal_count=1200 836 364 294 224 220 77 40 70 143 70 126 106 782
is_linear=0
shrinkage=0.1


Tree=135
num_leaves=15
num_cat=0
split_feature=4 2 1 5 2 7 4 3 1 5 0 3 5 3
split_gain=2.60074 4.7768e-07 3.63591e-07 5.59939e-07 1.93129e-07 1.5698e-07 6.69327e-08 5.47443e-08 4.13466e-08 1.08697e-08 9.91567e-09 1.1079e-08 7.54993e-09 7.54408e-09
threshold=0.56793908774852764 -0.025242735631763932 0.040321623906493194 0.36159837245941168 0.025647088885307315 0.91211363673210155 0.32146993279457098 -0.024405241012573239 0.12768691778182986 0.40408973395824438 0.11087276041507722 0.063414195552468314 0.29090544581413275 -0.038211543112993233
decision_type=2 2 2 2 2 2 2 2 2 2 2 2 2 2
left_child=2 -2 6 -4 7 8 10 -3 -5 -10 11 13 -9 -1
right_child=1 4 3 5 -6 -7 -8 12 9 -11 -12 -13 -14 -15
leaf_value=-0.075138298134505455 0.075752943782056464 0.075638766035594912 -0.075413315335197267 -0.075222575087993765 0.075694103892872525 -0.075293887547997262 -0.075249250615342295 0.075585105842804354 -0.075138230398111516 -0.075177035348415688 -0.075146118843020804 -0.075148558348336919 0.075604704954528923 -0.075116341753976745
leaf_weight=0.18671013554558136 0.2504554204642776 0.24850543495267619 0.11910814372822631 0.081686754012480378 0.22274518758058537 0.098484246525913477 0.045801527798175701 1.2788713583722708 0.38383203488774598 0.088903556577861309 0.22170912707224477 0.1527062989771365 0.23224190901964892 0.96682400268036917
leaf_count=77 22 23 33 27 20 30 13 125 158 32 87 61 22 470
internal_value=0 0.0756228 -0.0751577 -0.0752139 0.0756064 -0.0751775 -0.0751301 0.0755953 -0.0751569 -0.0751455 -0.0751266 -0.0751232 0.0755881 -0.0751199
internal_weight=0 2.23282 2.34577 0.772015 1.98236 0.652907 1.57375 1.75962 0.554422 0.472736 1.52795 1.30624 1.51111 1.15353
internal_count=1200 212 988 280 190 247 708 170 217 190 695 608 147 547
is_linear=0
shrinkage=0.1


Tree=136
num_leaves=15
num_cat=0
split_feature=1 4 0 3 3 3 1 4 5 2 7 4 1 5
split_gain=0.900234 0.928957 0.587256 0.501933 0.553838 0.0366082 0.000126423 2.37535e-05 4.85512e-06 1.51482e-06 8.33673e-07 5.86539e-07 2.47083e-07 4.27218e-08
threshold=0.043034084141254432 0.56793908774852764 0.060567913576960571 -0.048458371311426156 0.063414195552468314 -0.080127414315938936 0.036206537857651717 0.18464057147502902 0.36159837245941168 -0.028697077184915539 0.91211363673210155 0.28795985877513891 0.034136299043893821 0.40408973395824438
decision_type=2 2 2 2 2 2 2 2 2 2 2 2 2 2
left_child=1 2 3 5 6 7 9 -1 -2 -5 13 -11 -4 -10
right_child=8 -3 12 4 -6 -7 -8 -9 10 11 -12 -13 -14 -15
leaf_value=-0.075227184092828789 -0.075831830905361275 -0.0752307731540032 -0.075234703048619886 0.075601360107585489 -0.075249653027076868 -0.010737186310157942 0.07863291474605906 -0.077210401588706082 -0.07523658902316116 0.075335354182083272 -0.075491636756124136 0.075552295603896757 -0.075416005223674018 -0.075292693879444761
leaf_weight=0.18026258330792189 0.19127586297690857 0.8630092842504381 0.3080899161286651 0.25348252849653441 0.2645035022869705 0.12646841211244453 0.12348327413201321 0.090820291545242071 0.73564131674356736 2.5931761469692005 0.1646446471568197 0.13091878732666362 0.099427370820194483 0.16642624232918024
leaf_count=45 32 212 75 32 63 9 4 10 178 442 30 16 16 36
internal_value=0 0.0192079 0.0387496 0.0510981 0.0636502 -0.0551648 0.0754976 -0.0758916 -0.0753679 0.0753675 -0.0752847 0.0753458 -0.0752789 -0.0752469
internal_weight=0 5.03364 4.17063 3.76312 3.36556 0.397551 3.10106 0.271083 1.25799 2.97758 1.06671 2.72409 0.407517 0.902068
internal_count=1200 924 712 621 557 64 494 55 276 490 244 458 91 214
is_linear=0
shrinkage=0.1


Tree=137
num_leaves=15
num_cat=0
split_feature=2 3 0 1 3 2 3 2 2 3 2 1 3 1
split_gain=0.78454 1.31221 0.394326 0.394948 0.141724 0.000734214 3.89475e-05 1.38787e-06 5.38911e-07 4.59314e-07 4.29176e-07 7.96698e-08 6.31807e-08 5.30906e-08
threshold=-0.067992143332958208 0.063414195552468314 0.17949624359607699 0.17992245405912402 -0.080127414315938936 -0.052767565473914139 -0.080127414315938936 -0.036562610417604439 0.046794245019555099 -0.039575660601258271 0.10430775210261346 0.040321623906493194 0.04514789022505284 0.17933385074138644
decision_type=2 2 2 2 2 2 2 2 2 2 2 2 2 2
left_child=6 2 4 -4 -2 -6 -1 -7 9 -9 -3 12 -11 -13
right_child=1 10 3 -5 5 7 -8 8 -10 11 -12 13 -14 -15
leaf_value=0.075476737754525222 0.078786339031254662 0.075634196532948186 -0.075173889274195771 0.085294028843151154 -0.082313653396795999 -0.075554921801364625 0.076979323648372164 -0.075360216716863715 -0.075492913398773773 -0.075129160430118774 0.075471073055999024 -0.075257169406221291 -0.075250851179439124 -0.075164593796338275
leaf_weight=0.91881988616660237 0.060998257249594068 0.19687087647616841 0.26547821913845826 0.36323436908423901 0.15472753532230932 0.094002339988947692 0.21237766370177247 0.10235723503865402 0.048026002012193092 1.4784717818256452 0.89236573176458478 0.079260629368946067 0.043932527303695568 0.28360138321295381
leaf_count=110 1 20 92 6 3 18 10 24 7 664 108 25 10 102
internal_value=0 -0.018402 -0.0527931 0.0175353 -0.0716456 -0.0756625 0.0757588 -0.0751793 -0.0751619 -0.0751539 0.0755006 -0.0751427 -0.0751327 -0.0751848
internal_weight=0 4.06333 2.97409 0.628713 2.34538 2.28438 1.1312 2.12965 2.03565 1.98762 1.08924 1.88527 1.5224 0.362862
internal_count=1200 1080 952 98 854 853 120 850 832 825 128 801 674 127
is_linear=0
shrinkage=0.1


Tree=138
num_leaves=15
num_cat=0
split_feature=1 0 3 2 2 1 0 1 2 0 1 3 7 4
split_gain=0.625104 0.822845 0.281003 0.242384 0.18503 0.0933249 0.292378 3.03905e-05 1.07634e-05 3.9538e-07 1.32793e-07 1.12227e-07 7.47342e-08 1.59214e-08
threshold=0.0249448586255312 0.14293935894966128 -0.048458371311426156 0.050323812291026122 -0.046276550740003579 0.043034084141254432 0.060567913576960571 0.036206537857651717 -0.067992143332958208 0.060567913576960571 0.23369380086660388 -0.01538082445040345 0.88266190886497509 0.27636989951133734
decision_type=2 2 2 2 2 2 2 2 2 2 2 2 2 2
left_child=1 13 8 4 -4 6 7 -6 -2 11 -5 -7 -13 -1
right_child=2 -3 3 10 5 9 -8 -9 -10 -11 -12 12 -14 -15
leaf_value=-0.075116087845346582 -0.075139884322903597 0.075491882076069231 -0.012987596322362622 -0.075128003183147232 -0.075155945038716296 0.075598663765612362 0.075704295092781745 -0.07772347363673042 -0.076637149626868586 0.075683562475563695 -0.075323620630752888 0.075499918499641883 0.075563469715857645 -0.075137089123393036
leaf_weight=1.1216557694133373 0.16180135286413133 0.46462756861001242 0.40774578228592973 0.12221790547482658 0.091667291824705566 0.20296399295330103 0.40078231506049633 0.092741373926401138 0.06827013008296523 0.19970857258886088 0.048462954349815845 0.69875740166753453 0.25169572606682777 0.53229331353213627
leaf_count=554 66 54 4 54 36 20 37 4 4 17 16 80 26 228
internal_value=0 -0.0420914 0.030202 0.0398726 0.0482431 0.0611237 0.0277575 -0.0764472 -0.0755842 0.0755537 -0.0751835 0.0755312 0.0755167 -0.0751228
internal_weight=0 2.11858 2.74681 2.51674 2.34606 1.93832 0.585191 0.184409 0.230071 1.35313 0.170681 1.15342 0.950453 1.65395
internal_count=1200 836 364 294 224 220 77 40 70 143 70 126 106 782
is_linear=0
shrinkage=0.1


Tree=139
num_leaves=15
num_cat=0
split_feature=4 2 1 5 2 7 4 3 1 5 0 3 5 3
split_gain=2.23869 3.01035e-07 2.64106e-07 4.59916e-07 1.23427e-07 1.03091e-07 4.2865e-08 3.49183e-08 2.70293e-08 6.85602e-09 6.30385e-09 7.07036e-09 4.80622e-09 4.78896e-09
threshold=0.56793908774852764 -0.025242735631763932 0.040321623906493194 0.36159837245941168 0.025647088885307315 0.91211363673210155 0.32146993279457098 -0.024405241012573239 0.12768691778182986 0.40408973395824438 0.11087276041507722 0.063414195552468314 0.29090544581413275 -0.038211543112993233
decision_type=2 2 2 2 2 2 2 2 2 2 2 2 2 2
left_child=2 -2 6 -4 7 8 10 -3 -5 -10 11 13 -9 -1
right_child=1 4 3 5 -6 -7 -8 12 9 -11 -12 -13 -14 -15
leaf_value=-0.075119039964360979 0.075646852901688558 0.075549368613964954 -0.075381850376660203 -0.075192320310782046 0.075597049713753986 -0.075254707153157296 -0.075214735569014216 0.075503211465154388 -0.075118975115316386 -0.075152187484129482 -0.075125774400171222 -0.075127911810616843 0.075520054904039985 -0.075100189550640808
leaf_weight=0.1607869026483969 0.21583917550742615 0.21420922502875317 0.10424765327479679 0.070417566457763314 0.19203056301921595 0.084896734333597124 0.03947110567241896 1.1022498439997432 0.33053731883410364 0.076548757031559944 0.1909409665968268 0.13152360636740923 0.20017789024859656 0.83296094089746531
leaf_count=77 22 23 33 27 20 30 13 125 158 32 87 61 22 470
internal_value=0 0.0755356 -0.0751374 -0.0751889 0.0755215 -0.0751532 -0.0751121 0.075512 -0.0751351 -0.0751252 -0.075109 -0.0751061 0.0755058 -0.0751032
internal_weight=0 1.92451 2.02233 0.666648 1.70867 0.5624 1.35568 1.51664 0.477504 0.407086 1.31621 1.12527 1.30243 0.993748
internal_count=1200 212 988 280 190 247 708 170 217 190 695 608 147 547
is_linear=0
shrinkage=0.1


Tree=140
num_leaves=15
num_cat=0
split_feature=1 4 0 2 3 4 1 2 5 7 2 3 1 3
split_gain=0.776171 0.798259 0.50425 0.435204 0.460876 0.0471542 8.10135e-05 4.23723e-06 4.19794e-06 5.44397e-07 5.31013e-07 4.58762e-07 1.58255e-07 4.77467e-08
threshold=0.043034084141254432 0.56793908774852764 0.060567913576960571 -0.067992143332958208 0.063414195552468314 0.32994660735130316 0.036206537857651717 -0.11023447662591933 0.36159837245941168 0.91211363673210155 -0.029549477621912953 -0.033367959782481187 0.034136299043893821 0.036815324798226363
decision_type=2 2 2 2 2 2 2 2 2 2 2 2 2 2
left_child=1 2 3 7 5 6 10 -1 -2 -10 -5 -12 -4 -13
right_child=8 -3 12 4 -6 -7 -8 -9 9 -11 11 13 -14 -15
leaf_value=-0.075198749749182406 -0.075788797949972897 -0.075198581979305346 -0.075201954919499714 0.075475208220545556 -0.075214870304806641 0.0092575543382431204 0.078121764674618413 -0.076061590631143788 -0.075212417542726021 -0.075425413503022121 0.075463319604530052 0.07528598159357025 -0.075358268457204169 0.075355614983335567
leaf_weight=0.16414343868382275 0.16813451261259593 0.74326259340159584 0.26533019728958596 0.18950080173090267 0.22781560872681428 0.11224186001345504 0.10708502773195494 0.087122663157061075 0.77682894049212337 0.14192029018886387 0.1625957745127401 2.097098513506352 0.085684313904494047 0.10332255996763695
leaf_count=47 32 212 75 29 63 7 4 12 214 30 24 418 16 17
internal_value=0 0.0191562 0.0386264 0.0509209 0.0615104 0.0727477 0.0754272 -0.0754979 -0.0753294 -0.0752453 0.0753141 0.0753012 -0.0752401 0.0752893
internal_weight=0 4.3452 3.60194 3.25093 2.99966 2.77184 2.6596 0.251266 1.08688 0.918749 2.55252 2.36302 0.351015 2.20042
internal_count=1200 924 712 621 562 499 492 59 276 244 488 459 91 435
is_linear=0
shrinkage=0.1


Tree=141
num_leaves=15
num_cat=0
split_feature=2 3 1 0 3 2 3 2 3 2 2 1 1 3
split_gain=0.678711 1.12329 0.356239 0.248523 0.216154 0.000618109 3.62663e-05 1.06753e-06 3.02531e-07 2.90281e-07 2.74267e-07 4.8198e-08 6.39265e-08 4.61688e-08
threshold=-0.067992143332958208 0.063414195552468314 0.22576473653316501 0.17949624359607699 -0.080127414315938936 -0.052767565473914139 -0.066597066819667802 -0.039751833304762833 -0.038211543112993233 0.044631481170654304 0.10430775210261346 0.034136299043893821 0.047436069697141654 0.04514789022505284
decision_type=2 2 2 2 2 2 2 2 2 2 2 2 2 2
left_child=6 2 4 -4 -2 -6 -1 -7 -9 11 -3 13 -13 -10
right_child=1 10 3 -5 5 7 -8 8 9 -11 -12 12 -14 -15
leaf_value=0.075411569997154038 0.077947448851051038 0.075545641989374357 -0.075164050004178917 0.08547424489676185 -0.08194493164726184 -0.075518790506632905 0.077058852484547746 -0.075302264490182513 -0.075111974212104721 -0.075376471412487059 0.075405181121649317 -0.075235644212013744 -0.07512811661915951 -0.075218292438817336
leaf_weight=0.82319074450060725 0.095905803143978896 0.16969641111791123 0.14583901572041202 0.28358071111142635 0.1441058721393359 0.077122433111072586 0.15955399908125389 0.10695441998541455 1.392166697420177 0.046129773138090857 0.76888524368405342 0.081021903897635528 0.17408475326374173 0.042078956961631664
leaf_count=114 2 20 54 5 3 13 6 31 720 10 108 25 78 11
internal_value=0 -0.0182906 -0.0522672 0.0309185 -0.0688082 -0.0756285 0.075679 -0.0751543 -0.075139 -0.075129 0.0754306 -0.0751222 -0.0751623 -0.0751151
internal_weight=0 3.52757 2.58899 0.42942 2.15957 2.06366 0.982745 1.91956 1.84244 1.73548 0.938582 1.68935 0.255107 1.43425
internal_count=1200 1080 952 59 893 891 120 888 875 844 128 834 103 731
is_linear=0
shrinkage=0.1


Tree=142
num_leaves=15
num_cat=0
split_feature=1 0 0 1 1 5 7 5 5 2 5 1 3 1
split_gain=0.535577 0.70821 0.245866 0.583813 0.319881 0.0158916 0.00100653 0.000921092 0.000177794 7.25454e-06 3.24819e-06 9.75509e-08 7.01639e-08 3.39973e-08
threshold=0.0249448586255312 0.14293935894966128 0.096305742859840407 0.079572573304176344 0.079572573304176344 0.35850408673286444 0.91211363673210155 0.36159837245941168 0.37904931604862219 -0.18850528448820111 0.41112168133258825 0.25366444885730749 -0.0080759176053106767 0.23105484247207644
decision_type=2 2 2 2 2 2 2 2 2 2 2 2 2 2
left_child=1 -1 4 8 5 -2 9 -6 -4 -5 11 -11 -9 -14
right_child=2 -3 3 6 7 -7 -8 12 -10 10 -12 -13 13 -15
leaf_value=-0.075105834805043362 -0.018952306738214457 0.075423078289847068 0.071482360367136344 -0.076415052259984281 0.081878301284391025 -0.076368359631993746 -0.084451360587890767 0.075507856433552789 0.075560161736022619 -0.075115536685565851 -0.076102701959021746 -0.075292177676899621 0.075423169009174201 0.075469726744729557
leaf_weight=1.4250287088798357 0.074135129339993333 0.40036408556625236 0.16709776152856626 0.079814899596385658 0.2994700721465049 0.13782689697109163 0.21119497821200639 0.25942288851365436 0.29689927911385894 0.16364583012182266 0.043399574933573604 0.038647869252599776 0.31943204440176498 0.30813703360036016
leaf_count=782 15 54 21 11 19 37 15 30 31 81 9 14 43 38
internal_value=0 -0.0420903 0.0297875 -0.00805587 0.056868 -0.0562867 -0.079075 0.0770831 0.0740916 -0.0755868 -0.0753177 -0.0751493 0.0754641 0.075446
internal_weight=0 1.82539 2.39912 1.0007 1.39842 0.211962 0.536703 1.18646 0.463997 0.325508 0.245693 0.202294 0.886992 0.627569
internal_count=1200 836 364 182 182 52 130 130 52 115 104 95 111 81
is_linear=0
shrinkage=0.1


Tree=143
num_leaves=15
num_cat=0
split_feature=4 7 1 2 1 0 2 1 1 4 3 5 3 5
split_gain=1.92738 2.08938e-07 3.49553e-07 1.89761e-07 8.39187e-08 1.33865e-07 7.8855e-08 2.38307e-08 3.71493e-08 2.503e-08 2.22698e-08 3.93659e-09 3.76138e-09 3.06091e-09
threshold=0.56793908774852764 0.75939255952835094 0.045598378404974944 -0.025242735631763932 0.22576473653316501 0.17949624359607699 0.025647088885307315 0.034136299043893821 0.043034084141254432 0.30584140121936804 -0.024405241012573239 0.40408973395824438 0.063414195552468314 0.29090544581413275
decision_type=2 2 2 2 2 2 2 2 2 2 2 2 2 2
left_child=1 2 -1 -2 7 -6 10 9 -9 12 -5 -10 -3 -12
right_child=3 4 -4 6 5 -7 -8 8 11 -11 13 -13 -14 -15
leaf_value=-0.075094299363475975 0.075555784200428036 -0.075090802662338113 -0.075488616797806718 0.075472530088208395 -0.075105209712336515 -0.075267776313136303 0.07551360813645655 -0.075196631871489478 -0.075106136343854948 -0.075176197857205501 0.075432824540246537 -0.075137191368155443 -0.075110679417231221 0.075447304284844044
leaf_weight=0.051258549210615789 0.18596546258777369 0.93186191085260339 0.040043981047347188 0.18460789090022434 0.12547176668886084 0.084945662412792444 0.16551374038681377 0.060810278635471948 0.25754988484550267 0.037311085383407661 0.94983868300914742 0.048506048857234418 0.10603763512335718 0.17250636080279946
leaf_count=31 22 585 13 23 68 33 20 24 139 15 125 23 57 22
internal_value=0 -0.07512 -0.0752672 0.0754606 -0.0751118 -0.0751708 0.0754486 -0.0751032 -0.0751252 -0.0750957 0.0754403 -0.0751111 -0.0750928 0.0754351
internal_weight=0 1.7438 0.0913025 1.65843 1.65249 0.210417 1.47247 1.44208 0.366866 1.07521 1.30695 0.306056 1.0379 1.12235
internal_count=1200 988 44 212 944 101 190 843 186 657 170 162 642 147
is_linear=0
shrinkage=0.1


Tree=144
num_leaves=15
num_cat=0
split_feature=1 4 0 2 3 3 1 4 5 4 7 3 1 3
split_gain=0.667336 0.685536 0.434831 0.379811 0.409873 0.0277836 5.19002e-05 1.34989e-05 2.7745e-06 7.71417e-07 3.64259e-07 3.22181e-07 1.31334e-07 1.78618e-08
threshold=0.043034084141254432 0.56793908774852764 0.060567913576960571 -0.046276550740003579 0.063414195552468314 -0.080127414315938936 0.036206537857651717 0.20791363716125491 0.36159837245941168 0.29579898715019232 0.91211363673210155 -0.035849241539835923 0.034136299043893821 0.036815324798226363
decision_type=2 2 2 2 2 2 2 2 2 2 2 2 2 2
left_child=1 2 3 5 6 7 9 -1 -2 11 -10 -5 -4 -13
right_child=8 -3 12 4 -6 -7 -8 -9 10 -11 -12 13 -14 -15
leaf_value=-0.075167989254701029 -0.075687818969365592 -0.075170889008754738 -0.075173841842714223 0.075405981950144543 -0.075184932315098096 -0.011341886942836468 0.077677895427736399 -0.07688793884305653 -0.075182823465477666 0.075531660942121506 -0.07537041730298967 0.075245766914435269 -0.075326270562603909 0.075292424330783925
leaf_weight=0.13646491314284503 0.14488644083030511 0.64007274829782534 0.22858034051023413 0.13777313521132084 0.19619793305173505 0.099498823052272978 0.093408911488950142 0.068555377656593919 0.66902869427576661 0.10842406284064043 0.12245292076840997 1.882861732970923 0.075095567153766751 0.085789520293474086
leaf_count=46 32 212 75 23 63 8 4 9 214 15 30 436 16 17
internal_value=0 0.0190815 0.0384632 0.0507525 0.0635746 -0.0547006 0.0753689 -0.0757431 -0.0752855 0.0752715 -0.0752118 0.0752581 -0.0752115 0.0752478
internal_weight=0 3.75272 3.11265 2.80897 2.50446 0.304519 2.30826 0.20502 0.936368 2.21485 0.791482 2.10642 0.303676 1.96865
internal_count=1200 924 712 621 558 63 495 55 276 491 244 476 91 453
is_linear=0
shrinkage=0.1


Tree=145
num_leaves=15
num_cat=0
split_feature=2 3 1 0 3 2 3 2 3 2 2 1 1 3
split_gain=0.582837 0.962732 0.306365 0.211262 0.193808 0.00039819 2.30778e-05 6.7931e-07 1.91587e-07 1.84265e-07 1.7784e-07 3.32299e-08 4.63474e-08 2.91442e-08
threshold=-0.067992143332958208 0.063414195552468314 0.22576473653316501 0.17949624359607699 -0.080127414315938936 -0.052767565473914139 -0.066597066819667802 -0.039751833304762833 -0.038211543112993233 0.044631481170654304 0.10430775210261346 0.034136299043893821 0.047436069697141654 0.04514789022505284
decision_type=2 2 2 2 2 2 2 2 2 2 2 2 2 2
left_child=6 2 4 -4 -2 -6 -1 -7 -9 11 -3 13 -13 -10
right_child=1 10 3 -5 5 7 -8 8 9 -11 -12 12 -14 -15
leaf_value=0.075354252876187078 0.077666382414102161 0.0754702382241383 -0.075141165083097677 0.083950156940031412 -0.080960186153600011 -0.075446515768743408 0.076767917476803837 -0.075260244680648514 -0.075096831366530198 -0.075324145072820398 0.075348498106371897 -0.075208497401353741 -0.075110180881754959 -0.07518785260379246
leaf_weight=0.70957689406350255 0.08657535910606462 0.14654519734904159 0.12553411826957006 0.2490987703204155 0.12622716370970088 0.066502439556643922 0.13792484160512719 0.092135954764672179 1.2001129200216358 0.039732059696689137 0.6623144494369626 0.070526537252589949 0.14977258606813848 0.036239863140508422
leaf_count=114 2 20 54 5 3 13 6 31 720 10 108 25 78 11
internal_value=0 -0.0181559 -0.0518912 0.0306409 -0.0684448 -0.0755463 0.0755843 -0.0751334 -0.0751203 -0.0751117 0.0753706 -0.0751059 -0.0751417 -0.0750995
internal_weight=0 3.05132 2.24246 0.374633 1.86782 1.78125 0.847502 1.65502 1.58852 1.49638 0.80886 1.45665 0.220299 1.23635
internal_count=1200 1080 952 59 893 891 120 888 875 844 128 834 103 731
is_linear=0
shrinkage=0.1


Tree=146
num_leaves=15
num_cat=0
split_feature=1 0 0 1 1 5 7 5 5 2 5 1 3 1
split_gain=0.460451 0.609625 0.210433 0.499848 0.27439 0.0157089 0.000639822 0.000598527 0.000200994 4.62535e-06 2.07271e-06 6.05777e-08 4.4704e-08 2.16635e-08
threshold=0.0249448586255312 0.14293935894966128 0.096305742859840407 0.079572573304176344 0.079572573304176344 0.35762362182140356 0.91211363673210155 0.36159837245941168 0.37904931604862219 -0.18850528448820111 0.41112168133258825 0.25366444885730749 -0.0080759176053106767 0.23105484247207644
decision_type=2 2 2 2 2 2 2 2 2 2 2 2 2 2
left_child=1 -1 4 8 5 -2 9 -6 -4 -5 11 -11 -9 -14
right_child=2 -3 3 6 7 -7 -8 12 -10 10 -12 -13 13 -15
leaf_value=-0.075091476967452941 -0.015613390378418286 0.075363934472996663 0.070823124294603232 -0.076216529745725417 0.080942173405431611 -0.076162018801229803 -0.083078993400937232 0.075436832718335886 0.075481778454753817 -0.075099446521059252 -0.07594825712127351 -0.075249606356115092 0.075364007679945416 0.075404046561985821
leaf_weight=1.2282781649846586 0.066280180588364934 0.34493567375466216 0.1451436262577771 0.068913551396690309 0.26144645968452074 0.12120544665958732 0.18517745204735547 0.22355064516887069 0.25587518839165568 0.14091326820198447 0.037437210557982326 0.033195000025443733 0.27520509948953986 0.26550493994727731
leaf_count=782 14 54 21 11 19 38 15 30 31 81 9 14 43 38
internal_value=0 -0.0421033 0.0295952 -0.00803893 0.0564796 -0.0547568 -0.0785171 0.0768121 0.0737956 -0.075505 -0.0752732 -0.0751281 0.0753992 0.0753837
internal_weight=0 1.57321 2.07985 0.866655 1.21319 0.187486 0.465636 1.02571 0.401019 0.280459 0.211545 0.174108 0.764261 0.54071
internal_count=1200 836 364 182 182 52 130 130 52 115 104 95 111 81
is_linear=0
shrinkage=0.1


Tree=147
num_leaves=15
num_cat=0
split_feature=4 7 1 2 1 0 2 4 1 1 3 5 3 1
split_gain=1.66017 1.40229e-07 2.3393e-07 1.18554e-07 5.34629e-08 8.70104e-08 5.01668e-08 1.87934e-08 1.93769e-08 2.66791e-08 1.41375e-08 2.67999e-09 2.39089e-09 2.15826e-09
threshold=0.56793908774852764 0.75939255952835094 0.045598378404974944 -0.025242735631763932 0.22576473653316501 0.17949624359607699 0.025647088885307315 0.32146993279457098 0.034136299043893821 0.045598378404974944 -0.024405241012573239 0.40408973395824438 0.063414195552468314 0.020687920972704891
decision_type=2 2 2 2 2 2 2 2 2 2 2 2 2 2
left_child=1 2 -1 -2 7 -6 10 8 12 -10 -5 -11 -3 -12
right_child=3 4 -4 6 5 -7 -8 -9 9 11 13 -13 -14 -15
leaf_value=-0.075081168639976256 0.075477599712198848 -0.075078235772582977 -0.075428258814304469 0.075406851234175579 -0.07509054380094593 -0.075231760003103554 0.075442159980254275 -0.075165084750956845 -0.075169251313148305 -0.075090315335576044 0.075372789868986115 -0.075118570647752389 -0.075095178834686721 0.075386399431520229
leaf_weight=0.044135190662928259 0.16019871877506364 0.80578403238905572 0.034672329318709671 0.15920717688277342 0.10801725403871376 0.073199284612201154 0.14274963457137335 0.032003384316339978 0.059326576068997383 0.21361945278476924 0.83252560952678323 0.0398271115263924 0.092887611361220479 0.135487568564713
leaf_count=31 22 587 13 23 68 33 20 14 27 135 127 22 58 20
internal_value=0 -0.075104 -0.0752339 0.0753965 -0.0750968 -0.0751476 0.0753863 -0.0750894 -0.0750874 -0.0751089 0.0753792 -0.0750948 -0.07508 0.0753747
internal_weight=0 1.50347 0.0788075 1.43017 1.42466 0.181217 1.26997 1.24345 1.21144 0.312773 1.12722 0.253447 0.898672 0.968013
internal_count=1200 988 44 212 944 101 190 843 829 184 170 157 645 147
is_linear=0
shrinkage=0.1


Tree=148
num_leaves=15
num_cat=0
split_feature=1 4 0 3 3 3 1 4 5 2 7 4 1 5
split_gain=0.573798 0.588744 0.375098 0.32952 0.352662 0.0240771 3.31283e-05 8.59532e-06 1.82505e-06 5.44638e-07 2.42042e-07 1.97815e-07 1.09445e-07 1.10556e-08
threshold=0.043034084141254432 0.56793908774852764 0.060567913576960571 -0.048458371311426156 0.063414195552468314 -0.080127414315938936 0.036206537857651717 0.20791363716125491 0.36159837245941168 -0.028697077184915539 0.91211363673210155 0.28795985877513891 0.034136299043893821 0.40408973395824438
decision_type=2 2 2 2 2 2 2 2 2 2 2 2 2 2
left_child=1 2 3 5 6 7 9 -1 -2 -5 13 -11 -4 -10
right_child=8 -3 12 4 -6 -7 -8 -9 10 11 -12 -13 -14 -15
leaf_value=-0.075144564698619673 -0.075598749852237995 -0.075147056756846672 -0.075149656114655031 0.075410789639666229 -0.075159167229779958 -0.01222272011196897 0.077297132457239556 -0.076622033016077049 -0.075150766757866194 0.075213669716458181 -0.075322029418845138 0.075369187722061734 -0.075298567447292075 -0.075186473863871409
leaf_weight=0.11750873457640409 0.1248422956559806 0.55116817075759161 0.19691801979206491 0.16622720588930029 0.16895454353652883 0.090538801392541113 0.081452598795294651 0.059218827402219176 0.46981418342329562 1.6571381825488058 0.10562160005792975 0.086035802029073127 0.065864821197465062 0.10633611027151346
leaf_count=46 32 212 75 32 63 9 4 9 178 442 30 16 16 36
internal_value=0 0.0190082 0.0383012 0.0505887 0.0635504 -0.0541566 0.0753221 -0.0756396 -0.0752472 0.0752378 -0.0751829 0.0752213 -0.075187 -0.0751574
internal_weight=0 3.24103 2.68986 2.42707 2.15981 0.267266 1.99085 0.176728 0.806614 1.9094 0.681772 1.74317 0.262783 0.57615
internal_count=1200 924 712 621 557 64 494 55 276 490 244 458 91 214
is_linear=0
shrinkage=0.1


Tree=149
num_leaves=15
num_cat=0
split_feature=2 3 1 0 3 2 3 2 3 2 2 1 1 3
split_gain=0.503844 0.828155 0.264803 0.179898 0.16679 0.000254724 1.57143e-05 6.31855e-07 1.32874e-07 1.16379e-07 1.15672e-07 2.73211e-08 3.72675e-08 1.84275e-08
threshold=-0.067992143332958208 0.063414195552468314 0.22576473653316501 0.17949624359607699 -0.080127414315938936 -0.052767565473914139 -0.066597066819667802 -0.044158283621072762 -0.039575660601258271 0.044631481170654304 0.10430775210261346 0.034136299043893821 0.047436069697141654 0.04514789022505284
decision_type=2 2 2 2 2 2 2 2 2 2 2 2 2 2
left_child=6 2 4 -4 -2 -6 -1 -7 -9 11 -3 13 -13 -10
right_child=1 10 3 -5 5 7 -8 8 9 -11 -12 12 -14 -15
leaf_value=0.075305342265523129 0.077286044077109803 0.075405445819544739 -0.075121476704332182 0.082654279455489421 -0.080087561342690405 -0.075483884053213865 0.076549584658236094 -0.075235352010939768 -0.075083674121369917 -0.075279074584463104 0.075299773205805942 -0.075186143576501746 -0.075094771024728127 -0.0751616542065488
leaf_weight=0.61214591097086668 0.074954744428396558 0.12657021358609188 0.10805511858779926 0.21820545243099332 0.11110020801425013 0.045320650329813472 0.12168160779401693 0.073396871332079283 1.0462295354809601 0.034218344488181063 0.57045173365622759 0.068293216638266929 0.12886589649133384 0.031207892345264443
leaf_count=114 2 20 54 5 3 8 6 27 727 10 108 27 78 11
internal_value=0 -0.0181726 -0.0517657 0.0304001 -0.0683793 -0.0754754 0.0755117 -0.0751165 -0.0751044 -0.0750971 0.075319 -0.0750922 -0.0751264 -0.0750859
internal_weight=0 2.63687 1.93985 0.326261 1.61359 1.53863 0.733828 1.42753 1.38221 1.30881 0.697022 1.2746 0.197159 1.07744
internal_count=1200 1080 952 59 893 891 120 888 880 853 128 843 105 738
is_linear=0
shrinkage=0.1


Tree=150
num_leaves=15
num_cat=0
split_feature=1 0 0 1 1 5 7 5 5 2 5 1 3 1
split_gain=0.395581 0.524692 0.180087 0.428084 0.235514 0.0146598 0.000406718 0.000387737 0.000227078 2.9493e-06 1.32182e-06 3.77572e-08 2.84848e-08 1.38073e-08
threshold=0.0249448586255312 0.14293935894966128 0.096305742859840407 0.079572573304176344 0.079572573304176344 0.35762362182140356 0.91211363673210155 0.36159837245941168 0.37904931604862219 -0.18850528448820111 0.41112168133258825 0.25366444885730749 -0.0080759176053106767 0.23105484247207644
decision_type=2 2 2 2 2 2 2 2 2 2 2 2 2 2
left_child=1 -1 4 8 5 -2 9 -6 -4 -5 11 -11 -9 -14
right_child=2 -3 3 6 7 -7 -8 12 -10 10 -12 -13 13 -15
leaf_value=-0.075078767474967265 -0.014428394839529452 0.07531308428097605 0.070095281791399164 -0.076046030941314971 0.080129494511100949 -0.076002908746705192 -0.081911273827930467 0.075375775903002804 0.075414402960550103 -0.07508559718319123 -0.075815396595119613 -0.075213467191526828 0.075313143227542234 0.075347582352244133
leaf_weight=1.0579212756128984 0.061346356407739 0.29714020807296027 0.12619884940795589 0.05947512632701546 0.22784661408513784 0.10458256071433425 0.16195413726381958 0.19260697159916151 0.22047856589779258 0.12133109581191093 0.032281254767440259 0.028520056745037436 0.23706932552158844 0.22873637266457081
leaf_count=782 14 54 21 11 19 38 15 30 31 81 9 14 43 38
internal_value=0 -0.0421006 0.0294116 -0.00802176 0.0561027 -0.0532379 -0.0780338 0.0765739 0.0734781 -0.0754346 -0.075235 -0.0751099 0.0753434 0.0753301
internal_weight=0 1.35506 1.80243 0.750239 1.05219 0.165929 0.403562 0.886259 0.346677 0.241608 0.182132 0.149851 0.658413 0.465806
internal_count=1200 836 364 182 182 52 130 130 52 115 104 95 111 81
is_linear=0
shrinkage=0.1


Tree=151
num_leaves=15
num_cat=0
split_feature=4 7 1 2 1 2 7 5 4 3 1 1 5 3
split_gain=1.42981 9.36114e-08 1.55458e-07 7.40629e-08 3.49294e-08 3.18854e-08 1.94522e-08 3.044e-08 1.48032e-08 8.9655e-09 7.47827e-09 2.24787e-09 1.71223e-09 1.43092e-09
threshold=0.56793908774852764 0.75939255952835094 0.045598378404974944 -0.025242735631763932 0.037099417299032218 0.025647088885307315 0.91211363673210155 0.36278039216995245 0.32146993279457098 -0.024405241012573239 0.12098458409309389 0.020687920972704891 0.40408973395824438 0.063414195552468314
decision_type=2 2 2 2 2 2 2 2 2 2 2 2 2 2
left_child=1 2 -1 -2 8 9 7 -6 13 -5 -9 -11 -12 -3
right_child=3 4 -4 5 6 -7 -8 10 -10 11 12 -13 -14 -15
leaf_value=-0.07506986550035788 0.075410509065000686 -0.075067833149534427 -0.075374388550888238 0.075350377752386385 -0.075171907321675835 0.075380715281497243 -0.075159553027109083 -0.075123998646498463 -0.075145611534675485 0.075320700455661277 -0.075075856631390658 0.075335611096979629 -0.075096454292263123 -0.075081941085345771
leaf_weight=0.037999378517270421 0.13798572123050679 0.71075781766558044 0.029997622827067971 0.13729494065046299 0.048482106067240238 0.12310840468853712 0.061036478728055954 0.045256363577209413 0.026236044126562774 0.7171920696273445 0.20561637496575713 0.11769900564104319 0.050213354523293674 0.079983434290625155
leaf_count=31 22 598 13 23 27 20 34 27 13 127 154 20 33 58
internal_value=0 -0.07509 -0.0752042 0.0753415 -0.0750837 0.0753328 -0.0751075 -0.0750984 -0.0750717 0.0753267 -0.0750865 0.0753228 -0.0750799 -0.0750693
internal_weight=0 1.29558 0.067997 1.23328 1.22758 1.09529 0.410605 0.349568 0.816977 0.972186 0.301086 0.834891 0.25583 0.790741
internal_count=1200 988 44 212 944 190 275 241 669 170 214 147 187 656
is_linear=0
shrinkage=0.1


Tree=152
num_leaves=15
num_cat=0
split_feature=1 4 0 2 3 4 1 2 5 2 3 7 1 3
split_gain=0.493368 0.505584 0.323687 0.285751 0.292696 0.0353132 2.12494e-05 1.6866e-06 1.19548e-06 1.81516e-07 1.71902e-07 1.59879e-07 9.18915e-08 1.21523e-08
threshold=0.043034084141254432 0.56793908774852764 0.060567913576960571 -0.067992143332958208 0.063414195552468314 0.34059986472129827 0.036206537857651717 -0.11023447662591933 0.36159837245941168 -0.028697077184915539 -0.033367959782481187 0.91211363673210155 0.034136299043893821 0.036815324798226363
decision_type=2 2 2 2 2 2 2 2 2 2 2 2 2 2
left_child=1 2 3 7 5 6 9 -1 -2 -5 -11 -10 -4 -12
right_child=8 -3 12 4 -6 -7 -8 -9 11 10 13 -13 -14 -15
leaf_value=-0.07512883444920504 -0.075520429154058932 -0.075126556194031288 -0.075128845216041601 0.075316845806493546 -0.075136993047225764 0.0043472801093074305 0.076970706520907997 -0.075791122701648297 -0.075135442255807497 0.075316130334281708 0.075182530799692837 -0.075279583044050899 -0.075274808911596339 0.075226478605373237
leaf_weight=0.1058867999818176 0.1075623019132762 0.47458189236931492 0.16964244097471226 0.13047030870802778 0.14548383583314706 0.073191319592296966 0.070998998824506887 0.060377487563529342 0.49614010285586119 0.10692861024290401 1.3378351840656235 0.091077737510204315 0.057834785664454103 0.066024568863212951
leaf_count=47 32 212 75 31 63 6 4 12 214 24 417 30 16 17
internal_value=0 0.0189325 0.0381347 0.0504241 0.0612556 0.0723693 0.075277 -0.0753693 -0.0752139 0.0752037 0.0751939 -0.0751578 -0.075166 0.0751846
internal_weight=0 2.79926 2.32467 2.0972 1.93093 1.78545 1.71226 0.166264 0.69478 1.64126 1.51079 0.587218 0.227477 1.40386
internal_count=1200 924 712 621 562 499 493 59 276 489 458 244 91 434
is_linear=0
shrinkage=0.1


Tree=153
num_leaves=15
num_cat=0
split_feature=2 3 1 3 2 5 2 3 2 3 2 2 1 1
split_gain=0.435627 0.71253 0.228751 0.143538 0.0785197 0.0293821 0.000163572 1.07544e-05 4e-07 1.25294e-07 7.55331e-08 7.40541e-08 1.95487e-08 2.71983e-08
threshold=-0.067992143332958208 0.063414195552468314 0.22576473653316501 -0.080127414315938936 -0.039751833304762833 0.37492655217647558 -0.052767565473914139 -0.066597066819667802 -0.044158283621072762 -0.040977856144309037 0.10430775210261346 0.044631481170654304 0.034136299043893821 0.047436069697141654
decision_type=2 2 2 2 2 2 2 2 2 2 2 2 2 2
left_child=7 2 3 -2 -4 -6 -5 -1 -8 -10 -3 12 -11 -14
right_child=1 10 4 6 5 -7 8 -9 9 11 -12 -13 13 -15
leaf_value=0.07526329662432972 0.076961037659003209 0.075349783394094205 0.083372052123932783 -0.0793691264460024 0.016628498465316395 -0.075106518898912802 -0.07541634827603598 0.07636113457448046 -0.075233547960977323 -0.075073952202613772 0.075257883759149879 -0.075240262540891667 -0.075165355855837501 -0.07508152794409173
leaf_weight=0.52812565211206675 0.064839916303754186 0.1093402444384991 0.14031631452962756 0.096876636147499418 0.083233150769956299 0.060145086259581149 0.039072097861208133 0.10737018333748016 0.058777066413313261 0.93401282437844091 0.49128396017476916 0.029467298532836028 0.059459158452227712 0.11088542733341455
leaf_count=114 2 20 3 3 22 34 8 6 22 743 108 10 27 78
internal_value=0 -0.018186 -0.0516576 -0.0683221 0.0301917 -0.021853 -0.0754127 0.0754488 -0.0751015 -0.0750912 0.0752746 -0.0750838 -0.0750796 -0.0751108
internal_weight=0 2.27771 1.67708 1.39339 0.283695 0.143378 1.32855 0.635496 1.23167 1.1926 0.600624 1.13382 1.10436 0.170345
internal_count=1200 1080 952 893 59 56 891 120 888 880 128 858 848 105
is_linear=0
shrinkage=0.1


Tree=154
num_leaves=15
num_cat=0
split_feature=1 0 3 2 2 1 0 7 2 3 7 3 5 7
split_gain=0.339976 0.451626 0.154338 0.2011 0.163829 0.0463977 0.132981 0.0125935 0.00713039 0.000314844 0.000243495 2.2839e-06 7.21618e-07 1.99364e-08
threshold=0.0249448586255312 0.14293935894966128 -0.012343392707407473 -0.025684285908937451 0.050323812291026122 0.043034084141254432 0.060567913576960571 0.76320528984069835 -1.0000000180025095e-35 -0.013138717971742151 0.80081990361213695 -0.022820421494543549 0.40408973395824438 0.88603615760803234
decision_type=2 2 2 2 2 2 2 2 2 2 2 2 2 2
left_child=1 -1 3 7 5 6 -4 -2 -5 11 -7 12 -9 -12
right_child=2 -3 4 8 -6 10 -8 9 -10 -11 13 -13 -14 -15
leaf_value=-0.075067872800048799 0.026772631979345429 0.075269357182988259 -0.07595466435124737 0.034588856145836011 -0.075100267176321928 0.079430260877258949 0.075453623148386273 -0.075080448703845407 0.070586553660761928 -0.082478309622993518 0.075281343690101102 -0.076106337969027021 -0.075650354272690568 0.075324901351632001
leaf_weight=0.9114048747578638 0.011901053483597934 0.25593650620430708 0.08483867230825104 0.1014496588613838 0.094327337807044387 0.19842691347002983 0.18342671869322658 0.082012876751832664 0.12024597811978299 0.10993193835020065 0.35418195743113756 0.041042503085918725 0.030473213060759008 0.14940481027588248
leaf_count=782 4 54 28 19 70 18 30 59 23 1 72 3 10 27
internal_value=0 -0.0421068 0.0292333 -0.0167749 0.0507141 0.0629454 0.0275709 -0.0738478 0.0541137 -0.078393 0.0764633 -0.0754678 -0.0752348 0.0752943
internal_weight=0 1.16734 1.56166 0.497057 1.06461 0.970279 0.268265 0.275362 0.221696 0.263461 0.702014 0.153529 0.112486 0.503587
internal_count=1200 836 364 119 245 175 58 77 42 73 117 72 69 99
is_linear=0
shrinkage=0.1


Tree=155
num_leaves=15
num_cat=0
split_feature=4 7 1 2 1 2 7 5 4 3 1 1 5 3
split_gain=1.23167 6.20795e-08 1.11981e-07 4.62547e-08 2.33995e-08 2.02455e-08 1.26229e-08 2.20084e-08 9.45754e-09 5.67979e-09 4.85335e-09 2.21162e-09 1.09768e-09 9.02511e-10
threshold=0.56793908774852764 0.75939255952835094 0.047436069697141654 -0.025242735631763932 0.037099417299032218 0.025647088885307315 0.91211363673210155 0.36278039216995245 0.32146993279457098 -0.024405241012573239 0.12098458409309389 0.020687920972704891 0.40408973395824438 0.063414195552468314
decision_type=2 2 2 2 2 2 2 2 2 2 2 2 2 2
left_child=1 2 -1 -2 8 9 7 -6 13 -5 -9 -11 -12 -3
right_child=3 4 -4 5 6 -7 -8 10 -10 11 12 -13 -14 -15
leaf_value=-0.075062128787890342 0.075352909063548953 -0.075058466447107397 -0.075342439787193849 0.075301802102531901 -0.075152469571049416 0.075327856105577518 -0.075138516083201823 -0.075107034346245299 -0.075125429274814248 0.075275911665355258 -0.07506528925164728 0.075291786025913937 -0.075083061447242083 -0.075070540712963346
leaf_weight=0.034497635788284575 0.11884043132886291 0.61235982651123755 0.024283712729811668 0.11839232314378023 0.042124472442083061 0.10616261791437864 0.05260611476842314 0.039039586670696735 0.022608351893723011 0.61776033043861367 0.17702397156972438 0.10229742247611284 0.043242612038739026 0.068867820897139609
leaf_count=32 22 598 12 23 27 20 34 27 13 127 154 20 33 58
internal_value=0 -0.0750779 -0.0751779 0.0752941 -0.0750723 0.0752867 -0.0750933 -0.0750854 -0.0750618 0.0752815 -0.0750745 0.0752782 -0.0750688 -0.0750597
internal_weight=0 1.11665 0.0587813 1.06345 1.05787 0.944613 0.354037 0.301431 0.703836 0.83845 0.259306 0.720058 0.220267 0.681228
internal_count=1200 988 44 212 944 190 275 241 669 170 214 147 187 656
is_linear=0
shrinkage=0.1


Tree=156
num_leaves=15
num_cat=0
split_feature=1 4 0 2 3 3 1 4 5 4 3 7 1 3
split_gain=0.425973 0.434667 0.278456 0.249831 0.261131 0.0182028 1.35469e-05 4.79084e-06 8.14226e-07 3.12069e-07 1.1621e-07 1.07665e-07 5.91882e-08 4.49603e-09
threshold=0.043034084141254432 0.56793908774852764 0.060567913576960571 -0.046276550740003579 0.063414195552468314 -0.080127414315938936 0.036206537857651717 0.21034461259841922 0.36159837245941168 0.30584140121936804 -0.034941764548420899 0.91211363673210155 0.034136299043893821 0.036815324798226363
decision_type=2 2 2 2 2 2 2 2 2 2 2 2 2 2
left_child=1 2 3 5 6 7 9 -1 -2 10 -5 -10 -4 -12
right_child=8 -3 12 4 -6 -7 -8 -9 11 -11 13 -13 -14 -15
leaf_value=-0.075107015038419087 -0.075457477210056426 -0.075108911882517324 -0.075111012219882103 0.075273626454809978 -0.075117910394588261 -0.012883594310176242 0.07668775038153447 -0.076376577396238099 -0.075116779750610582 0.075400353010026566 0.075156991715426724 -0.075243747926434262 -0.075237069573075355 0.075186275068805208
leaf_weight=0.088969601318240166 0.0936970607144757 0.40861630172003049 0.14617756067309517 0.093768176855519747 0.12526601157151152 0.071040969807655396 0.061855779960751422 0.04463627515360713 0.42780040530487895 0.059403237421065458 1.2129111920949069 0.079140716465190053 0.049984135664999485 0.05479977000504721
leaf_count=47 32 212 75 24 63 8 4 8 214 11 439 30 16 17
internal_value=0 0.0189096 0.038034 0.0502818 0.063526 -0.0537837 0.0752391 -0.0755312 -0.0751867 0.075176 0.0751662 -0.0751366 -0.0751431 0.0751583
internal_weight=0 2.41743 2.00881 1.81265 1.608 0.204647 1.48274 0.133606 0.600638 1.42088 1.36148 0.506941 0.196162 1.26771
internal_count=1200 924 712 621 558 63 495 55 276 491 480 244 91 456
is_linear=0
shrinkage=0.1


Tree=157
num_leaves=15
num_cat=0
split_feature=2 3 0 1 3 2 3 2 3 2 2 0 1 3
split_gain=0.373839 0.608837 0.201152 0.184277 0.0774307 0.000104566 6.84402e-06 2.07741e-07 6.52773e-08 6.16598e-08 4.82197e-08 1.26363e-08 5.39033e-09 6.5262e-09
threshold=-0.067992143332958208 0.063414195552468314 0.17949624359607699 0.17992245405912402 -0.080127414315938936 -0.052767565473914139 -0.066597066819667802 -0.038309466093778603 -0.038211543112993233 0.046794245019555099 0.10430775210261346 0.060567913576960571 0.040321623906493194 0.04514789022505284
decision_type=2 2 2 2 2 2 2 2 2 2 2 2 2 2
left_child=6 2 4 -4 -2 -6 -1 -7 -9 11 -3 12 13 -10
right_child=1 10 3 -5 5 7 -8 8 9 -11 -12 -13 -14 -15
leaf_value=0.075226706954315603 0.077040105178700913 0.075300994588340928 -0.075082855757377054 0.080006990361229172 -0.078753053089299335 -0.075310634814480151 0.076169458022278869 -0.075182981387664827 -0.075061562774693391 -0.07523444682720401 0.075221878883614021 -0.075139918827519109 -0.075083423916203096 -0.075118403264661751
leaf_weight=0.45517184538766742 0.034373115748166927 0.094186155823990592 0.12643957592081267 0.19441519863903522 0.084323713555931934 0.040520536829717124 0.092684874311089849 0.057454482885077263 0.69011791632510766 0.0230957071762532 0.42309718835167587 0.024416554486379027 0.16230317309964448 0.020808763336390257
leaf_count=114 1 20 92 6 3 13 6 29 655 7 108 14 122 10
internal_value=0 -0.0179733 -0.051037 0.0188906 -0.070763 -0.0753689 0.0753862 -0.0750888 -0.0750796 -0.0750731 0.0752363 -0.075069 -0.075067 -0.0750632
internal_weight=0 1.97555 1.45827 0.320855 1.13741 1.10304 0.547857 1.01872 0.978197 0.920742 0.517283 0.897646 0.87323 0.710927
internal_count=1200 1080 952 98 854 853 120 850 837 808 128 801 787 665
is_linear=0
shrinkage=0.1


Tree=158
num_leaves=15
num_cat=0
split_feature=1 0 3 2 2 1 0 7 5 3 7 3 5 1
split_gain=0.292456 0.388777 0.133757 0.169464 0.141518 0.0397795 0.114359 0.0110622 0.00731474 0.000196972 0.000156835 1.45293e-06 4.60076e-07 1.59808e-08
threshold=0.0249448586255312 0.14293935894966128 -0.012343392707407473 -0.025684285908937451 0.050323812291026122 0.043034084141254432 0.060567913576960571 0.76320528984069835 0.37492655217647558 -0.013138717971742151 0.80081990361213695 -0.022820421494543549 0.40408973395824438 0.23749300092458728
decision_type=2 2 2 2 2 2 2 2 2 2 2 2 2 2
left_child=1 -1 3 7 5 6 -4 -2 -5 11 -7 12 -9 -6
right_child=2 -3 4 8 13 10 -8 9 -10 -11 -12 -13 -14 -15
leaf_value=-0.075058712859670126 0.02499322944352661 0.075231752288784232 -0.075822892318133606 0.028510721603977981 -0.075063287058763015 0.078815845540040508 0.07539055742681515 -0.075069198250748342 0.067614081362913178 -0.081353394908058124 0.075254485342620414 -0.075950711927379871 -0.07555948160146124 -0.075164122009878695
leaf_weight=0.78547999885631747 0.010948932613246143 0.22042424464598298 0.073168073548003809 0.080374827841296792 0.060356856090947986 0.17263717576861382 0.1580456905066967 0.070582274114713073 0.11817155382595956 0.095996253192424774 0.43581693735904992 0.035409819218330085 0.026260846643708646 0.021251086494885385
leaf_count=782 4 54 28 16 55 18 30 59 26 1 99 3 10 15
internal_value=0 -0.0421255 0.0290037 -0.0165087 0.0506289 0.0628475 0.0275387 -0.0731953 0.0517844 -0.0779053 0.076265 -0.0754026 -0.0752021 -0.0750895
internal_weight=0 1.0059 1.35902 0.437745 0.921276 0.839668 0.231214 0.239198 0.198546 0.228249 0.608454 0.132253 0.0968431 0.0816079
internal_count=1200 836 364 119 245 175 58 77 42 73 117 72 69 70
is_linear=0
shrinkage=0.1


Tree=159
num_leaves=15
num_cat=0
split_feature=4 7 1 2 1 2 5 7 4 3 1 1 5 3
split_gain=1.06116 4.06292e-08 7.33806e-08 2.91997e-08 1.58409e-08 1.28627e-08 9.30863e-09 1.36208e-08 7.97635e-09 3.86324e-09 3.15169e-09 1.39983e-09 6.98349e-10 5.75349e-10
threshold=0.56793908774852764 0.75939255952835094 0.047436069697141654 -0.025242735631763932 0.037099417299032218 0.025647088885307315 0.36352482438087469 0.91211363673210155 0.32146993279457098 -0.024405241012573239 0.12098458409309389 0.020687920972704891 0.40408973395824438 0.063414195552468314
decision_type=2 2 2 2 2 2 2 2 2 2 2 2 2 2
left_child=1 2 -1 -2 8 9 -6 10 13 -5 -8 -11 -12 -3
right_child=3 4 -4 5 6 -7 7 -9 -10 11 12 -13 -14 -15
leaf_value=-0.075053737825270056 0.075303443323353897 -0.075050335630797882 -0.07529774657693615 0.075260312244405825 -0.075123972856962776 0.075282104278132422 -0.075092527495128097 -0.07512695691495086 -0.075115257321497195 0.075237394209398456 -0.075056270820954465 0.075251003207281286 -0.075071569021327278 -0.075060725318676497
leaf_weight=0.029770269466098398 0.10234238766133785 0.52725156227825209 0.021031173062510788 0.1021842765621841 0.04401689168298617 0.091443983372300863 0.033747485955245793 0.041329131228849292 0.020226243417710066 0.53205752791836858 0.14958537713391706 0.088097630068659782 0.037275249720551074 0.059293932688888162
leaf_count=32 22 598 12 23 34 20 27 30 13 127 151 20 33 58
internal_value=0 -0.0750677 -0.0751548 0.0752531 -0.0750629 0.0752468 -0.0750814 -0.0750743 -0.0750535 0.0752423 -0.0750644 0.0752393 -0.0750593 -0.0750514
internal_weight=0 0.963527 0.0508014 0.916126 0.912726 0.813783 0.305954 0.261937 0.606772 0.722339 0.220608 0.620155 0.186861 0.586545
internal_count=1200 988 44 212 944 190 275 241 669 170 211 147 184 656
is_linear=0
shrinkage=0.1


Tree=160
num_leaves=15
num_cat=0
split_feature=1 4 0 3 3 2 1 3 5 2 4 7 1 5
split_gain=0.367532 0.37376 0.239378 0.216807 0.224731 0.0203724 8.60028e-06 9.39399e-07 5.27042e-07 1.96951e-07 7.65749e-08 7.05048e-08 3.79692e-08 2.76494e-09
threshold=0.043034084141254432 0.56793908774852764 0.060567913576960571 -0.048458371311426156 0.063414195552468314 -0.052767565473914139 0.036206537857651717 -0.087906856089830385 0.36159837245941168 -0.028697077184915539 0.29579898715019232 0.91211363673210155 0.034136299043893821 0.40408973395824438
decision_type=2 2 2 2 2 2 2 2 2 2 2 2 2 2
left_child=1 2 3 5 6 7 9 -1 -2 -5 -11 13 -4 -10
right_child=8 -3 12 4 -6 -7 -8 -9 11 10 -12 -13 -14 -15
leaf_value=-0.075091018809803151 -0.075395387916239634 -0.075093730256923119 -0.075095595433030932 0.075282914778725715 -0.07510148413189105 -0.0019292008918949757 0.076445699325864605 -0.075661085948941609 -0.075096634142272425 0.075136579706622644 0.07526442840531046 -0.075211305528362166 -0.075204315279325487 -0.075118962509097442
leaf_weight=0.080513081047683954 0.081235307035967597 0.35180295864120115 0.12589865154586721 0.10917878244072188 0.10785223043058056 0.054170717950910663 0.053871402516960987 0.04509836295619607 0.30104051483795047 1.067499576485716 0.048998629674315342 0.068368411855772138 0.04312640056014061 0.067983068758621812
leaf_count=50 32 212 75 32 63 5 4 9 178 445 13 30 16 36
internal_value=0 0.0188961 0.0379411 0.0501354 0.0635244 -0.0531894 0.0752091 -0.0752957 -0.0751615 0.0751547 0.0751422 -0.075118 -0.0751233 -0.0751007
internal_weight=0 2.08801 1.73621 1.56718 1.3874 0.179782 1.27955 0.125611 0.518627 1.22568 1.1165 0.437392 0.169025 0.369024
internal_count=1200 924 712 621 557 64 494 59 276 490 458 244 91 214
is_linear=0
shrinkage=0.1


Tree=161
num_leaves=15
num_cat=0
split_feature=2 3 0 1 3 2 3 2 3 2 2 0 1 3
split_gain=0.323264 0.523153 0.175231 0.158495 0.0666287 6.66595e-05 4.7082e-06 1.66004e-07 4.60692e-08 3.93216e-08 3.07763e-08 8.11003e-09 3.59853e-09 4.16093e-09
threshold=-0.067992143332958208 0.063414195552468314 0.17949624359607699 0.17992245405912402 -0.080127414315938936 -0.052767565473914139 -0.066597066819667802 -0.038309466093778603 -0.039575660601258271 0.046794245019555099 0.10430775210261346 0.060567913576960571 0.040321623906493194 0.04514789022505284
decision_type=2 2 2 2 2 2 2 2 2 2 2 2 2 2
left_child=6 2 4 -4 -2 -6 -1 -7 -9 11 -3 12 13 -10
right_child=1 10 3 -5 5 7 -8 8 9 -11 -12 -13 -14 -15
leaf_value=0.075195555572874384 0.076750110575532507 0.07525901830017849 -0.075071701148224368 0.079276705581827922 -0.078205694731306355 -0.075287325026008739 0.076029564722821519 -0.075166174071668354 -0.075052988501597098 -0.075201795743806032 0.075190911923653736 -0.075120593706877167 -0.075072154451122614 -0.075101897509265145
leaf_weight=0.39273359184153378 0.029710372909903526 0.081123139476403483 0.10914484155364335 0.17038976075127721 0.073845638893544674 0.03617646568454802 0.081783898640424346 0.045728533645160496 0.59788609214592703 0.019891863688826561 0.36434482084587216 0.021077340934425592 0.14035998238250613 0.017915773438289762
leaf_count=114 1 20 92 6 3 13 6 25 659 7 108 14 122 10
internal_value=0 -0.0179644 -0.0508479 0.0190111 -0.0707219 -0.07532 0.0753393 -0.0750776 -0.0750686 -0.075063 0.0752033 -0.0750594 -0.0750577 -0.0750544
internal_weight=0 1.70759 1.26213 0.279535 0.982592 0.952882 0.474517 0.879036 0.84286 0.797131 0.445468 0.777239 0.756162 0.615802
internal_count=1200 1080 952 98 854 853 120 850 837 812 128 805 791 669
is_linear=0
shrinkage=0.1


Tree=162
num_leaves=15
num_cat=0
split_feature=1 0 3 2 2 1 0 7 2 3 7 3 5 1
split_gain=0.251035 0.334628 0.115557 0.143589 0.12161 0.0340939 0.0983571 0.00974931 0.00711772 0.000124262 0.000100929 9.26562e-07 2.90049e-07 1.00777e-08
threshold=0.0249448586255312 0.14293935894966128 -0.012343392707407473 -0.025684285908937451 0.050323812291026122 0.043034084141254432 0.060567913576960571 0.76320528984069835 0.00019346573390066626 -0.013138717971742151 0.80081990361213695 -0.022820421494543549 0.40408973395824438 0.23749300092458728
decision_type=2 2 2 2 2 2 2 2 2 2 2 2 2 2
left_child=1 -1 3 7 5 6 -4 -2 -5 11 -7 12 -9 -6
right_child=2 -3 4 8 13 10 -8 9 -10 -11 -12 -13 -14 -15
leaf_value=-0.075050560644913056 0.023306138388346567 0.07519940629804063 -0.075709166009521198 0.029012488914328383 -0.075054473876535646 0.078289048967653152 0.075336250935223864 -0.075059537154840636 0.069146913118570477 -0.080419496172131372 0.075218958270815484 -0.075817159527567665 -0.075479272349421783 -0.075140797749819757
leaf_weight=0.67647787643363733 0.0100840829545632 0.18982258555479348 0.06308606034144737 0.084698176011443138 0.051962321274913847 0.14982768823392689 0.13615737180225551 0.060751869983505458 0.092388903954997659 0.083798572421073914 0.37532171350903809 0.030540116946212947 0.022583485872019082 0.018281962489709258
leaf_count=782 4 54 28 19 55 18 30 59 23 1 99 3 10 15
internal_value=0 -0.042128 0.0287673 -0.0162101 0.0505499 0.0627319 0.027511 -0.072604 0.0499512 -0.0774968 0.0760949 -0.075346 -0.0751733 -0.0750769
internal_weight=0 0.8663 1.17948 0.384845 0.794637 0.724393 0.199243 0.207758 0.177087 0.197674 0.525149 0.113875 0.0833354 0.0702443
internal_count=1200 836 364 119 245 175 58 77 42 73 117 72 69 70
is_linear=0
shrinkage=0.1


Tree=163
num_leaves=15
num_cat=0
split_feature=4 7 1 2 1 2 5 7 4 3 1 1 5 3
split_gain=0.913854 2.67426e-08 4.77591e-08 1.84465e-08 1.02574e-08 8.16656e-09 5.86478e-09 8.93931e-09 5.0966e-09 2.64335e-09 2.04627e-09 8.88365e-10 4.36918e-10 3.64582e-10
threshold=0.56793908774852764 0.75939255952835094 0.047436069697141654 -0.025242735631763932 0.037099417299032218 0.025647088885307315 0.36352482438087469 0.91211363673210155 0.32146993279457098 -0.024405241012573239 0.12098458409309389 0.020687920972704891 0.40408973395824438 0.063414195552468314
decision_type=2 2 2 2 2 2 2 2 2 2 2 2 2 2
left_child=1 2 -1 -2 8 9 -6 10 13 -5 -8 -11 -12 -3
right_child=3 4 -4 5 6 -7 7 -9 -10 11 12 -13 -14 -15
leaf_value=-0.075046519385311317 0.07526095052073245 -0.075043361791575072 -0.075258085361134777 0.07522460760841379 -0.075106609197637508 0.075242747454073555 -0.075079930589798657 -0.075110082263511624 -0.075099265244188987 0.075204260958843971 -0.075048539338742393 0.07521594382308848 -0.075061577227328258 -0.07505227502655426
leaf_weight=0.025695105432532728 0.088128118775784969 0.45417043735506013 0.018247270432766527 0.088195872493088245 0.038033281627576798 0.078757841372862458 0.029146817803848535 0.03569877048721537 0.017427643935661763 0.45820293622091413 0.12900628469651565 0.075862965080887079 0.032098343304824084 0.051048732944764197
leaf_count=32 22 598 12 23 34 20 27 30 13 127 151 20 33 58
internal_value=0 -0.0750585 -0.0751344 0.0752178 -0.0750542 0.0752124 -0.0750703 -0.0750642 -0.0750461 0.0752086 -0.0750555 0.0752059 -0.0750511 -0.0750443
internal_weight=0 0.830573 0.0439424 0.789148 0.78663 0.70102 0.263983 0.22595 0.522647 0.622262 0.190251 0.534066 0.161105 0.505219
internal_count=1200 988 44 212 944 190 275 241 669 170 211 147 184 656
is_linear=0
shrinkage=0.1


Tree=164
num_leaves=15
num_cat=0
split_feature=1 4 0 2 3 5 1 3 0 2 3 7 0 1
split_gain=0.317081 0.322765 0.213007 0.191916 0.189853 0.012267 5.49039e-06 5.98659e-07 3.41689e-07 6.58588e-08 6.22465e-08 3.72767e-08 3.04775e-08 2.44745e-08
threshold=0.043034084141254432 0.36240006983280187 0.060567913576960571 -0.067992143332958208 0.063414195552468314 0.34976005554199224 0.036206537857651717 -0.087906856089830385 0.00072174015804193925 -0.028697077184915539 -0.033367959782481187 0.91211363673210155 0.24912531673908236 0.034136299043893821
decision_type=2 2 2 2 2 2 2 2 2 2 2 2 2 2
left_child=1 2 3 7 6 -3 9 -1 -2 -5 -11 12 -10 -4
right_child=8 5 13 4 -6 -7 -8 -9 11 10 -12 -13 -14 -15
leaf_value=-0.075078333462926153 -0.075392610489332268 -0.075080529555301131 -0.0750823983029517 0.075217358332687806 -0.075086946241979341 -0.019932253484675283 0.076238312964227964 -0.075568637986152154 -0.075087102726716093 0.075215926832907939 0.075118677841344447 -0.075183223010081332 -0.075188478430863431 -0.075176308299859385
leaf_weight=0.06931499217171222 0.047705967444926389 0.3010488946456461 0.10849509807303537 0.085281893610953841 0.090966003946959861 0.046574229025281966 0.046929116826504358 0.038866219110786804 0.30872340116184205 0.070964840706437382 0.90749811963178328 0.058515353943221271 0.032807383802719414 0.037290172651410103
leaf_count=50 20 211 75 31 62 5 4 9 208 24 437 30 18 16
internal_value=0 0.0188817 0.0395569 0.0523192 0.0638044 -0.0676918 0.0751798 -0.0752545 -0.0751396 0.0751331 0.0751257 -0.0751095 -0.0750968 -0.0751064
internal_weight=0 1.80323 1.45561 1.30982 1.20164 0.347623 1.11067 0.108181 0.447752 1.06374 0.978463 0.400046 0.341531 0.145785
internal_count=1200 924 708 617 558 216 496 59 276 492 461 256 226 91
is_linear=0
shrinkage=0.1


Tree=165
num_leaves=15
num_cat=0
split_feature=2 3 0 1 3 2 3 2 3 2 2 1 1 3
split_gain=0.277741 0.448126 0.151676 0.136552 0.0612146 4.26861e-05 2.99707e-06 1.27441e-07 4.63615e-08 2.5001e-08 1.96417e-08 5.42887e-09 4.86298e-09 2.63561e-09
threshold=-0.067992143332958208 0.063414195552468314 0.17949624359607699 0.17992245405912402 -0.080127414315938936 -0.052767565473914139 -0.066597066819667802 -0.039751833304762833 -0.04310051538050174 0.046794245019555099 0.10430775210261346 0.040321623906493194 0.17823623865842822 0.04514789022505284
decision_type=2 2 2 2 2 2 2 2 2 2 2 2 2 2
left_child=6 2 4 -4 -2 -6 -1 -7 -9 11 -3 13 -13 -10
right_child=1 10 3 -5 5 7 -8 8 9 -11 -12 12 -14 -15
leaf_value=0.075168438842373772 0.07660923792985147 0.075222902224751767 -0.075062162576234867 0.078655182300617854 -0.077755093289212027 -0.075287979717142794 0.075884943748959377 -0.075174786054139506 -0.075045760725724886 -0.075173696904969209 0.07516427248727453 -0.075107558965161997 -0.075059923136663584 -0.075087692493397556
leaf_weight=0.33847994357347488 0.027419401332735793 0.069865025812759884 0.094308702042326331 0.1492418481502682 0.064089315477758424 0.025340943713672237 0.07054694020189356 0.033509482222143339 0.53152657306054674 0.017130866763181984 0.31372915604151785 0.02667906106216833 0.10893689992371947 0.015424757497385144
leaf_count=114 1 20 92 6 3 8 6 17 678 7 108 22 108 10
internal_value=0 -0.0178234 -0.0504435 0.0191321 -0.0703777 -0.0752769 0.075292 -0.0750675 -0.0750599 -0.0750544 0.075175 -0.0750514 -0.0750693 -0.0750469
internal_weight=0 1.4772 1.09361 0.243551 0.850057 0.822638 0.409027 0.758549 0.733208 0.699698 0.383594 0.682567 0.135616 0.546951
internal_count=1200 1080 952 98 854 853 120 850 842 825 128 818 130 688
is_linear=0
shrinkage=0.1


Tree=166
num_leaves=15
num_cat=0
split_feature=1 0 3 3 2 1 0 3 1 2 0 3 1 4
split_gain=0.21552 0.288037 0.100971 0.0706421 0.0671177 0.0376771 0.11086 0.00239735 1.24254e-06 8.30251e-07 2.00988e-08 3.06481e-09 1.80783e-09 8.83381e-10
threshold=0.0249448586255312 0.14293935894966128 -0.048458371311426156 0.038426583632826812 -0.046276550740003579 0.043034084141254432 0.060567913576960571 0.12199468910694124 0.033131964504718787 -0.028016408905386921 0.043390547856688506 -0.0080759176053106767 0.23576945811510089 0.30584140121936804
decision_type=2 2 2 2 2 2 2 2 2 2 2 2 2 2
left_child=1 13 9 4 -4 6 8 -5 -6 -2 11 -7 -13 -1
right_child=2 -3 3 7 5 10 -8 -9 -10 -11 -12 12 -14 -15
leaf_value=-0.075040973486426396 -0.075051393556733112 0.075171582206273485 -0.010081149220554019 -0.035158432084560064 -0.07506861819770233 0.075199274144193209 0.075279702506730009 -0.075046560554000205 -0.07589353232097952 -0.075733090789206814 0.075231396889976668 0.075171367904935116 0.075188810086716198 -0.075049409523981703
leaf_weight=0.40341441245982435 0.060539592755958438 0.16345710749737918 0.17331729549914598 0.023038875428028405 0.036136840994003938 0.10743233514949679 0.14676542044617236 0.04354918230092153 0.036909777787514031 0.025345796719193459 0.12913525523617864 0.13627430191263556 0.10537098557688296 0.17929699108935893
leaf_count=565 68 54 4 18 35 31 37 54 5 2 33 45 32 217
internal_value=0 -0.0421371 0.0285271 0.0380301 0.0456167 0.0594463 0.0251783 -0.0612456 -0.0754854 -0.0752526 0.0751977 0.0751852 0.075179 -0.0750436
internal_weight=0 0.746169 1.02382 0.93793 0.871342 0.698025 0.219812 0.0665881 0.0730466 0.0858854 0.478213 0.349078 0.241645 0.582711
internal_count=1200 836 364 294 222 218 77 72 40 70 141 108 77 782
is_linear=0
shrinkage=0.1


Tree=167
num_leaves=15
num_cat=0
split_feature=4 7 1 2 1 2 1 0 1 4 3 1 3 0
split_gain=0.787122 1.75549e-08 3.09693e-08 1.16556e-08 6.63657e-09 5.17728e-09 4.13901e-09 5.39518e-09 9.24238e-09 3.25165e-09 1.82793e-09 5.63765e-10 2.28858e-10 2.97593e-10
threshold=0.56793908774852764 0.75939255952835094 0.047436069697141654 -0.025242735631763932 0.037099417299032218 0.025647088885307315 0.045598378404974944 0.17949624359607699 0.22576473653316501 0.32146993279457098 -0.024405241012573239 0.020687920972704891 0.063414195552468314 0.035699168220162399
decision_type=2 2 2 2 2 2 2 2 2 2 2 2 2 2
left_child=1 2 -1 -2 9 10 -6 -8 -9 12 -5 -12 13 -3
right_child=3 4 -4 5 6 -7 7 8 -10 -11 11 -13 -14 -15
leaf_value=-0.075040583278344369 0.075224435513939605 -0.075036189927947666 -0.075223663747719105 0.075193912646362771 -0.075104436705846322 0.075208884501875461 -0.075043646450478452 -0.075047186235172536 -0.075115285543399107 -0.075085489851140774 0.075175759664941499 0.075185789241384596 -0.0750449972442922 -0.075043742629781418
leaf_weight=0.022261878766585141 0.075883154291659594 0.32928733638254926 0.015794978535268456 0.076134647475555539 0.019743185490369797 0.06782551109790802 0.12688558321679011 0.04605097247986123 0.035135114041622728 0.01501312933396548 0.39456921070814133 0.065322990994900465 0.043948408158030361 0.061991058115381747
leaf_count=32 22 517 12 23 16 20 167 59 33 13 127 20 58 81
internal_value=0 -0.0750505 -0.0751166 0.0751875 -0.0750468 0.0751829 -0.0750607 -0.0750565 -0.0750767 -0.0750397 0.0751796 0.0751772 -0.0750382 -0.0750374
internal_weight=0 0.716112 0.0380569 0.679736 0.678055 0.603852 0.227815 0.208072 0.0811861 0.45024 0.536027 0.459892 0.435227 0.391278
internal_count=1200 988 44 212 944 190 275 259 92 669 170 147 656 598
is_linear=0
shrinkage=0.1


Tree=168
num_leaves=15
num_cat=0
split_feature=1 4 0 2 3 4 1 3 0 2 3 7 0 1
split_gain=0.273687 0.27647 0.183299 0.165136 0.163368 0.0123724 3.50551e-06 3.81536e-07 3.09363e-07 4.19118e-08 3.97114e-08 2.39983e-08 1.92364e-08 1.56479e-08
threshold=0.043034084141254432 0.36240006983280187 0.060567913576960571 -0.067992143332958208 0.063414195552468314 0.56793908774852764 0.036206537857651717 -0.087906856089830385 0.00072174015804193925 -0.028697077184915539 -0.033367959782481187 0.91211363673210155 0.24912531673908236 0.034136299043893821
decision_type=2 2 2 2 2 2 2 2 2 2 2 2 2 2
left_child=1 2 3 7 6 -3 9 -1 -2 -5 -11 12 -10 -4
right_child=8 5 13 4 -6 -7 -8 -9 11 10 -12 -13 -14 -15
leaf_value=-0.075067416134217746 -0.075380064197621277 -0.016221200642592876 -0.075070911836406365 0.075186981899288741 -0.075074835459860101 -0.075069463661989022 0.07606523781948904 -0.075489157981901034 -0.075074993036223669 0.075185839358358098 0.07510213444194809 -0.075158012149740661 -0.075161810140849314 -0.075151831825970933
leaf_weight=0.059672360657714307 0.042546878219582251 0.041396029293537029 0.093400847748853155 0.073425939655862305 0.078313771053217351 0.26083421043585986 0.040498853661119938 0.033489326131529773 0.26591324945911765 0.061110894428565654 0.78130697703454732 0.050393017707392573 0.028231482370756567 0.032113351160660386
leaf_count=50 20 4 75 31 62 212 4 9 208 24 437 30 18 16
internal_value=0 0.0188418 0.039544 0.0523017 0.0637838 -0.0670091 0.0751548 -0.075219 -0.0751257 0.0751145 0.0751082 -0.0750942 -0.0750833 -0.0750916
internal_weight=0 1.55556 1.25333 1.12782 1.03466 0.30223 0.956343 0.0931617 0.387085 0.915844 0.842418 0.344538 0.294145 0.125514
internal_count=1200 924 708 617 558 216 496 59 276 492 461 256 226 91
is_linear=0
shrinkage=0.1


Tree=169
num_leaves=15
num_cat=0
split_feature=2 3 0 1 3 2 3 2 3 2 2 1 1 3
split_gain=0.238925 0.383102 0.136209 0.118819 0.0553952 3.54082e-05 2.09307e-06 8.10973e-08 2.94374e-08 1.58691e-08 1.25246e-08 3.3793e-09 3.11926e-09 1.65071e-09
threshold=-0.067992143332958208 0.063414195552468314 0.17949624359607699 0.17992245405912402 -0.080127414315938936 -0.052767565473914139 -0.066597066819667802 -0.039751833304762833 -0.04310051538050174 0.046794245019555099 0.10430775210261346 0.040321623906493194 0.17823623865842822 0.04514789022505284
decision_type=2 2 2 2 2 2 2 2 2 2 2 2 2 2
left_child=6 2 4 -4 -2 -6 -1 -7 -9 11 -3 13 -13 -10
right_child=1 10 3 -5 5 7 -8 8 9 -11 -12 12 -14 -15
leaf_value=0.075144937860204153 0.076455715005454339 0.075191996673780251 -0.075053504607505914 0.078354681243956975 -0.077608315471059383 -0.075247839851928428 0.07578361318756284 -0.075150455188444862 -0.07503971361694714 -0.075149505996495308 0.075141589488630992 -0.075092666556145382 -0.07505161803061422 -0.075075477616089792
leaf_weight=0.29143946664407849 0.024903297424316295 0.060274955816566944 0.081189131655264646 0.13351710326969624 0.059401843231171259 0.021827521850354858 0.062277546385303251 0.028856163669843116 0.45808987179771088 0.01475189661141485 0.27052592183463275 0.023059463477693498 0.093874147045426071 0.013279716833494604
leaf_count=114 1 20 92 6 3 8 6 17 678 7 108 22 108 10
internal_value=0 -0.0175657 -0.0497575 0.0203448 -0.0701511 -0.0752707 0.0752574 -0.0750583 -0.0750518 -0.0750471 0.0751508 -0.0750445 -0.0750597 -0.0750407
internal_weight=0 1.28355 0.95275 0.214706 0.738044 0.713141 0.353717 0.653739 0.631911 0.603055 0.330801 0.588303 0.116934 0.47137
internal_count=1200 1080 952 98 854 853 120 850 842 825 128 818 130 688
is_linear=0
shrinkage=0.1


Tree=170
num_leaves=15
num_cat=0
split_feature=1 0 3 2 2 1 0 2 7 3 2 3 5 0
split_gain=0.184687 0.247957 0.0911442 0.106793 0.0911802 0.0253044 0.0727806 0.00651969 0.00560023 5.85928e-05 5.69054e-05 4.55458e-07 1.15984e-07 4.73256e-09
threshold=0.0249448586255312 0.14293935894966128 -0.012343392707407473 -0.025684285908937451 0.050323812291026122 0.043034084141254432 0.060567913576960571 -0.0040462459437549106 0.77942472696304332 -0.013138717971742151 -0.019755934365093705 -0.022820421494543549 0.4024969637393952 0.050314798951148994
decision_type=2 2 2 2 2 2 2 2 2 2 2 2 2 2
left_child=1 -1 3 8 5 6 -4 -5 -2 11 -7 12 -10 -12
right_child=2 -3 4 7 -6 10 -8 -9 9 -11 13 -13 -14 -15
leaf_value=-0.075037761895330304 -0.0017673139164970956 0.075147647484442415 -0.075526147299785601 0.023379072374876766 -0.075058501564635255 0.07779588785946881 0.075249214774412307 0.067453754874892233 -0.075044106119478121 -0.079243273603167935 0.075154172066046993 -0.075646271562450768 -0.075356778160053428 0.075187054216164909
leaf_weight=0.5021257046610117 0.010572279628831893 0.14074457972310483 0.046868899196851999 0.059854882885701954 0.052634436753578484 0.11561834206804633 0.10101880203001201 0.076403125596698374 0.042724829982034862 0.067573532462120056 0.22701525478623807 0.024152313300874084 0.016424318077042699 0.054224791936576366
leaf_count=782 7 54 28 16 70 16 30 26 56 1 84 3 10 17
internal_value=0 -0.0421574 0.0281007 -0.017102 0.0506275 0.0627715 0.0274652 0.0480928 -0.0721251 -0.0770553 0.0759283 -0.0752803 -0.0751309 0.0751605
internal_weight=0 0.64287 0.895086 0.297705 0.597381 0.544746 0.147888 0.136258 0.161447 0.150875 0.396858 0.0833015 0.0591491 0.28124
internal_count=1200 836 364 119 245 175 58 42 77 70 117 69 66 101
is_linear=0
shrinkage=0.1


Tree=171
num_leaves=15
num_cat=0
split_feature=4 7 1 2 1 2 4 7 5 3 1 1 5 3
split_gain=0.678085 1.62558e-08 2.6906e-08 7.38597e-09 4.12249e-09 3.29497e-09 2.91153e-09 2.3539e-09 4.21554e-09 1.15932e-09 8.60726e-10 3.55474e-10 1.74299e-10 1.46367e-10
threshold=0.56793908774852764 0.75939255952835094 0.047436069697141654 -0.025242735631763932 0.037099417299032218 0.025647088885307315 0.32146993279457098 0.91211363673210155 0.36278039216995245 -0.024405241012573239 0.12098458409309389 0.020687920972704891 0.40408973395824438 0.063414195552468314
decision_type=2 2 2 2 2 2 2 2 2 2 2 2 2 2
left_child=1 2 -1 -2 6 9 13 8 -6 -5 -10 -11 -12 -3
right_child=3 4 -4 5 7 -7 -8 -9 10 11 12 -13 -14 -15
leaf_value=-0.075034931963103624 0.075193050505037273 -0.075032177582900095 -0.07521657835507109 0.075166864834117844 -0.075086907536723535 0.07517975673820429 -0.075080312421213879 -0.07507833119211868 -0.075059564228423928 0.075151289697699838 -0.07503607965610376 0.075159872056986265 -0.075045619285024678 -0.075038737434245717
leaf_weight=0.019164207740686834 0.065335538936778903 0.33682325002155267 0.014194104238413274 0.065559092210605741 0.023511310573667288 0.058406599564477801 0.013380726799368858 0.029439620266202837 0.021709227294195443 0.33983807964250445 0.097789358755107969 0.056248695589601994 0.023817698995117098 0.037834405200555921
leaf_count=32 22 598 12 23 27 20 13 34 27 127 154 20 33 58
internal_value=0 -0.0750443 -0.0751122 0.0751614 -0.0750405 0.0751574 -0.0750345 -0.0750523 -0.0750477 0.0751545 -0.0750412 0.0751525 -0.0750379 -0.0750328
internal_weight=0 0.617664 0.0333583 0.585388 0.584306 0.520052 0.388038 0.196267 0.166828 0.461646 0.143316 0.396087 0.121607 0.374658
internal_count=1200 988 44 212 944 190 669 275 241 170 214 147 187 656
is_linear=0
shrinkage=0.1


Tree=172
num_leaves=15
num_cat=0
split_feature=1 4 0 2 3 2 1 3 0 4 3 7 0 1
split_gain=0.236198 0.237684 0.152426 0.142768 0.14359 0.0120703 2.22864e-06 2.43158e-07 2.00427e-07 9.84323e-08 2.70043e-08 1.57282e-08 1.20839e-08 1.01e-08
threshold=0.043034084141254432 0.56793908774852764 0.060567913576960571 -0.046276550740003579 0.063414195552468314 -0.067992143332958208 0.036206537857651717 -0.087906856089830385 0.00072174015804193925 0.30584140121936804 -0.034941764548420899 0.91211363673210155 0.24912531673908236 0.034136299043893821
decision_type=2 2 2 2 2 2 2 2 2 2 2 2 2 2
left_child=1 2 3 5 6 7 9 -1 -2 10 -5 12 -10 -4
right_child=8 -3 13 4 -6 -7 -8 -9 11 -11 -12 -13 -14 -15
leaf_value=-0.075058022099028329 -0.075329074761663894 -0.075059785172632565 -0.075061150091784823 0.075160796298780252 -0.075064956345264042 -0.0073885882447056106 0.075912714535762857 -0.075420809102284936 -0.075064807076690152 0.075263206636709296 0.075087145535303712 -0.075136882287953136 -0.075138957317672589 -0.075131076809933417
leaf_weight=0.051369562512263656 0.03671778878197085 0.22454427566844959 0.080500812444370129 0.053605403634719218 0.068988024024292827 0.039034661836921836 0.035258574411273003 0.028851425042375922 0.22955474839545786 0.035323175834491849 0.69809579558204904 0.043661192583385855 0.024304659920744598 0.027784598642028868
leaf_count=50 20 212 75 24 63 4 4 9 208 11 456 30 18 16
internal_value=0 0.0188329 0.037677 0.0497597 0.0635088 -0.0529963 0.0751349 -0.0751885 -0.0751086 0.0751001 0.0750924 -0.0750814 -0.0750719 -0.0750791
internal_weight=0 1.34336 1.11881 1.01053 0.891271 0.119256 0.822283 0.080221 0.334238 0.787024 0.751701 0.297521 0.253859 0.108285
internal_count=1200 924 712 621 558 63 495 59 276 491 480 256 226 91
is_linear=0
shrinkage=0.1


Tree=173
num_leaves=15
num_cat=0
split_feature=2 3 1 3 7 3 4 2 3 2 3 2 2 1
split_gain=0.205303 0.328309 0.117963 0.0777876 0.0354663 0.0103889 0.000643034 2.27356e-05 1.33258e-06 5.1708e-08 2.21541e-08 7.96636e-09 7.63438e-09 2.3274e-09
threshold=-0.067992143332958208 0.063414195552468314 0.22576473653316501 -0.080127414315938936 0.91211363673210155 0.021181644871830944 0.12397571653127672 -0.052767565473914139 -0.066597066819667802 -0.044158283621072762 -0.044825410470366471 0.10430775210261346 0.044631481170654304 0.034136299043893821
decision_type=2 2 2 2 2 2 2 2 2 2 2 2 2 2
left_child=8 2 3 -2 5 6 -4 -5 -1 -9 -11 -3 13 -12
right_child=1 11 4 7 -6 -7 -8 9 -10 10 12 -13 -14 -15
leaf_value=0.075124927885351467 0.076114061649999426 0.075165233166285594 -0.075051008797644397 -0.077241692024225039 0.068915669156299056 0.02600817399932201 -0.048239860002746993 -0.075210638228199928 0.075673762746436071 -0.075144818688422682 -0.07503578373966667 0.075121911580618428 -0.075113553769421637 -0.075053957711308461
leaf_weight=0.2512752590700984 0.035867958329617866 0.051902568433433771 0.020567809755448252 0.051470379345118888 0.093042072781827301 0.020220491394866258 0.015830599470064044 0.019353125419001915 0.053692737128585688 0.021161381388082989 0.4498412227840165 0.23300762660801411 0.013955906324554235 0.083552437426988035
leaf_count=114 2 20 24 3 9 9 17 8 6 12 752 108 10 106
internal_value=0 -0.0174169 -0.0493828 -0.0671869 0.030941 -0.031463 -0.0633902 -0.0752263 0.0752216 -0.0750499 -0.0750444 0.0751298 -0.0750405 -0.0750386
internal_weight=0 1.10977 0.824863 0.675202 0.149661 0.0566189 0.0363984 0.639334 0.304968 0.587864 0.568511 0.28491 0.54735 0.533394
internal_count=1200 1080 952 893 59 50 41 891 120 888 880 128 868 858
is_linear=0
shrinkage=0.1


Tree=174
num_leaves=15
num_cat=0
split_feature=1 0 3 2 2 1 0 2 7 3 2 3 5 0
split_gain=0.158637 0.213458 0.0787321 0.0904213 0.0783867 0.0217063 0.0626132 0.00599537 0.00515135 3.70764e-05 3.64715e-05 2.90403e-07 7.33738e-08 3.01787e-09
threshold=0.0249448586255312 0.14293935894966128 -0.012343392707407473 -0.025684285908937451 0.050323812291026122 0.043034084141254432 0.060567913576960571 -0.0040462459437549106 0.77942472696304332 -0.013138717971742151 -0.019755934365093705 -0.022820421494543549 0.4024969637393952 0.050314798951148994
decision_type=2 2 2 2 2 2 2 2 2 2 2 2 2 2
left_child=1 -1 3 8 5 6 -4 -5 -2 11 -7 12 -10 -12
right_child=2 -3 4 7 -6 10 -8 -9 9 -11 13 -13 -14 -15
leaf_value=-0.075032762435922051 -0.0016299034391307268 0.075127056435335751 -0.075453228292644489 0.021828241063779487 -0.07505029204806099 0.077407174951846874 0.075214539603379357 0.066382683867669753 -0.075037952737352462 -0.07862997359774497 0.075132663677975636 -0.075555717101173467 -0.075306080178219978 0.07516096100719484
leaf_weight=0.43269816471729428 0.0098110432154498994 0.12118143308907747 0.040385755972238258 0.055133080342784524 0.04530362895457074 0.10012908303178847 0.086999315768480301 0.066788809897843748 0.036773430823814124 0.058712054044008255 0.1954557835124433 0.020816723874304444 0.014126816880889237 0.046691900119185448
leaf_count=782 7 54 28 16 70 16 30 26 56 1 84 3 10 17
internal_value=0 -0.0421798 0.0278591 -0.0167511 0.0505695 0.0626868 0.0274473 0.0462352 -0.0715101 -0.0767666 0.0758019 -0.0752411 -0.0751124 0.0751381
internal_weight=0 0.55388 0.777127 0.262162 0.514965 0.469662 0.127385 0.121922 0.14024 0.130429 0.342277 0.071717 0.0509002 0.242148
internal_count=1200 836 364 119 245 175 58 42 77 70 117 69 66 101
is_linear=0
shrinkage=0.1


Tree=175
num_leaves=15
num_cat=0
split_feature=4 7 1 5 6 1 0 4 1 1 1 2 2 3
split_gain=0.584202 1.05378e-08 1.73595e-08 4.44467e-09 7.89504e-09 2.58759e-09 4.44673e-09 2.52235e-09 1.07828e-09 1.7615e-09 2.88963e-10 1.45043e-10 1.14151e-10 1.03688e-10
threshold=0.56793908774852764 0.75939255952835094 0.047436069697141654 0.25636999309062963 0.023416869342327121 0.22576473653316501 0.17949624359607699 0.32994660735130316 0.034136299043893821 0.043034084141254432 0.019908609800040725 0.019756739027798179 0.0030094766989350323 -0.0092747514136135561
decision_type=2 2 2 2 2 2 2 2 2 2 2 2 2 2
left_child=1 2 -1 10 12 7 -7 8 -3 -10 11 -2 -5 -11
right_child=3 5 -4 4 -6 6 -8 -9 9 13 -12 -13 -14 -15
leaf_value=-0.075030402929624415 0.075128614621324835 -0.075028160487386419 -0.075187256954243956 0.075135075672193491 0.075171647865507341 -0.07503208336570219 -0.075085666625150413 -0.075080431629733199 -0.075067755213048024 -0.075038058134123287 0.075138265094764387 0.075134544620647378 0.075128597664089386 -0.075031241948008587
leaf_weight=0.016569564206292853 0.20047725131735206 0.31762036043801345 0.012288665166124701 0.059483688790351152 0.093690540874376893 0.038201755145564675 0.026047595485579222 0.010634243837557733 0.018520123790949583 0.037295412505045533 0.048464280320331454 0.051930664107203484 0.050122413784265518 0.055570736934896559
leaf_count=32 88 648 12 25 35 68 33 11 23 60 20 22 22 101
internal_value=0 -0.0750384 -0.0750972 0.0751389 0.0751503 -0.0750351 -0.0750538 -0.0750323 -0.0750311 -0.0750396 0.0751312 0.0751298 0.0751321 -0.075034
internal_weight=0 0.532748 0.0288582 0.504169 0.203297 0.50389 0.0642494 0.439641 0.429007 0.111386 0.300872 0.252408 0.109606 0.0928661
internal_count=1200 988 44 212 82 944 101 843 832 184 130 110 47 161
is_linear=0
shrinkage=0.1


Tree=176
num_leaves=15
num_cat=0
split_feature=1 4 0 2 3 4 1 3 0 2 3 7 0 1
split_gain=0.20419 0.205375 0.136542 0.122412 0.121024 0.00972491 1.42338e-06 1.54979e-07 1.28498e-07 2.4235e-08 1.65288e-08 1.03848e-08 9.47437e-09 6.52878e-09
threshold=0.043034084141254432 0.36240006983280187 0.060567913576960571 -0.067992143332958208 0.063414195552468314 0.56793908774852764 0.036206537857651717 -0.087906856089830385 0.00072174015804193925 -0.028697077184915539 -0.033367959782481187 0.91211363673210155 0.24912531673908236 0.034136299043893821
decision_type=2 2 2 2 2 2 2 2 2 2 2 2 2 2
left_child=1 2 3 7 6 -3 9 -1 -2 -5 -11 12 -10 -4
right_child=8 5 13 4 -6 -7 -8 -9 11 10 -12 -13 -14 -15
leaf_value=-0.075049936709502885 -0.075284674844234761 -0.017290058808971862 -0.075052751094762463 0.075149313264990789 -0.075055437769356775 -0.075051454778495952 0.075782138640421839 -0.075362036055466333 -0.075056103332066526 0.075138362701616779 0.075075929517154277 -0.0751195609385584 -0.075126416166725107 -0.075113213619755204
leaf_weight=0.044220921583473682 0.03167839813977491 0.034323898609727621 0.069388960779178888 0.055725336424074956 0.058038333896547556 0.19329834380187094 0.030705461511388421 0.024852589820511528 0.19836397306062281 0.045748409815132507 0.58012957882601779 0.037929008831270039 0.021213161817286164 0.024048645747825503
leaf_count=50 20 4 75 31 62 212 4 9 208 24 437 30 18 16
internal_value=0 0.0188224 0.0396029 0.0523671 0.0638021 -0.0663414 0.0751161 -0.0751622 -0.0750946 0.0750861 0.0750805 -0.0750712 -0.0750629 -0.0750683
internal_weight=0 1.16048 0.932858 0.839421 0.770347 0.227622 0.712309 0.0690735 0.289185 0.681603 0.625878 0.257506 0.219577 0.0934376
internal_count=1200 924 708 617 558 216 496 59 276 492 461 256 226 91
is_linear=0
shrinkage=0.1


Tree=177
num_leaves=15
num_cat=0
split_feature=3 3 2 2 4 2 3 2 2 1 1 3 4 5
split_gain=0.176931 0.283872 0.114059 0.0272536 0.000229273 5.18646e-07 1.16552e-08 6.28659e-09 5.08243e-09 2.18322e-09 1.79159e-09 7.35335e-10 5.00745e-10 2.11277e-09
threshold=-0.066597066819667802 0.063414195552468314 -0.046276550740003579 0.06425290554761888 0.22405207157135013 -0.091485355049371705 -0.044825410470366471 0.046794245019555099 0.10430775210261346 0.034136299043893821 0.047436069697141654 0.04514789022505284 0.30584140121936804 0.33089952170848852
decision_type=2 2 2 2 2 2 2 2 2 2 2 2 2 2
left_child=4 2 -2 6 5 -1 -4 9 -3 11 -11 12 -8 -14
right_child=1 8 3 -5 -6 -7 7 -9 -10 10 -12 -13 13 -15
leaf_value=0.075107288049676937 0.023348863689576921 0.075142203186079073 -0.075123198140576497 0.075703166979251696 0.067144851900048749 0.075485836826395175 -0.075027770504755523 -0.075111011932412056 0.075104912346766778 -0.075069666301374058 -0.075039867554371587 -0.075056541515794162 -0.075031112588414786 -0.075074672349799199
leaf_weight=0.18368960567750037 0.16444587567821145 0.04469036590307951 0.015851857839152217 0.012269512750208378 0.042013246682472527 0.0450744564877823 0.25966398921445943 0.010979144368320704 0.20060684822965413 0.026169271091930568 0.08810496935620904 0.010945711750537157 0.10961081774439663 0.012393760902341455
leaf_count=97 13 20 11 1 12 11 535 7 108 28 133 11 199 14
internal_value=0 -0.0176372 -0.0496614 -0.0716512 0.0739349 0.0751819 -0.0750387 -0.0750361 0.0751117 -0.0750345 -0.0750467 -0.075031 -0.0750303 -0.0750355
internal_weight=0 0.955732 0.710435 0.545989 0.270777 0.228764 0.53372 0.517868 0.245297 0.506889 0.114274 0.392614 0.381669 0.122005
internal_count=1200 1080 952 939 120 108 938 927 128 920 161 759 748 213
is_linear=0
shrinkage=0.1


Tree=178
num_leaves=15
num_cat=0
split_feature=1 0 3 2 2 1 0 7 7 5 3 3 5 1
split_gain=0.136309 0.183734 0.0684894 0.0768624 0.0677409 0.0186507 0.0538698 0.00631351 0.00568908 2.45699e-05 2.45468e-05 1.90303e-07 4.62091e-08 2.32522e-09
threshold=0.0249448586255312 0.14293935894966128 -0.012343392707407473 -0.025684285908937451 0.050323812291026122 0.043034084141254432 0.060567913576960571 0.76320528984069835 0.87293556332588207 0.36221341788768774 -0.013138717971742151 -0.022820421494543549 0.40408973395824438 0.23749300092458728
decision_type=2 2 2 2 2 2 2 2 2 2 2 2 2 2
left_child=1 -1 3 7 5 6 -4 -2 -5 -7 11 12 -9 -6
right_child=2 -3 4 8 13 9 -8 10 -10 -11 -12 -13 -14 -15
leaf_value=-0.075028215543171364 0.021942223718958508 0.075109338495796776 -0.075390369929441106 0.06673041718563065 -0.075030131070467576 0.07714793280372334 0.075184685541950513 -0.07503313324365822 0.021178395053176952 0.075121878200014675 -0.078135803652879754 -0.075477914856443395 -0.075258419350296424 -0.075085298677082649
leaf_weight=0.37261814723024145 0.0069035163032822302 0.1043325454229489 0.034794104547472671 0.055746689380612224 0.028766081086359918 0.083196448045782745 0.074919029604643583 0.033657551073702052 0.053952375892549753 0.21334440051577985 0.051362745463848114 0.017938397300895303 0.012480644043534994 0.010402980929939076
leaf_count=782 4 54 28 24 55 16 30 59 18 101 1 3 10 15
internal_value=0 -0.0421858 0.0275994 -0.0164532 0.0505485 0.0626576 0.0274318 -0.0709518 0.0443269 0.0756903 -0.0765071 -0.0752015 -0.0750941 -0.0750448
internal_weight=0 0.476951 0.677465 0.232042 0.445423 0.406254 0.109713 0.122343 0.109699 0.296541 0.115439 0.0640766 0.0461382 0.0391691
internal_count=1200 836 364 119 245 175 58 77 42 117 73 72 69 70
is_linear=0
shrinkage=0.1


Tree=179
num_leaves=15
num_cat=0
split_feature=4 7 1 2 1 0 4 2 1 1 3 1 3 2
split_gain=0.503383 6.81731e-09 1.11652e-08 2.87839e-09 1.86194e-09 3.14212e-09 1.60756e-09 1.39011e-09 7.05981e-10 1.12779e-09 4.07345e-10 7.64999e-11 7.41566e-11 1.0757e-10
threshold=0.56793908774852764 0.75939255952835094 0.047436069697141654 -0.02343347109854221 0.22576473653316501 0.17949624359607699 0.32994660735130316 0.025647088885307315 0.034136299043893821 0.043034084141254432 -0.024405241012573239 0.019573172554373745 -0.0092747514136135561 -0.028016408905386921
decision_type=2 2 2 2 2 2 2 2 2 2 2 2 2 2
left_child=1 2 -1 -2 6 -6 8 10 -3 -10 -5 -12 13 -11
right_child=3 4 -4 7 5 -7 -8 -9 9 12 11 -13 -14 -15
leaf_value=-0.075026508850292717 0.075139605567789397 -0.075024264525417356 -0.075161739275619352 0.075123255054552557 -0.075027758680516796 -0.075076097220778432 -0.075069258576649894 0.075133125925173516 -0.075058465230315646 -0.075027227509371019 0.075111959565262898 0.075116222115493833 -0.075026886395217068 -0.075038761032427959
leaf_weight=0.014330552774481475 0.06167449860367924 0.27358891355106607 0.010637507570208982 0.042083853390067816 0.03298865252872929 0.022701071051415056 0.0091621905157808214 0.043302700854837894 0.016000223869923502 0.015922470076475292 0.23589505231939256 0.051251508528366685 0.047830613068072125 0.016432094824267551
leaf_count=32 28 648 12 20 68 33 11 20 23 34 119 25 101 26
internal_value=0 -0.0750333 -0.0750841 0.0751196 -0.0750304 -0.0750475 -0.0750279 0.0751163 -0.0750269 -0.0750342 0.0751141 0.0751127 -0.0750294 -0.0750331
internal_weight=0 0.459594 0.0249681 0.434208 0.434626 0.0556897 0.378937 0.372533 0.369774 0.0961854 0.32923 0.287147 0.0801852 0.0323546
internal_count=1200 988 44 212 944 101 843 184 832 184 164 144 161 60
is_linear=0
shrinkage=0.1


Tree=180
num_leaves=15
num_cat=0
split_feature=1 4 0 2 3 4 1 3 0 2 3 7 0 1
split_gain=0.176576 0.175937 0.117751 0.106751 0.104179 0.00923191 9.06267e-07 1.16714e-07 8.10858e-08 2.16429e-08 1.071e-08 8.30716e-09 5.98813e-09 4.25292e-09
threshold=0.043034084141254432 0.36240006983280187 0.060567913576960571 -0.067992143332958208 0.063414195552468314 0.56793908774852764 0.036206537857651717 -0.087906856089830385 0.00072174015804193925 -0.028697077184915539 -0.033367959782481187 0.91211363673210155 0.24912531673908236 0.034136299043893821
decision_type=2 2 2 2 2 2 2 2 2 2 2 2 2 2
left_child=1 2 3 7 6 -3 9 -1 -2 -5 -11 12 -10 -4
right_child=8 5 13 4 -6 -7 -8 -9 11 10 -12 -13 -14 -15
leaf_value=-0.075043006371813673 -0.075244978397838433 -0.016332391817341484 -0.07504551769343934 0.075138801257583182 -0.075047713548037839 -0.075044284044001999 0.075670368169671764 -0.075331542538697463 -0.075048625556747739 0.075119529532625448 0.075065511937623466 -0.075108562404061011 -0.075108845996972887 -0.075097943167135306
leaf_weight=0.038094179588370025 0.027343374851625524 0.031919265515170991 0.059813096711877733 0.049137053079903015 0.04996163205942139 0.16639604308875278 0.026752952020615339 0.022182836604770162 0.1713719557155855 0.039612895692698546 0.49993217672454204 0.033328643650747836 0.018272784014698118 0.02087429550010711
leaf_count=50 20 4 75 31 62 212 4 9 208 24 437 30 18 16
internal_value=0 0.018788 0.0395409 0.0522833 0.0638271 -0.0655945 0.0751011 -0.0751492 -0.0750825 0.0750753 0.0750695 -0.0750625 -0.0750544 -0.0750591
internal_weight=0 1.00468 0.806361 0.725674 0.665397 0.198315 0.615435 0.060277 0.250317 0.588682 0.539545 0.222973 0.189645 0.0806874
internal_count=1200 924 708 617 558 216 496 59 276 492 461 256 226 91
is_linear=0
shrinkage=0.1


Tree=181
num_leaves=15
num_cat=0
split_feature=2 3 0 1 3 2 3 2 3 2 2 1 1 4
split_gain=0.153246 0.239851 0.0939737 0.0779951 0.0421127 1.22959e-05 6.40191e-07 4.65807e-08 9.64928e-09 4.04932e-09 3.2312e-09 1.05223e-09 7.27837e-10 4.43034e-10
threshold=-0.067992143332958208 0.063414195552468314 0.17949624359607699 0.17992245405912402 -0.080127414315938936 -0.052767565473914139 -0.066597066819667802 -0.046276550740003579 -0.044825410470366471 0.046794245019555099 0.10430775210261346 0.040321623906493194 0.17823623865842822 0.30584140121936804
decision_type=2 2 2 2 2 2 2 2 2 2 2 2 2 2
left_child=6 2 4 -4 -2 -6 -1 -7 -9 11 -3 13 -13 -10
right_child=1 10 3 -5 5 7 -8 8 9 -11 -12 12 -14 -15
leaf_value=0.075092887629102698 0.076109328827606015 0.075122385198096053 -0.075035337072529129 0.077247800078593096 -0.076820182475530366 -0.075232206066821142 0.075524992652761247 -0.075110064597934539 -0.075023903365319389 -0.075095550791584087 0.075090341988255926 -0.075059504147440462 -0.075034969696487985 -0.075031863854877937
leaf_weight=0.18686267163138837 0.019150678068399429 0.038478228845633566 0.052600080700358376 0.09327100170776248 0.042708269320428371 0.012207396794110537 0.041992220678366721 0.016018403286579996 0.20022880949545652 0.0094528031768277287 0.17277385434135795 0.015012763673439622 0.062140754424035549 0.10742033075075597
leaf_count=114 1 20 92 6 3 3 6 12 483 7 108 22 108 215
internal_value=0 -0.0171176 -0.0480284 0.0223356 -0.0692203 -0.0752032 0.0751722 -0.0750397 -0.075034 -0.0750309 0.0750962 -0.0750293 -0.0750397 -0.0750267
internal_weight=0 0.841463 0.630211 0.145871 0.48434 0.46519 0.228855 0.422481 0.410274 0.394255 0.211252 0.384803 0.0771535 0.307649
internal_count=1200 1080 952 98 854 853 120 850 847 835 128 828 130 698
is_linear=0
shrinkage=0.1


Tree=182
num_leaves=15
num_cat=0
split_feature=1 0 3 2 2 1 0 7 2 5 3 3 5 1
split_gain=0.116665 0.158187 0.0621585 0.0663351 0.0584461 0.0161088 0.0463499 0.00561507 0.00524306 2.10201e-05 1.79332e-05 1.52741e-07 2.955e-08 1.4853e-09
threshold=0.0249448586255312 0.14293935894966128 -0.012343392707407473 -0.025684285908937451 0.050323812291026122 0.043034084141254432 0.060567913576960571 0.76320528984069835 -0.0040462459437549106 0.35951606929302221 -0.013138717971742151 -0.018572321161627766 0.40408973395824438 0.23749300092458728
decision_type=2 2 2 2 2 2 2 2 2 2 2 2 2 2
left_child=1 -1 3 7 5 6 -4 -2 -5 -7 11 12 -9 -6
right_child=2 -3 4 8 13 9 -8 10 -10 -11 -12 -13 -14 -15
leaf_value=-0.075024534699505874 0.020332444334030537 0.075094093534567072 -0.075336198866035667 0.018060727458002034 -0.07502593442492056 0.07711999774207047 0.075158981238756653 -0.075028589019177819 0.064255257285848091 0.075104798473821066 -0.077835247472986147 -0.075448031780918814 -0.075222018940103011 -0.075073454118465735
leaf_weight=0.32121425739023834 0.0063741040066815904 0.08982300478965044 0.029972672666190192 0.046606648247689009 0.024762062210356817 0.071538399322889745 0.06451152975205332 0.029557765839854255 0.051964314188808203 0.18722300231456757 0.046799194067716599 0.015685384161770344 0.010777700488688424 0.0089568306284490973
leaf_count=782 4 54 28 16 55 14 30 60 26 103 1 2 10 15
internal_value=0 -0.0422195 0.0270621 -0.0170583 0.0507508 0.062758 0.0274183 -0.0707442 0.0424134 0.0756619 -0.0763903 -0.0751832 -0.0750803 -0.0750386
internal_weight=0 0.411037 0.59473 0.207765 0.386964 0.353246 0.0944842 0.109194 0.098571 0.258761 0.10282 0.0560209 0.0403355 0.0337189
internal_count=1200 836 364 119 245 175 58 77 42 117 73 72 70 70
is_linear=0
shrinkage=0.1


Tree=183
num_leaves=15
num_cat=0
split_feature=4 7 1 2 1 0 4 2 1 1 3 3 2 1
split_gain=0.434533 4.30739e-09 7.11517e-09 2.7681e-09 1.32135e-09 2.25083e-09 1.45933e-09 8.53142e-10 4.71673e-10 5.73157e-10 4.17127e-10 5.70341e-11 7.47612e-11 4.8661e-11
threshold=0.56793908774852764 0.75939255952835094 0.047436069697141654 -0.02343347109854221 0.22576473653316501 0.17949624359607699 0.32994660735130316 0.025647088885307315 0.031173014082014564 0.043034084141254432 -0.024405241012573239 -0.0092747514136135561 -0.028016408905386921 0.019573172554373745
decision_type=2 2 2 2 2 2 2 2 2 2 2 2 2 2
left_child=1 2 -1 -2 6 -6 8 10 -3 -10 -5 12 -11 -12
right_child=3 4 -4 7 5 -7 -8 -9 9 11 13 -13 -14 -15
leaf_value=-0.075023054941803335 0.075124848322985383 -0.075020852122871712 -0.075139265234266006 0.075108450798819615 -0.075023985976340524 -0.075067906025664113 -0.075065754178198815 0.075114568897375264 -0.075046139590447258 -0.075023704606400274 0.07509635052483532 -0.075023137051832625 -0.075034002805997063 0.075100014466418646
leaf_weight=0.012378406012430787 0.053845257265493274 0.23273642107960768 0.0091728477855212986 0.036543487920425832 0.028454646293539554 0.019779708905844018 0.0082643208443187177 0.037282424047589302 0.016713223260012455 0.013776850100839511 0.20309028588235378 0.041164588474202901 0.014436255878536031 0.044123231200501323
leaf_count=32 28 641 12 20 68 33 11 20 30 34 119 101 26 25
internal_value=0 -0.075029 -0.0750725 0.0751039 -0.0750265 -0.075042 -0.0750243 0.0751003 -0.0750232 -0.0750295 0.0750985 -0.0750255 -0.075029 0.075097
internal_weight=0 0.396877 0.0215513 0.374885 0.375326 0.0482344 0.327092 0.321039 0.318827 0.0860909 0.283757 0.0693777 0.0282131 0.247214
internal_count=1200 988 44 212 944 101 843 184 832 191 164 161 60 144
is_linear=0
shrinkage=0.1


Tree=184
num_leaves=15
num_cat=0
split_feature=1 4 0 3 3 3 4 1 0 4 2 7 0 1
split_gain=0.152511 0.151001 0.0973089 0.0961095 0.0918401 0.00860886 8.30595e-07 5.7085e-07 5.21564e-08 5.20427e-08 1.61161e-08 5.43063e-09 3.76509e-09 2.76059e-09
threshold=0.043034084141254432 0.56793908774852764 0.060567913576960571 -0.048458371311426156 0.063414195552468314 -0.066597066819667802 0.26173987984657293 0.036206537857651717 0.00072174015804193925 0.32146993279457098 -0.029549477621912953 0.91211363673210155 0.24912531673908236 0.034136299043893821
decision_type=2 2 2 2 2 2 2 2 2 2 2 2 2 2
left_child=1 2 3 5 7 6 -1 9 -2 10 -5 12 -10 -4
right_child=8 -3 13 4 -6 -7 -8 -9 11 -11 -12 -13 -14 -15
leaf_value=-0.075039005798122796 -0.075211659793365207 -0.075038115663358274 -0.075039300657278582 0.075122551694894416 -0.075041638645255204 -0.0045355964528683238 -0.075861541481200293 0.075574787289656498 -0.075042090496100694 0.075220579040297719 0.075056514466707067 -0.075094039477502789 -0.075093541358597971 -0.075084707866104994
leaf_weight=0.036822811118327081 0.023577116371598095 0.14323550398694351 0.051568940456490964 0.040296753577422351 0.044132530107162893 0.024945890763774514 0.018416770501062274 0.023315509082749486 0.14802501129452139 0.021612610667943954 0.44572441279888153 0.028918950934894383 0.01573485042899847 0.018084495619405061
leaf_count=54 20 212 75 29 63 6 4 4 208 9 452 30 18 16
internal_value=0 0.0187853 0.0373237 0.0492689 0.0635696 -0.0532941 -0.0753132 0.075091 -0.0750713 0.0750687 0.075062 -0.0750541 -0.075047 -0.0750511
internal_weight=0 0.868156 0.724921 0.655267 0.575082 0.0801855 0.0552396 0.530949 0.216256 0.507634 0.486021 0.192679 0.16376 0.0696534
internal_count=1200 924 712 621 557 64 58 494 276 490 481 256 226 91
is_linear=0
shrinkage=0.1


Tree=185
num_leaves=15
num_cat=0
split_feature=3 3 2 2 4 2 3 2 2 1 1 4 5 3
split_gain=0.132984 0.208897 0.0863804 0.0201745 0.000221239 2.95652e-07 5.83127e-09 2.05301e-09 2.02977e-09 9.76059e-10 7.48434e-10 3.0908e-10 2.08498e-09 2.09477e-10
threshold=-0.066597066819667802 0.063414195552468314 -0.046276550740003579 0.06425290554761888 0.22731652110815051 -0.091485355049371705 -0.048458371311426156 0.10430775210261346 0.044631481170654304 0.034136299043893821 0.047436069697141654 0.30584140121936804 0.34976005554199224 0.042124599218368537
decision_type=2 2 2 2 2 2 2 2 2 2 2 2 2 2
left_child=4 2 -2 6 5 -1 -4 -3 9 11 -11 13 -13 -8
right_child=1 7 3 -5 -6 -7 8 -9 -10 10 -12 12 -14 -15
leaf_value=0.075079514353567745 0.021595062768309706 0.07510533024984356 -0.075108842648938356 0.075519284616536883 0.066129897613670593 0.075404333008593727 -0.075020601720647895 0.075077804087744601 -0.075071690490119622 -0.075052671976886032 -0.075030492864075052 -0.075023292634486261 -0.075073842471804708 -0.075037447804131047
leaf_weight=0.13760621787514538 0.13145007856655866 0.033128054812550545 0.0089946669759228826 0.0091051449999213219 0.03230689384508878 0.035187523812055588 0.19214907272544224 0.14880216168239713 0.01007816253695637 0.019730186671949923 0.066481069196015596 0.083292482740944251 0.0090456122998148203 0.007676284236367791
leaf_count=98 13 20 6 1 11 11 534 108 11 28 133 203 11 12
internal_value=0 -0.0175489 -0.0488732 -0.0716576 0.0737255 0.0751457 -0.0750292 0.0750828 -0.0750274 -0.0750262 -0.0750356 -0.0750235 -0.0750282 -0.0750212
internal_weight=0 0.719933 0.538003 0.406553 0.205101 0.172794 0.397448 0.18193 0.388453 0.378375 0.0862113 0.292163 0.0923381 0.199825
internal_count=1200 1080 952 939 120 109 938 128 932 921 161 760 214 546
is_linear=0
shrinkage=0.1


Tree=186
num_leaves=15
num_cat=0
split_feature=1 0 3 2 2 1 0 7 7 5 3 3 5 1
split_gain=0.1002 0.136187 0.0537092 0.0562266 0.0502622 0.0138297 0.0398817 0.00545514 0.0049917 1.34291e-05 1.13764e-05 9.73705e-08 1.87411e-08 9.42143e-10
threshold=0.0249448586255312 0.14293935894966128 -0.012343392707407473 -0.025684285908937451 0.050323812291026122 0.043034084141254432 0.060567913576960571 0.87680718302726757 0.76320528984069835 0.35951606929302221 -0.013138717971742151 -0.018572321161627766 0.40408973395824438 0.23749300092458728
decision_type=2 2 2 2 2 2 2 2 2 2 2 2 2 2
left_child=1 -1 3 8 5 6 -4 -5 -2 -7 11 12 -10 -6
right_child=2 -3 4 7 13 9 -8 -9 10 -11 -12 -13 -14 -15
leaf_value=-0.075021362541732556 0.018910785409903305 0.075080975964581464 -0.075289522927716235 0.065014426486346949 -0.075022322465672753 0.076823379968713468 0.075136851141891975 0.015420164459182834 -0.075024601701729587 0.075090186476095208 -0.077430372332103842 -0.075385354346668237 -0.075190672494630323 -0.075063119998525399
leaf_weight=0.27684510796098039 0.0058844623854383818 0.077328324783593416 0.025816393172135577 0.044908827461767942 0.021315027610398829 0.061862706788815558 0.055546530988067389 0.043820746999699622 0.02544040055363439 0.16118078725412488 0.040536828339099884 0.013513450510799885 0.0092718687956221402 0.0077071320556569836
leaf_count=782 4 54 28 25 55 14 30 17 60 103 1 2 10 15
internal_value=0 -0.0422488 0.0268017 -0.0166684 0.0507091 0.0626974 0.0274067 0.0405214 -0.0702825 0.0755709 -0.0761956 -0.0751576 -0.075069 -0.0750332
internal_weight=0 0.354173 0.516805 0.183377 0.333429 0.304406 0.0813629 0.0887296 0.094647 0.223043 0.0887625 0.0482257 0.0347123 0.0290222
internal_count=1200 836 364 119 245 175 58 42 77 117 73 72 70 70
is_linear=0
shrinkage=0.1


Tree=187
num_leaves=15
num_cat=0
split_feature=4 7 1 2 4 1 7 5 2 3 1 1 5 0
split_gain=0.374477 2.76569e-09 4.55905e-09 1.82894e-09 1.12654e-09 9.83522e-10 5.77892e-10 7.30143e-10 5.4416e-10 2.65977e-10 1.59363e-10 3.0963e-11 3.00162e-11 2.65135e-11
threshold=0.56793908774852764 0.75939255952835094 0.047436069697141654 -0.02343347109854221 0.32994660735130316 0.037099417299032218 0.91211363673210155 0.36331373453140264 0.025647088885307315 -0.024405241012573239 0.12098458409309389 0.019573172554373745 0.40408973395824438 0.035699168220162399
decision_type=2 2 2 2 2 2 2 2 2 2 2 2 2 2
left_child=1 2 -1 -2 5 13 7 -7 9 -5 -9 -11 -12 -3
right_child=3 4 -4 8 -6 6 -8 10 -10 11 12 -13 -14 -15
leaf_value=-0.075020077314641387 0.075107800539208514 -0.075017645024576265 -0.075120105250629177 0.075093332343822858 -0.075060667102656589 -0.07504799912614224 -0.075047082973944537 -0.07503353588051391 0.07509859962839896 0.075082919295215628 -0.075020044240321562 0.075086069262954774 -0.075025368147304816 -0.075020883116582726
leaf_weight=0.01069527625804767 0.046468703541904688 0.17774502609972842 0.0079385587305296212 0.031461096135899425 0.0077795418910682193 0.013776897598290816 0.016501936013810337 0.012215607450343668 0.032097720191814005 0.17484088730998337 0.053079986333614215 0.037985067698173225 0.013229356816736981 0.029480477067409083
leaf_count=32 28 578 12 20 12 29 33 27 20 119 151 25 33 81
internal_value=0 -0.0750252 -0.0750627 0.0750894 -0.0750231 -0.0750221 -0.0750298 -0.0750268 0.0750864 0.0750848 -0.075023 0.0750835 -0.0750211 -0.0750181
internal_weight=0 0.342443 0.0186338 0.322853 0.323809 0.316029 0.108804 0.0923018 0.276385 0.244287 0.078525 0.212826 0.0663093 0.207226
internal_count=1200 988 44 212 944 932 273 240 184 164 211 144 184 659
is_linear=0
shrinkage=0.1


Tree=188
num_leaves=15
num_cat=0
split_feature=1 4 0 3 3 3 4 1 0 4 2 7 0 1
split_gain=0.131959 0.129702 0.0837656 0.0839947 0.0790631 0.00758023 5.69286e-07 3.63999e-07 3.28054e-08 3.26765e-08 1.40516e-08 4.35516e-09 2.37254e-09 2.12908e-09
threshold=0.043034084141254432 0.56793908774852764 0.060567913576960571 -0.048458371311426156 0.063414195552468314 -0.066597066819667802 0.26345074176788336 0.036206537857651717 0.00072174015804193925 0.32146993279457098 -0.029549477621912953 0.91211363673210155 0.24912531673908236 0.034748764708638198
decision_type=2 2 2 2 2 2 2 2 2 2 2 2 2 2
left_child=1 2 3 5 7 6 -1 9 -2 10 -5 12 -10 -4
right_child=8 -3 13 4 -6 -7 -8 -9 11 -11 -12 -13 -14 -15
leaf_value=-0.075033490679512205 -0.075182068979385633 -0.075032803117098854 -0.075034571542293191 0.075114531940682461 -0.075035836677367795 -0.0062001314250335008 -0.075770499034235703 0.075493061712346529 -0.075036533146033382 0.075189853855442579 0.075048880947677338 -0.075085670088992043 -0.07508053182242326 -0.075080759757145066
leaf_weight=0.03219666494987905 0.0203550920705311 0.12329628778388724 0.047555532597471029 0.035623585165012628 0.03798954258672893 0.023813648149371147 0.015538716979790479 0.020326693658716977 0.12792378093581647 0.018612353247590363 0.3843691231450066 0.025466895313002169 0.013554116536397487 0.012630671553779393
leaf_count=55 20 212 79 29 63 6 3 4 208 9 452 30 18 12
internal_value=0 0.0187472 0.0371399 0.0490173 0.0636031 -0.0522838 -0.0752734 0.0750794 -0.0750622 0.0750602 0.0750544 -0.0750476 -0.0750407 -0.0750443
internal_weight=0 0.751953 0.628657 0.56847 0.496921 0.071549 0.0477354 0.458932 0.1873 0.438605 0.419993 0.166945 0.141478 0.0601862
internal_count=1200 924 712 621 557 64 58 494 276 490 481 256 226 91
is_linear=0
shrinkage=0.1


Tree=189
num_leaves=15
num_cat=0
split_feature=2 3 1 3 7 3 4 2 3 2 3 2 2 1
split_gain=0.115216 0.176093 0.0740887 0.0481548 0.0202248 0.00563969 0.00042104 6.6815e-06 3.37069e-07 2.59249e-08 5.48155e-09 1.30962e-09 1.21778e-09 4.93022e-10
threshold=-0.067992143332958208 0.063414195552468314 0.22576473653316501 -0.080127414315938936 0.91211363673210155 0.021181644871830944 0.12397571653127672 -0.052767565473914139 -0.066597066819667802 -0.046276550740003579 -0.044825410470366471 0.10430775210261346 0.044631481170654304 0.034136299043893821
decision_type=2 2 2 2 2 2 2 2 2 2 2 2 2 2
left_child=8 2 3 -2 5 6 -4 -5 -1 -9 -11 -3 13 -12
right_child=1 11 4 7 -6 -7 -8 9 -10 10 12 -13 -14 -15
leaf_value=0.075069103919350649 0.07572543615255721 0.075090651313070952 -0.075028621131021045 -0.076482859538388334 0.067191609660313831 0.024203828216075349 -0.046250942832971251 -0.075189419223054166 0.07542143551211139 -0.075090062830728582 -0.075020183198650642 0.075066957047623561 -0.075062337168465276 -0.075031236612284904
leaf_weight=0.13893725979141891 0.022455386817455292 0.028520634397864342 0.011464518931461498 0.035064138472080231 0.060532362142112106 0.011899539415026084 0.0091351823939476162 0.0099691553041338921 0.033748365356586874 0.012686444388236851 0.24992136683431454 0.12809775175992399 0.007664706965442746 0.048122728592716157
leaf_count=114 2 20 24 3 9 9 17 3 6 12 756 108 10 107
internal_value=0 -0.0169757 -0.0470775 -0.0663898 0.0330275 -0.0306057 -0.0622668 -0.0751707 0.075138 -0.0750306 -0.0750257 0.0750713 -0.075023 -0.075022
internal_weight=0 0.635534 0.478916 0.385884 0.0930316 0.0324992 0.0205997 0.363429 0.172686 0.328364 0.318395 0.156618 0.305709 0.298044
internal_count=1200 1080 952 893 59 50 41 891 120 888 885 128 873 863
is_linear=0
shrinkage=0.1


Tree=190
num_leaves=15
num_cat=0
split_feature=1 0 3 2 2 1 0 7 7 5 3 3 5 1
split_gain=0.0856773 0.117239 0.0487882 0.0486104 0.0433753 0.011947 0.0343176 0.00487883 0.00350423 1.13696e-05 8.18569e-06 7.16069e-08 1.20493e-08 6.01514e-10
threshold=0.0249448586255312 0.14293935894966128 -0.012343392707407473 -0.025684285908937451 0.050323812291026122 0.043034084141254432 0.060567913576960571 0.87680718302726757 0.77942472696304332 0.35807041823863989 -0.013138717971742151 -0.018572321161627766 0.4024969637393952 0.23749300092458728
decision_type=2 2 2 2 2 2 2 2 2 2 2 2 2 2
left_child=1 -1 3 8 5 6 -4 -5 -2 -7 11 12 -10 -6
right_child=2 -3 4 7 13 9 -8 -9 10 -11 -12 -13 -14 -15
leaf_value=-0.075018426125063653 -0.0014970053898092433 0.075069690000548597 -0.075249307722811409 0.063708948911644109 -0.075019213156774567 0.076787542609930481 0.075117801910496218 0.014301651438765411 -0.075021063409374367 0.075077435352245647 -0.077202466150761082 -0.075349791394946547 -0.075166844920526166 -0.075054347121646992
leaf_weight=0.2385334212158341 0.0068461216869764021 0.066569760092534125 0.022234264120925218 0.039418400556314737 0.01834758635959588 0.053658574121072888 0.047824822599068284 0.040542841248679906 0.020718649175250903 0.14113288419321179 0.03695274144411087 0.012277891859412193 0.0078056983184069386 0.0066351813438814125
leaf_count=782 7 54 28 25 55 12 30 17 57 105 1 2 10 15
internal_value=0 -0.042271 0.0262393 -0.0172467 0.0509298 0.0628112 0.0273966 0.0386579 -0.0700853 0.0755485 -0.0761243 -0.0751479 -0.075061 -0.0750285
internal_weight=0 0.305103 0.454396 0.164562 0.289833 0.264851 0.0700591 0.0799612 0.0846011 0.194791 0.077755 0.0408022 0.0285243 0.0249828
internal_count=1200 836 364 119 245 175 58 42 77 117 70 69 67 70
is_linear=0
shrinkage=0.1


Tree=191
num_leaves=15
num_cat=0
split_feature=4 7 1 2 4 1 0 2 3 1 1 3 2 1
split_gain=0.323301 1.75889e-09 2.89393e-09 1.71681e-09 7.13178e-10 6.98258e-10 1.02798e-09 3.29775e-10 2.74083e-10 2.11054e-10 2.36336e-10 3.20928e-11 3.80736e-11 1.9692e-11
threshold=0.56793908774852764 0.75939255952835094 0.047436069697141654 -0.02343347109854221 0.32994660735130316 0.22576473653316501 0.17949624359607699 0.025647088885307315 -0.024405241012573239 0.031173014082014564 0.043034084141254432 -0.0092747514136135561 -0.028016408905386921 0.019573172554373745
decision_type=2 2 2 2 2 2 2 2 2 2 2 2 2 2
left_child=1 2 -1 -2 5 9 -7 8 -5 -3 -11 12 -12 -10
right_child=3 4 -4 7 -6 6 -8 -9 13 10 11 -13 -14 -15
leaf_value=-0.075017649919812607 0.075096831556972179 -0.075015487611202303 -0.075103357567695678 0.075082576666110359 -0.075052221954834797 -0.075018018372147471 -0.07505241917625402 0.075084857576752262 0.075071361388233684 -0.075034519683610079 -0.075017794759834125 -0.075017134820154263 -0.075026238687654012 0.075074068847826969
leaf_weight=0.0092800004931632429 0.040608462993986905 0.17262978687358554 0.0068457277957350007 0.027348836651071906 0.0067324749543331555 0.020927132718497887 0.014851001411443576 0.027633034391328692 0.15051632421091199 0.012532077133073471 0.010265392367728055 0.030489448632579297 0.011129167047329247 0.032699901843443513
leaf_count=32 28 641 12 20 12 67 33 20 119 30 34 101 26 25
internal_value=0 -0.0750219 -0.075054 0.0750778 -0.0750201 -0.0750193 -0.0750323 0.0750746 0.0750732 -0.0750173 -0.0750222 -0.0750192 -0.0750222 0.0750718
internal_weight=0 0.295682 0.0161257 0.278807 0.279556 0.272824 0.0357781 0.238198 0.210565 0.237046 0.0644161 0.051884 0.0213946 0.183216
internal_count=1200 988 44 212 944 932 100 184 164 832 191 161 60 144
is_linear=0
shrinkage=0.1


Tree=192
num_leaves=15
num_cat=0
split_feature=1 4 0 3 3 3 4 1 0 4 2 7 0 1
split_gain=0.114206 0.111535 0.0722625 0.0722846 0.0680545 0.00694067 3.62415e-07 2.33321e-07 2.08274e-08 2.07708e-08 8.87284e-09 2.8966e-09 1.86982e-09 1.40427e-09
threshold=0.043034084141254432 0.56793908774852764 0.060567913576960571 -0.048458371311426156 0.063414195552468314 -0.066597066819667802 0.26345074176788336 0.036206537857651717 0.00072174015804193925 0.32146993279457098 -0.029549477621912953 0.91211363673210155 0.24912531673908236 0.034748764708638198
decision_type=2 2 2 2 2 2 2 2 2 2 2 2 2 2
left_child=1 2 3 5 7 6 -1 9 -2 10 -5 12 -10 -4
right_child=8 -3 13 4 -6 -7 -8 -9 11 -11 -12 -13 -14 -15
leaf_value=-0.075028824678172984 -0.075157011523424744 -0.075028233154593837 -0.075029879720506468 0.075098544882008345 -0.075030843211410889 -0.0057347122211447686 -0.075662340411640355 0.075423167419000403 -0.07503168888284277 0.075163412683211597 0.075042321493829542 -0.075074982454540459 -0.075073500159486106 -0.075070104649603939
leaf_weight=0.027714349940652028 0.017588035378139466 0.10613144910894334 0.041013456706423312 0.030665497586596757 0.032701104151783511 0.022090305807068944 0.013394292094744742 0.017731202649883926 0.11055379625759088 0.016027601493988186 0.33151930093299598 0.02221694978652522 0.011841441883007064 0.011008219269569963
leaf_count=55 20 212 79 29 63 6 3 4 208 9 452 30 18 12
internal_value=0 0.0187437 0.0370427 0.0488974 0.0636176 -0.0509423 -0.0752352 0.0750686 -0.0750543 0.075052 0.0750471 -0.0750418 -0.0750357 -0.0750384
internal_weight=0 0.649997 0.543865 0.491844 0.428645 0.0631989 0.0411086 0.395944 0.1622 0.378212 0.362185 0.144612 0.122395 0.0520217
internal_count=1200 924 712 621 557 64 58 494 276 490 481 256 226 91
is_linear=0
shrinkage=0.1


Tree=193
num_leaves=15
num_cat=0
split_feature=2 3 0 1 3 2 3 2 3 2 2 0 1 4
split_gain=0.0996869 0.150923 0.0658151 0.0515107 0.0286026 4.24197e-06 2.35606e-07 1.6306e-08 5.15427e-09 1.03266e-09 8.35378e-10 4.1836e-10 1.27687e-10 1.49411e-10
threshold=-0.067992143332958208 0.063414195552468314 0.17949624359607699 0.17992245405912402 -0.080127414315938936 -0.052767565473914139 -0.066597066819667802 -0.046276550740003579 -0.048458371311426156 0.046794245019555099 0.10430775210261346 0.043390547856688506 0.040321623906493194 0.30584140121936804
decision_type=2 2 2 2 2 2 2 2 2 2 2 2 2 2
left_child=6 2 4 -4 -2 -6 -1 -7 -9 11 -3 12 13 -10
right_child=1 10 3 -5 5 7 -8 8 9 -11 -12 -13 -14 -15
leaf_value=0.075059637196531914 0.075751827027851215 0.075078021810479706 -0.075023663214540556 0.076515746701118936 -0.076274607718917739 -0.075162993854623217 0.075373598234245776 -0.075095818704031703 -0.075015133165906175 -0.075061091595804597 0.07505762600116607 -0.075035383070179207 -0.075023374872253093 -0.075020926302671695
leaf_weight=0.11983106570551172 0.013101780787110329 0.024553166644182056 0.034205884381663054 0.065160652622580528 0.030284934677183628 0.0085847037844359875 0.029857516172342002 0.0093669919297099113 0.1249568194616586 0.006057121150661259 0.11027142452076077 0.015196733613265678 0.0404248500126414 0.069160547660430893
leaf_count=114 1 20 92 6 3 3 6 7 475 7 108 32 110 216
internal_value=0 -0.0168981 -0.0466661 0.0243499 -0.0689173 -0.0751516 0.0751223 -0.0750274 -0.075023 -0.0750203 0.0750613 -0.0750193 -0.0750183 -0.0750172
internal_weight=0 0.551326 0.416501 0.0993665 0.317134 0.304033 0.149689 0.273748 0.265163 0.255796 0.134825 0.249739 0.234542 0.194117
internal_count=1200 1080 952 98 854 853 120 850 847 840 128 833 801 691
is_linear=0
shrinkage=0.1


Tree=194
num_leaves=15
num_cat=0
split_feature=1 0 3 2 2 1 0 7 7 5 3 3 5 1
split_gain=0.0736144 0.100923 0.042442 0.0413749 0.0375088 0.0102735 0.0295309 0.00432833 0.0032308 7.25834e-06 5.33655e-06 4.56548e-08 7.66305e-09 5.05967e-10
threshold=0.0249448586255312 0.14293935894966128 -0.012343392707407473 -0.025684285908937451 0.050323812291026122 0.043034084141254432 0.060567913576960571 0.87680718302726757 0.77942472696304332 0.35807041823863989 -0.013138717971742151 -0.018572321161627766 0.4024969637393952 0.240973636507988
decision_type=2 2 2 2 2 2 2 2 2 2 2 2 2 2
left_child=1 -1 3 8 5 6 -4 -5 -2 -7 11 12 -10 -6
right_child=2 -3 4 7 13 9 -8 -9 10 -11 -12 -13 -14 -15
leaf_value=-0.075015886309421784 -0.0013810075699891605 0.075059978188795284 -0.075214667020520876 0.062299230634331439 -0.075016553298357214 0.076536218928835095 0.075101401015636046 0.013382449572733435 -0.075018310487774034 0.07506721063122232 -0.07690773092390113 -0.075300898954111878 -0.075143544902384174 -0.075051674873469199
leaf_weight=0.20547325916413683 0.0063525600417051456 0.057306483620777726 0.019147525934386067 0.034713468980044127 0.01610202417941764 0.046388544200453907 0.041174734011292458 0.037769827991724014 0.017905809654621407 0.12233838939573616 0.03225349634885788 0.010575453750789165 0.006719604483805596 0.0055038336431607595
leaf_count=782 7 54 28 25 56 12 30 17 57 105 1 2 10 14
internal_value=0 -0.0422876 0.0259465 -0.0168554 0.050927 0.062808 0.027388 0.0368095 -0.0695579 0.0754711 -0.0759785 -0.0751271 -0.0750525 -0.0750255
internal_weight=0 0.26278 0.396945 0.14629 0.250655 0.229049 0.0603223 0.0724833 0.0738069 0.168727 0.0674544 0.0352009 0.0246254 0.0216059
internal_count=1200 836 364 119 245 175 58 42 77 117 70 69 67 70
is_linear=0
shrinkage=0.1


Tree=195
num_leaves=15
num_cat=0
split_feature=4 2 7 1 4 1 0 2 3 1 1 3 2 1
split_gain=0.278704 1.13757e-09 1.13343e-09 1.84421e-09 4.52526e-10 4.94672e-10 7.215e-10 2.10277e-10 1.74722e-10 1.41883e-10 1.52295e-10 2.41334e-11 2.87064e-11 1.254e-11
threshold=0.56793908774852764 -0.02343347109854221 0.75939255952835094 0.047436069697141654 0.32994660735130316 0.22576473653316501 0.17949624359607699 0.025647088885307315 -0.024405241012573239 0.031173014082014564 0.043034084141254432 -0.0092747514136135561 -0.028016408905386921 0.019573172554373745
decision_type=2 2 2 2 2 2 2 2 2 2 2 2 2 2
left_child=2 -2 3 -1 5 9 -7 8 -3 -4 -11 12 -12 -10
right_child=1 7 4 -5 -6 6 -8 -9 13 10 11 -13 -14 -15
leaf_value=-0.07501564608816319 0.075083685002491185 0.075071067339852193 -0.075013355763172446 -0.075089181141914041 -0.075044974774000586 -0.075015607526693562 -0.075046536372111894 0.075073031373245253 0.075061416514374785 -0.075029898054837396 -0.075015317254247427 -0.075014745872535885 -0.075023175662285752 0.075063745160051043
leaf_weight=0.008069543051533401 0.035054942825809121 0.02354382025077939 0.14870463921397459 0.005907140381168575 0.0058224940148647866 0.018062758230371401 0.012949782962095924 0.023788616410456598 0.12957237521186471 0.01085897813027259 0.0088362917449558154 0.026240845094434917 0.0098082128970418125 0.028149398858658969
leaf_count=32 28 20 641 12 12 67 33 20 119 30 34 101 26 25
internal_value=0 0.075067 -0.075019 -0.0750467 -0.0750174 -0.0750168 -0.0750285 0.0750642 0.075063 -0.075015 -0.0750193 -0.0750167 -0.0750195 0.0750618
internal_weight=0 0.240109 0.255261 0.0139767 0.241284 0.235462 0.0310125 0.205054 0.181266 0.204449 0.0557443 0.0448853 0.0186445 0.157722
internal_count=1200 212 988 44 944 932 100 184 164 832 191 161 60 144
is_linear=0
shrinkage=0.1


Tree=196
num_leaves=15
num_cat=0
split_feature=1 4 0 2 3 2 1 3 4 0 3 7 0 1
split_gain=0.0987274 0.0959111 0.0623557 0.0627855 0.0585847 0.00609043 1.5053e-07 5.42582e-08 1.33912e-08 1.33185e-08 4.61476e-09 1.90463e-09 1.17476e-09 9.31045e-10
threshold=0.043034084141254432 0.56793908774852764 0.060567913576960571 -0.046276550740003579 0.063414195552468314 -0.067992143332958208 0.036206537857651717 -0.080127414315938936 0.32146993279457098 0.00072174015804193925 -0.033367959782481187 0.91211363673210155 0.24912531673908236 0.034748764708638198
decision_type=2 2 2 2 2 2 2 2 2 2 2 2 2 2
left_child=1 2 3 5 6 7 8 -1 10 -2 -5 12 -11 -4
right_child=9 -3 13 4 -6 -7 -8 -9 -10 11 -12 -13 -14 -15
leaf_value=-0.075023786536545331 -0.075135349093689852 -0.075024301088057757 -0.075025843393302052 0.075079777906251227 -0.075026548656441566 -0.0060341122507741709 0.075363418083432082 -0.075280557626156888 0.075140651413256987 -0.075027486389168868 0.075036287689138351 -0.075065060234913078 -0.075063192385174823 -0.075060954893355958
leaf_weight=0.02275767017272301 0.015198391891317442 0.091355108888819814 0.035377373133087531 0.026673550775740296 0.028148473327746615 0.019877783721312881 0.015477326000109315 0.012891105958260596 0.013800850138068199 0.095498013688484207 0.2860823048686143 0.019344840518897399 0.01019839127548039 0.0096019412740133703
leaf_count=54 20 212 79 27 63 4 4 5 9 208 455 30 18 12
internal_value=0 0.0187426 0.0369417 0.0487727 0.0636463 -0.050386 0.0750587 -0.0751166 0.0750443 -0.075047 0.07504 -0.0750362 -0.0750309 -0.0750333
internal_weight=0 0.562043 0.470688 0.425709 0.370183 0.0555266 0.342034 0.0356488 0.326557 0.14024 0.312756 0.125041 0.105696 0.0449793
internal_count=1200 924 712 621 558 63 495 59 491 276 482 256 226 91
is_linear=0
shrinkage=0.1


Tree=197
num_leaves=15
num_cat=0
split_feature=2 3 0 1 3 2 3 2 3 2 2 0 1 7
split_gain=0.0863338 0.129677 0.0573517 0.044678 0.0246139 2.70461e-06 1.66042e-07 1.03253e-08 4.80523e-09 6.43429e-10 5.32797e-10 3.02171e-10 9.94159e-11 8.58447e-11
threshold=-0.067992143332958208 0.063414195552468314 0.17949624359607699 0.17992245405912402 -0.080127414315938936 -0.052767565473914139 -0.066597066819667802 -0.046276550740003579 -0.054884653538465493 0.046794245019555099 0.10430775210261346 0.035699168220162399 0.036206537857651717 0.80581024289131176
decision_type=2 2 2 2 2 2 2 2 2 2 2 2 2 2
left_child=6 2 4 12 -2 -6 13 -7 -9 11 -3 -10 -4 -1
right_child=1 10 3 -5 5 7 -8 8 9 -11 -12 -13 -14 -15
leaf_value=0.075057364503096191 0.07564621275717022 0.075067149820750995 -0.075017015500964762 0.076300411910884602 -0.076095800008188413 -0.075140266645994103 0.075332280051490785 -0.075110533010648101 -0.075015897480415858 -0.075052580513231978 0.075049594267723188 -0.075029214209421602 -0.07502958207309629 0.075050073807796339
leaf_weight=0.020032451895531267 0.011292711831629276 0.021136978757567704 0.020623151314794086 0.05693468835670501 0.026144487550482154 0.0073920143768191329 0.02644768578466028 0.0057395624462515107 0.19944965625472832 0.0052143115899525574 0.094923813070636243 0.018631276660016738 0.0090614742075558752 0.083332774636801332
leaf_count=20 1 20 72 6 3 3 6 3 790 7 108 47 20 94
internal_value=0 -0.0168821 -0.0464813 0.0244423 -0.0689134 -0.0751307 0.0751087 -0.0750239 -0.0750202 -0.0750179 0.0750528 -0.075017 -0.0750209 0.0750515
internal_weight=0 0.476544 0.360483 0.0866193 0.273864 0.262571 0.129813 0.236427 0.229035 0.223295 0.116061 0.218081 0.0296846 0.103365
internal_count=1200 1080 952 98 854 853 120 850 847 844 128 837 92 114
is_linear=0
shrinkage=0.1


Tree=198
num_leaves=15
num_cat=0
split_feature=1 0 3 2 2 1 0 6 5 2 3 1 7 0
split_gain=0.0631542 0.0868783 0.0366837 0.035415 0.0322644 0.00882572 0.0254126 0.00595079 4.63074e-06 3.36354e-06 3.61456e-08 3.21509e-10 1.93177e-10 6.69853e-11
threshold=0.0249448586255312 0.14293935894966128 -0.012343392707407473 -0.044158283621072762 0.050323812291026122 0.043034084141254432 0.060567913576960571 0.021002748049795631 0.35807041823863989 -0.052767565473914139 -0.018572321161627766 0.240973636507988 0.88603615760803234 0.039608936756849296
decision_type=2 2 2 2 2 2 2 2 2 2 2 2 2 2
left_child=1 -1 3 9 5 6 -4 -5 -7 10 -2 -6 13 -10
right_child=2 -3 4 7 11 8 -8 -9 12 -11 -12 -13 -14 -15
leaf_value=-0.075013702713138009 -0.07501761492566919 0.075051618825093314 -0.075184828463335615 0.0048003093888261093 -0.075014247156495864 0.076321011245812309 0.075087284181944325 0.062427901392665922 0.075053313357328705 -0.076637484071072903 -0.075258861957817266 -0.075044426634651745 0.075064996043426827 0.07505967542136785
leaf_weight=0.17700349391088821 0.01952267657907214 0.04933095962041989 0.016488093577208929 0.041730492637725547 0.013860018429113552 0.040062444226350635 0.035447920789010823 0.031403664877871051 0.053574233839754015 0.027880173176527023 0.0091080381534993649 0.0047361998003907493 0.027791842410806566 0.023946784494910389
leaf_count=782 68 54 28 27 56 12 30 21 57 1 2 14 25 23
internal_value=0 -0.0423061 0.0256493 -0.0163978 0.0508971 0.0627648 0.0273805 0.0295455 0.0754059 -0.0758557 -0.0750944 -0.0750219 0.0750578 0.0750553
internal_weight=0 0.226334 0.345553 0.129645 0.215908 0.197311 0.051936 0.0731342 0.145375 0.0565109 0.0286307 0.0185962 0.105313 0.077521
internal_count=1200 836 364 119 245 175 58 48 117 71 70 70 105 80
is_linear=0
shrinkage=0.1


Tree=199
num_leaves=15
num_cat=0
split_feature=4 2 7 1 4 1 0 2 3 1 1 3 2 1
split_gain=0.240212 7.58798e-10 7.35406e-10 1.17138e-09 2.89188e-10 3.15641e-10 4.59e-10 1.34177e-10 1.11465e-10 9.60357e-11 9.8255e-11 1.83909e-11 2.78492e-11 7.98117e-12
threshold=0.56793908774852764 -0.02343347109854221 0.75939255952835094 0.047436069697141654 0.32994660735130316 0.22576473653316501 0.17949624359607699 0.025647088885307315 -0.024405241012573239 0.031173014082014564 0.043034084141254432 -0.011730598751455544 -0.028016408905386921 0.019573172554373745
decision_type=2 2 2 2 2 2 2 2 2 2 2 2 2 2
left_child=2 -2 3 -1 5 9 -7 8 -3 -4 -11 12 -12 -10
right_child=1 7 4 -5 -6 6 -8 -9 13 10 11 -13 -14 -15
leaf_value=-0.075013927268151759 0.075072382107933044 0.075061163577402376 -0.075011520627616041 -0.075076906195059856 -0.075038744370034577 -0.075013534328378359 -0.075040105336351068 0.075062855293453731 0.075052855990926565 -0.075025920723705494 -0.075013184230926178 -0.075012855491291774 -0.075021963597501684 0.075054858300517405
leaf_weight=0.007021683719358407 0.030267082096543163 0.020267614745534956 0.12810220244864468 0.0050971214950550348 0.0050369712989777318 0.015594787881127559 0.01114920258987695 0.020478480961173773 0.11153999785892665 0.009413737163413316 0.0076060404971940443 0.02435816012439318 0.0068826871138298884 0.02423159935278818
leaf_count=32 28 20 641 12 12 67 33 20 119 30 34 108 19 25
internal_value=0 0.0750578 -0.0750165 -0.0750404 -0.0750151 -0.0750145 -0.0750246 0.0750552 0.0750542 -0.075013 -0.0750168 -0.0750145 -0.0750174 0.0750532
internal_weight=0 0.206785 0.220263 0.0121188 0.208144 0.203107 0.026744 0.176518 0.156039 0.176363 0.0482606 0.0388469 0.0144887 0.135772
internal_count=1200 212 988 44 944 932 100 184 164 832 191 161 53 144
is_linear=0
shrinkage=0.1


Tree=200
num_leaves=15
num_cat=0
split_feature=1 4 0 2 3 4 1 3 0 2 3 7 0 1
split_gain=0.0854241 0.083182 0.0563773 0.0542057 0.0492658 0.00459982 9.74025e-08 3.45813e-08 8.51195e-09 3.63786e-09 2.75474e-09 1.23892e-09 7.41049e-10 5.92257e-10
threshold=0.043034084141254432 0.36240006983280187 0.060567913576960571 -0.067992143332958208 0.063414195552468314 0.56793908774852764 0.036206537857651717 -0.080127414315938936 0.00072174015804193925 -0.028016408905386921 -0.032057624310255044 0.91211363673210155 0.24912531673908236 0.034748764708638198
decision_type=2 2 2 2 2 2 2 2 2 2 2 2 2 2
left_child=1 2 3 7 6 -3 9 -1 -2 -5 -11 12 -10 -4
right_child=8 5 13 4 -6 -7 -8 -9 11 10 -12 -13 -14 -15
leaf_value=-0.075020473467515281 -0.075116617625245297 -0.017700170969478062 -0.075022467010794111 0.075073715677006991 -0.075022538473167297 -0.075020913195801911 0.075312252476461533 -0.075241388672895537 -0.075023859866532677 0.075067260857859974 0.075031642925730294 -0.075056357657506775 -0.07505436337029131 -0.075052594538013384
leaf_weight=0.019588948169257492 0.013140508526703343 0.017031878349371254 0.03059038842911832 0.026745667215436697 0.023611823649844155 0.078635202895384282 0.01363370125181973 0.011101540469098836 0.082598194072488695 0.02394622762221843 0.23295455265906639 0.016786096937721595 0.0088141771266236901 0.0082942356821149588
leaf_count=54 20 4 79 35 62 212 4 5 208 29 428 30 18 12
internal_value=0 0.0187535 0.0392286 0.0518653 0.0640085 -0.0648159 0.0750512 -0.0751004 -0.0750406 0.0750386 0.075035 -0.0750314 -0.0750268 -0.0750289
internal_weight=0 0.486134 0.390467 0.351582 0.320892 0.0956671 0.29728 0.0306905 0.121339 0.283646 0.256901 0.108198 0.0914124 0.0388846
internal_count=1200 924 708 617 558 216 496 59 276 492 457 256 226 91
is_linear=0
shrinkage=0.1


Tree=201
num_leaves=15
num_cat=0
split_feature=3 3 1 0 2 2 2 2 2 2 2 1 1 3
split_gain=0.0749924 0.119939 0.047478 0.0381668 0.00476881 1.71671e-06 1.52982e-07 2.01733e-08 8.45744e-09 3.39819e-10 3.26021e-10 2.3921e-10 1.84114e-10 6.43189e-11
threshold=-0.048458371311426156 0.063414195552468314 0.19358609616756442 0.11087276041507722 -0.028016408905386921 -0.052767565473914139 -0.089300487190484987 -0.11023447662591933 -0.046276550740003579 0.10430775210261346 0.044631481170654304 0.037099417299032218 0.047436069697141654 -0.0077014253474771968
decision_type=2 2 2 2 2 2 2 2 2 2 2 2 2 2
left_child=4 2 5 13 6 -2 7 -1 -7 -3 11 -10 -13 -4
right_child=1 9 3 -5 -6 8 -8 -9 10 -11 -12 12 -14 -15
leaf_value=0.075044248007817033 -0.075937067695864224 0.075057794322327065 -0.075026907120329958 0.076188332471572431 0.023611156871336806 -0.075128901080702068 0.075368610836631975 0.075164303029547325 -0.075013016179197228 0.075042683173292532 -0.075041206366373903 -0.07503654621113176 -0.075016991572494876 -0.075016331403758657
leaf_weight=0.076445490936748683 0.022725747432559729 0.018195634067524225 0.0083452348480932415 0.044150217901915312 0.0213398058549501 0.0067446489119902244 0.02037391415797174 0.017133381858002394 0.16407340827572625 0.081710804777685553 0.0046105669753160319 0.0078242471790872514 0.012518713076133281 0.018496719072572887
leaf_count=98 3 20 22 4 9 3 8 15 772 108 9 16 45 68
internal_value=0 -0.0194268 -0.0520303 0.019017 0.0669957 -0.0751144 0.0751203 0.0750662 -0.0750189 0.0750454 -0.0750149 -0.0750143 -0.0750245 -0.0750196
internal_weight=0 0.389396 0.28949 0.0709922 0.135293 0.218497 0.113953 0.0935789 0.195772 0.0999064 0.189027 0.184416 0.020343 0.026842
internal_count=1200 1070 942 94 130 848 121 113 845 128 842 833 61 90
is_linear=0
shrinkage=0.1


Tree=202
num_leaves=15
num_cat=0
split_feature=1 0 3 2 2 1 0 2 5 2 3 1 7 0
split_gain=0.054142 0.0747824 0.0317156 0.0302393 0.0277556 0.00758394 0.0218693 0.00556155 2.95408e-06 2.13818e-06 2.30347e-08 2.04392e-10 1.23119e-10 4.269e-11
threshold=0.0249448586255312 0.14293935894966128 -0.012343392707407473 -0.044158283621072762 0.050323812291026122 0.043034084141254432 0.060567913576960571 -0.0055977627635002128 0.35807041823863989 -0.052767565473914139 -0.018572321161627766 0.240973636507988 0.88603615760803234 0.039608936756849296
decision_type=2 2 2 2 2 2 2 2 2 2 2 2 2 2
left_child=1 -1 3 9 5 6 -4 -5 -7 10 -2 -6 13 -10
right_child=2 -3 4 7 11 8 -8 -9 12 -11 -12 -13 -14 -15
leaf_value=-0.075011800149360486 -0.075015160769991721 0.075044426715537918 -0.075159128489160121 0.0014111056031655856 -0.075012263505989968 0.076136089569814852 0.075075129611514413 0.059507866872193851 0.075045883916424957 -0.076406077494188193 -0.07522270903717139 -0.075038202073484522 0.075055936307815749 0.075051358049364747
leaf_weight=0.15241908541065641 0.016803368998807855 0.042464632133487612 0.014197136188158765 0.036010152660310268 0.01193007871916052 0.034582816588226706 0.030516606755554676 0.030377844988834113 0.046117007499560714 0.024085350334644318 0.0078434711322188377 0.0040757530805421984 0.023923949571326375 0.020613984495867044
leaf_count=782 68 54 28 21 56 12 30 27 57 1 2 14 25 23
internal_value=0 -0.042315 0.0253345 -0.0159159 0.0508713 0.0627275 0.027374 0.027995 0.0753498 -0.075736 -0.0750812 -0.0750189 0.0750498 0.0750476
internal_weight=0 0.194884 0.301078 0.11512 0.185957 0.169952 0.0447137 0.066388 0.125238 0.0487322 0.0246468 0.0160058 0.0906549 0.066731
internal_count=1200 836 364 119 245 175 58 48 117 71 70 70 105 80
is_linear=0
shrinkage=0.1


Tree=203
num_leaves=15
num_cat=0
split_feature=4 2 7 1 4 1 7 5 2 3 1 0 5 1
split_gain=0.207033 5.06669e-10 4.71472e-10 7.4779e-10 1.83825e-10 2.02306e-10 1.38477e-10 1.34233e-10 8.55588e-11 7.10096e-11 3.15733e-11 6.18448e-12 5.106e-12 5.07833e-12
threshold=0.56793908774852764 -0.02343347109854221 0.75939255952835094 0.047436069697141654 0.32994660735130316 0.037099417299032218 0.91211363673210155 0.36352482438087469 0.025647088885307315 -0.024405241012573239 0.12098458409309389 0.035699168220162399 0.40408973395824438 0.019573172554373745
decision_type=2 2 2 2 2 2 2 2 2 2 2 2 2 2
left_child=2 -2 3 -1 5 11 7 -7 9 -3 -9 -4 -12 -11
right_child=1 8 4 -5 -6 6 -8 10 -10 13 12 -13 -14 -15
leaf_value=-0.075012037925716493 0.075062622186236605 0.075052639042699959 -0.075009745102212005 -0.075066170707001681 -0.075033361787759711 -0.075027085213929881 -0.075028199884849892 -0.07501912902179636 0.075054097815275236 0.075045492499677402 -0.0750111702933315 -0.075011841623577435 -0.075014119941099702 0.075047213994588718
leaf_weight=0.0060504814318846911 0.026131162361707538 0.017446941288653761 0.097819482987688389 0.0044131999457022175 0.0043405325995990998 0.0079284477833425626 0.0096059674542630091 0.0069218510907376176 0.0176285415655002 0.096015291870571673 0.029194224960519932 0.01643425143265631 0.0073452438227832309 0.020858703006524593
leaf_count=32 28 20 578 12 12 30 33 27 20 119 150 81 33 25
internal_value=0 0.0750498 -0.0750142 -0.0750349 -0.075013 -0.0750125 -0.0750172 -0.0750151 0.0750475 0.0750467 -0.0750129 -0.07501 -0.0750118 0.0750458
internal_weight=0 0.178081 0.190054 0.0104637 0.17959 0.175249 0.0609957 0.0513898 0.151949 0.134321 0.0434613 0.114254 0.0365395 0.116874
internal_count=1200 212 988 44 944 932 273 240 184 164 210 659 183 144
is_linear=0
shrinkage=0.1


Tree=204
num_leaves=15
num_cat=0
split_feature=1 4 0 2 3 4 1 3 0 3 4 2 7 0
split_gain=0.0741098 0.0713383 0.048818 0.0467032 0.0424161 0.00438502 6.26693e-08 2.20469e-08 5.41411e-09 2.38763e-09 2.08794e-09 1.47695e-09 8.28148e-10 4.61946e-10
threshold=0.043034084141254432 0.36240006983280187 0.060567913576960571 -0.067992143332958208 0.063414195552468314 0.56793908774852764 0.036206537857651717 -0.080127414315938936 0.00072174015804193925 -0.025265380740165707 0.15004768222570422 -0.028016408905386921 0.91211363673210155 0.24912531673908236
decision_type=2 2 2 2 2 2 2 2 2 2 2 2 2 2
left_child=1 2 3 7 6 -3 9 -1 -2 10 -5 -11 13 -10
right_child=8 5 -4 4 -6 -7 -8 -9 12 11 -12 -13 -14 -15
leaf_value=-0.075017620232822838 -0.075100544895429458 -0.016433870387882688 -0.075025131490759803 0.0750335543647314 -0.075019398186196976 -0.075018000049768788 0.075268787459553316 -0.075207718517113387 -0.075020813819696844 0.075057698080902194 0.075081647565676438 0.075027208489547359 -0.075049170603423698 -0.07504675591134008
leaf_weight=0.016860838572029024 0.011327167885610834 0.015749378711916506 0.033626045245910063 0.018070173624437302 0.02032413738197647 0.067685702058952302 0.011903458973392844 0.0095600047206971794 0.071499749639770016 0.017322474915999919 0.018038425361737609 0.19181900948751718 0.014674110920168459 0.0075930074381176374
leaf_count=54 20 4 91 34 62 212 4 5 208 28 20 410 30 18
internal_value=0 0.0188384 0.0393058 0.0519564 0.0640531 -0.0639595 0.0750447 -0.0750864 -0.0750352 0.0750338 0.0750576 0.0750297 -0.0750274 -0.0750233
internal_weight=0 0.42096 0.337525 0.303899 0.277478 0.0834351 0.257154 0.0264208 0.105094 0.24525 0.0361086 0.209141 0.0937669 0.0790928
internal_count=1200 924 708 617 558 216 496 59 276 492 54 438 256 226
is_linear=0
shrinkage=0.1


Tree=205
num_leaves=15
num_cat=0
split_feature=3 3 2 2 4 2 3 2 2 1 3 1 6 6
split_gain=0.0656625 0.0975782 0.0437263 0.0100044 0.000159688 1.21342e-07 2.41038e-09 2.15811e-10 1.9825e-10 1.66892e-10 9.29995e-11 7.35556e-11 4.31893e-11 7.03148e-11
threshold=-0.066597066819667802 0.063414195552468314 -0.046276550740003579 0.06425290554761888 0.22731652110815051 -0.089300487190484987 -0.054884653538465493 0.10430775210261346 0.044631481170654304 0.034136299043893821 -0.019614567048847672 0.047436069697141654 0.013856611214578153 0.013211331330239775
decision_type=2 2 2 2 2 2 2 2 2 2 2 2 2 2
left_child=4 2 -2 6 5 -1 -4 -3 9 12 -11 -12 13 -8
right_child=1 7 3 -5 -6 -7 8 -9 -10 10 11 -13 -14 -15
leaf_value=0.075037820608547801 0.020632369443504911 0.075049742728702629 -0.075097932739601192 0.075256836523216769 0.064458694705579356 0.075332469443822714 -0.075013037833508406 0.075036763869042192 -0.075033969810332349 -0.075027916778137402 -0.075025064607094072 -0.07501395160042805 -0.075010554219245892 -0.075026949383565439
leaf_weight=0.068111371074337512 0.069668161449953914 0.015663250582292676 0.0034729856997728339 0.004534792620688676 0.016886343422811478 0.017585139430593699 0.036478137219091877 0.070367215492296964 0.0047787372750462956 0.0088412305631209165 0.0076569006487261495 0.026811461779288948 0.10020032955071656 0.0040351575007662168
leaf_count=102 13 20 2 1 11 7 191 108 11 22 23 116 558 15
internal_value=0 -0.0175577 -0.0474519 -0.0715529 0.0733469 0.0750983 -0.0750154 0.0750391 -0.0750139 -0.0750133 -0.0750188 -0.0750164 -0.0750117 -0.0750144
internal_weight=0 0.352508 0.266478 0.19681 0.102583 0.0856965 0.192275 0.0860305 0.188802 0.184023 0.0433096 0.0344684 0.140714 0.0405133
internal_count=1200 1080 952 939 120 109 938 128 936 925 161 139 764 206
is_linear=0
shrinkage=0.1


Tree=206
num_leaves=15
num_cat=0
split_feature=1 0 3 2 2 1 0 6 5 2 3 1 7 4
split_gain=0.0462222 0.0643845 0.0277721 0.0254692 0.0238784 0.00651833 0.0188204 0.00515792 1.88438e-06 1.35958e-06 1.46427e-08 1.29961e-10 7.84866e-11 3.17335e-11
threshold=0.0249448586255312 0.14293935894966128 -0.012343392707407473 -0.044158283621072762 0.050323812291026122 0.043034084141254432 0.060567913576960571 0.021002748049795631 0.35807041823863989 -0.052767565473914139 -0.018572321161627766 0.240973636507988 0.88603615760803234 0.32146993279457098
decision_type=2 2 2 2 2 2 2 2 2 2 2 2 2 2
left_child=1 13 3 9 5 6 -4 -5 -7 10 -2 -6 -10 -1
right_child=2 -3 4 7 11 8 -8 -9 12 -11 -12 -13 -14 -15
leaf_value=-0.075009266484557108 -0.075013048187061171 0.075038235542122453 -0.075136996104363696 0.0012982227150830491 -0.075010555024895301 0.075977166726975229 0.075064668972593077 0.060478580059432269 0.075040945040327378 -0.076207689020381497 -0.075191440407086682 -0.075032850605582929 0.075048140540238242 -0.075012637951807487
leaf_weight=0.091129508931771852 0.014463016806985252 0.036553428450133651 0.01222381298430264 0.035859152165357955 0.010268795667798258 0.029840653412975371 0.026270550908520818 0.024990781937958673 0.057441820681560785 0.020794855430722237 0.0067479270510375491 0.003507400964736008 0.020593902911059558 0.040247632889077067
leaf_count=568 68 54 28 27 56 12 30 21 80 1 2 14 25 214
internal_value=0 -0.0423493 0.0248068 -0.0157412 0.0508491 0.0626953 0.0273684 0.0256033 0.0753013 -0.0756331 -0.0750698 -0.0750162 0.0750428 -0.0750103
internal_weight=0 0.167931 0.263003 0.102856 0.160147 0.146371 0.0384944 0.0608499 0.107876 0.0420058 0.0212109 0.0137762 0.0780357 0.131377
internal_count=1200 836 364 119 245 175 58 48 117 71 70 70 105 782
is_linear=0
shrinkage=0.1


Tree=207
num_leaves=15
num_cat=0
split_feature=4 2 7 1 4 1 7 5 2 4 1 5 3 2
split_gain=0.178648 3.31947e-10 3.01538e-10 4.73354e-10 1.67913e-10 1.35246e-10 9.52704e-11 8.95222e-11 6.19609e-11 1.91857e-10 2.07081e-11 4.40405e-12 3.89399e-12 8.37854e-12
threshold=0.56793908774852764 -0.02343347109854221 0.75939255952835094 0.047436069697141654 0.32994660735130316 0.031173014082014564 0.91211363673210155 0.36221341788768774 0.012296748347580435 2.0119525194168095 0.079572573304176344 0.28229084610939031 -0.012090325355529783 -0.089300487190484987
decision_type=2 2 2 2 2 2 2 2 2 2 2 2 2 2
left_child=2 -2 3 -1 5 -4 7 -7 11 -10 -9 -3 13 -12
right_child=1 8 4 -5 -6 6 -8 10 9 -11 12 -13 -14 -15
leaf_value=-0.075010630046422666 0.075054212753919436 0.075039126864280992 -0.075008551497806913 -0.075056903177147694 -0.075031845765382396 -0.075023639376965948 -0.075024218944634263 -0.075016090693466042 0.075039551405188976 0.075053390549330593 -0.075009604043111994 0.075040911650552919 -0.075009356360085128 -0.07501520470694617
leaf_weight=0.0052418493869481608 0.022562294965609908 0.067997515783645213 0.094986325821082573 0.0038229953643167391 0.0039083827869035295 0.0067233897862024597 0.0089207668206654489 0.0070885754248592994 0.030786380346398801 0.014849260391201824 0.0074078219186048955 0.017353890463709831 0.021890838819672354 0.0041773558768909425
leaf_count=32 28 98 641 12 12 29 35 32 44 18 45 24 133 17
internal_value=0 0.075043 -0.0750124 -0.0750301 -0.0750114 -0.0750109 -0.0750147 -0.075013 0.0750411 0.0750441 -0.0750112 0.0750395 -0.0750101 -0.0750116
internal_weight=0 0.153549 0.164168 0.00906484 0.155103 0.151195 0.0562087 0.047288 0.130987 0.0456356 0.0405646 0.0853514 0.033476 0.0115852
internal_count=1200 212 988 44 944 932 291 256 184 62 227 122 195 62
is_linear=0
shrinkage=0.1


Tree=208
num_leaves=15
num_cat=0
split_feature=1 4 0 2 3 4 1 3 0 2 3 7 1 0
split_gain=0.064292 0.0610933 0.0421761 0.0409023 0.0365209 0.00413212 4.09831e-08 1.65142e-08 3.39097e-09 1.80226e-09 1.38298e-09 6.52236e-10 3.37773e-10 2.90329e-10
threshold=0.043034084141254432 0.36240006983280187 0.060567913576960571 -0.067992143332958208 0.063414195552468314 0.56793908774852764 0.036206537857651717 -0.080127414315938936 0.00072174015804193925 -0.026266594417393204 -0.030978403054177758 0.91211363673210155 0.025245404802262787 0.24912531673908236
decision_type=2 2 2 2 2 2 2 2 2 2 2 2 2 2
left_child=1 2 3 7 6 -3 9 -1 -2 -5 -11 13 -12 -10
right_child=8 5 -4 4 -6 -7 -8 -9 11 10 12 -13 -14 -15
leaf_value=-0.075015180405612683 -0.0750864603143096 -0.015618232601797847 -0.075021834171576637 0.075056901859749725 -0.075016696825088602 -0.075015493261007968 0.075232016411610675 -0.075189883840687533 -0.075018175787528535 0.075051827681933123 0.075022699714339947 -0.075044797371804764 0.075041785193570812 -0.07504028687565413
leaf_weight=0.014526938350172713 0.0097928260511253029 0.014659245789516717 0.029090438882121816 0.022048320854082704 0.017494074447313324 0.058260357967810705 0.010523758886847645 0.008622126595582813 0.0619708992599044 0.019637133838841692 0.16054535197326913 0.012909865297842771 0.0098413988307584077 0.0065677608363330356
leaf_count=54 20 4 91 39 62 212 4 5 208 32 402 30 19 18
internal_value=0 0.0188126 0.0392388 0.0518657 0.0641056 -0.0630747 0.0750394 -0.0750803 -0.0750309 0.0750298 0.0750267 -0.0750242 0.0750238 -0.0750203
internal_weight=0 0.365249 0.29233 0.263239 0.24009 0.0729196 0.222596 0.0231491 0.0912414 0.212072 0.190024 0.0814485 0.170387 0.0685387
internal_count=1200 924 708 617 558 216 496 59 276 492 453 256 421 226
is_linear=0
shrinkage=0.1


Tree=209
num_leaves=15
num_cat=0
split_feature=3 3 2 2 4 2 3 2 2 1 0 6 4 5
split_gain=0.0570124 0.0833507 0.0384365 0.00861285 0.00019242 1.11189e-07 1.52899e-09 1.36966e-10 1.23616e-10 1.11192e-10 6.49834e-11 3.57849e-11 6.77918e-11 1.78438e-10
threshold=-0.066597066819667802 0.063414195552468314 -0.046276550740003579 0.06425290554761888 0.23277251422405246 -0.067992143332958208 -0.054884653538465493 0.10430775210261346 0.044631481170654304 0.031173014082014564 0.043390547856688506 0.013856611214578153 0.36240006983280187 0.27750788629055029
decision_type=2 2 2 2 2 2 2 2 2 2 2 2 2 2
left_child=4 2 -2 6 5 -1 -4 -3 9 11 -11 12 -8 -14
right_child=1 7 3 -5 -6 -7 8 -9 -10 10 -12 -13 13 -15
leaf_value=0.075032869920558951 0.019167048834100066 0.075042813388043861 -0.075084286881871118 0.075220992731192496 0.062309820462937149 0.075345689293560072 -0.075009988737500519 0.075031669515444696 -0.075029240110944501 -0.075012988493141058 -0.075021319614786475 -0.075009079106845955 -0.075009773611880715 -0.075037109058253851
leaf_weight=0.061947878624778241 0.06436655210563913 0.013483061862643808 0.0029899775981903067 0.0039057044778019181 0.013946033839602023 0.013914696988649666 0.024075154993624892 0.060599844087846577 0.0041133017075480885 0.023419761768309399 0.015598388985381462 0.085602368955733255 0.0065961177460849285 0.0037431546224979684
leaf_count=107 13 20 2 1 9 4 152 108 11 116 52 554 39 12
internal_value=0 -0.0174278 -0.0466493 -0.0715627 0.0731056 0.0750902 -0.0750134 0.0750337 -0.0750121 -0.0750117 -0.0750163 -0.0750102 -0.0750129 -0.0750197
internal_weight=0 0.308493 0.23441 0.170044 0.0898086 0.0758626 0.166138 0.0740829 0.163148 0.159035 0.0390182 0.120017 0.0344144 0.0103393
internal_count=1200 1080 952 939 120 111 938 128 936 925 168 757 203 51
is_linear=0
shrinkage=0.1


Tree=210
num_leaves=15
num_cat=0
split_feature=1 0 3 2 2 1 0 3 7 2 3 3 5 1
split_gain=0.0395385 0.0554379 0.0251849 0.0224259 0.0206123 0.00563237 0.0161969 0.00356461 0.00219105 1.51724e-06 1.01789e-06 7.53165e-09 3.60437e-09 8.28927e-11
threshold=0.0249448586255312 0.14293935894966128 -0.012343392707407473 -0.025684285908937451 0.050323812291026122 0.043034084141254432 0.060567913576960571 -0.023173969238996502 0.77942472696304332 -0.022389779798686501 -0.013138717971742151 -0.018572321161627766 0.40465421974658972 0.240973636507988
decision_type=2 2 2 2 2 2 2 2 2 2 2 2 2 2
left_child=1 -1 3 8 5 6 -4 -5 -2 -7 11 12 -10 -6
right_child=2 -3 4 7 13 9 -8 -9 10 -11 -12 -13 -14 -15
leaf_value=-0.075009014815982045 0.0024410739148758662 0.075032906481367873 -0.075117939786766535 0.0047937238566747448 -0.075009085119205288 0.075923903842081517 0.075055663716199497 0.058628033393928025 -0.075010339715058993 0.075036223126949575 -0.076096517221583476 -0.075173962450597501 -0.075120920585771883 -0.075028277106573116
leaf_weight=0.11329042534634937 0.0039610997628187752 0.031464551750104874 0.010524262339458801 0.026287218439392745 0.0088387910072924569 0.026967503770720214 0.022614770336076617 0.023115120042348281 0.01037119934335351 0.067325923475436866 0.018935957923531532 0.0061346383299678573 0.0041179843246936789 0.003019226700416767
leaf_count=782 7 54 28 19 56 10 30 23 59 107 1 2 8 14
internal_value=0 -0.0423953 0.0241937 -0.0161267 0.0510921 0.0628267 0.0273637 0.0299825 -0.0684671 0.0752901 -0.0755671 -0.0750811 -0.0750418 -0.075014
internal_weight=0 0.144755 0.232214 0.0929232 0.13929 0.127432 0.033139 0.0494023 0.0435209 0.0942934 0.0395598 0.0206238 0.0144892 0.011858
internal_count=1200 836 364 119 245 175 58 42 77 117 70 69 67 70
is_linear=0
shrinkage=0.1


Tree=211
num_leaves=15
num_cat=0
split_feature=4 2 7 1 4 1 7 5 3 2 1 3 2 1
split_gain=0.154398 3.0201e-10 1.88071e-10 3.00246e-10 1.85016e-10 9.69029e-11 7.6142e-11 5.33716e-11 5.32442e-11 4.31934e-11 1.3802e-11 2.95855e-12 6.49657e-12 2.35877e-12
threshold=0.56793908774852764 -0.02343347109854221 0.75939255952835094 0.047436069697141654 0.34059986472129827 0.031173014082014564 0.91211363673210155 0.36278039216995245 -0.026893372647464272 0.024144615978002552 0.079572573304176344 -0.012090325355529783 -0.067992143332958208 0.019448878243565563
decision_type=2 2 2 2 2 2 2 2 2 2 2 2 2 2
left_child=2 -2 3 -1 5 -4 7 -7 -3 13 -9 12 -12 -10
right_child=1 8 4 -5 -6 6 -8 10 9 -11 11 -13 -14 -15
leaf_value=-0.075009197974677283 0.075048956198581013 0.075041360237419849 -0.075007375149692926 -0.075048834901626171 -0.075035455476035753 -0.075019866730501317 -0.075021822203707345 -0.075014023129880245 0.075033699003671406 0.075040256070816283 -0.075008338385597589 -0.075008058534431571 -0.075013628839752905 0.075035040192764899
leaf_weight=0.0045179604858276434 0.019742293690796942 0.01383912266464904 0.0821254949842114 0.0033120535663329065 0.0028001030441373578 0.0061004130548099047 0.0081401474890299141 0.0061686038097832343 0.070553009456489235 0.012410459923557937 0.0066833534656325355 0.01856880373088643 0.0035561801050789654 0.016106647264678031
leaf_count=32 28 21 643 12 8 31 36 32 118 19 47 131 16 26
internal_value=0 0.0750375 -0.0750109 -0.075026 -0.07501 -0.0750095 -0.075013 -0.0750112 0.0750356 0.0750347 -0.0750097 -0.0750088 -0.0750102 0.0750339
internal_weight=0 0.132652 0.141973 0.00783001 0.134143 0.131343 0.0492175 0.0410774 0.112909 0.0990701 0.0349769 0.0288083 0.0102395 0.0866597
internal_count=1200 212 988 44 944 936 293 257 184 163 226 194 63 144
is_linear=0
shrinkage=0.1


Tree=212
num_leaves=15
num_cat=0
split_feature=1 4 0 3 3 1 1 4 2 0 7 1 0 1
split_gain=0.055783 0.0524046 0.0344792 0.0376187 0.0323525 0.00411437 2.59157e-08 6.67597e-09 2.20721e-09 2.11594e-09 5.09067e-10 4.8371e-10 1.7981e-10 1.66223e-10
threshold=0.043034084141254432 0.56793908774852764 0.060567913576960571 -0.048458371311426156 0.063414195552468314 0.009995047468692066 0.036206537857651717 0.32994660735130316 -0.028697077184915539 0.00072174015804193925 0.91211363673210155 0.025245404802262787 0.24912531673908236 0.034748764708638198
decision_type=2 2 2 2 2 2 2 2 2 2 2 2 2 2
left_child=1 2 3 5 6 -1 7 8 -5 -2 12 -10 -11 -4
right_child=9 -3 13 4 -6 -7 -8 -9 11 10 -12 -13 -14 -15
leaf_value=-0.0012506053382139947 -0.075074410102654227 -0.075013335228351033 -0.075014724395275775 0.075059212626828742 -0.075014734506881564 -0.075216507875677546 0.075200414942992455 0.075120666213404408 0.075019475593360474 -0.075015949371694493 -0.075040856497269492 0.075041106170845903 -0.075034687491487756 -0.075034474777185237
leaf_weight=0.011365126440068707 0.0084388378018047661 0.050147158181061968 0.019719173782505095 0.016688101866748184 0.015527269977610558 0.022230422749998979 0.0092163099907338619 0.0075463882822077713 0.14806610174127854 0.053797060056240298 0.011335982431774028 0.011114312714198604 0.0056598626251798114 0.0054359721834771326
leaf_count=27 20 212 79 31 63 37 4 6 431 208 30 22 18 12
internal_value=0 0.0187807 0.0364028 0.0479965 0.0638439 -0.0501944 0.0750368 0.0750286 0.0750246 -0.0750271 -0.0750214 0.075021 -0.0750177 -0.075019
internal_weight=0 0.317056 0.266909 0.241754 0.208158 0.0335955 0.192631 0.183415 0.175869 0.0792317 0.0707929 0.15918 0.0594569 0.0251551
internal_count=1200 924 712 621 557 64 494 490 484 276 256 453 226 91
is_linear=0
shrinkage=0.1


Tree=213
num_leaves=15
num_cat=0
split_feature=3 3 2 2 2 3 2 2 1 3 1 6 6 1
split_gain=0.0497911 0.0700825 0.0365502 0.0074162 1.93441e-07 1.3307e-09 8.68242e-11 7.64965e-11 7.74419e-11 6.38108e-11 3.74101e-11 3.21174e-11 6.26783e-11 4.55521e-11
threshold=-0.080127414315938936 0.063414195552468314 -0.046276550740003579 0.06425290554761888 -0.052767565473914139 -0.054884653538465493 0.10430775210261346 0.044631481170654304 0.037099417299032218 -0.019614567048847672 0.05544888228178025 0.013740635477006437 0.013134969398379328 1.0000000180025095e-35
decision_type=2 2 2 2 2 2 2 2 2 2 2 2 2 2
left_child=4 2 -2 5 -1 -4 -3 8 11 -10 -11 12 13 -7
right_child=1 6 3 -5 -6 7 -8 -9 9 10 -12 -13 -14 -15
leaf_value=0.075028500625158381 0.019938091715661046 0.075036847190147207 -0.075070872505538719 0.075190160799254557 0.075396781990373654 -0.075018036377077935 0.075027284493227722 -0.075025168369228054 -0.075023514996229682 -0.075020152163629159 -0.075010351310002554 -0.0750079177897639 -0.075026099713346617 -0.075008198126552905
leaf_weight=0.056037864444078878 0.061818841350032017 0.011606145970290527 0.0037678416119888416 0.0033635781146585933 0.019131473265588284 0.0060033967674826263 0.052189518639352173 0.0035406461975071571 0.0064993047126336015 0.0048898753448156631 0.019134119997033849 0.076400065918278415 0.0027694940508808932 0.021780652918096166
leaf_count=112 17 20 3 1 3 34 108 11 19 18 112 570 13 159
internal_value=0 -0.0167615 -0.0446507 -0.071602 0.0751222 -0.0750122 0.075029 -0.0750107 -0.0750103 -0.0750147 -0.0750123 -0.075009 -0.0750118 -0.0750103
internal_weight=0 0.273763 0.209968 0.148149 0.0751693 0.144785 0.0637957 0.141018 0.137477 0.0305233 0.024024 0.106954 0.0305535 0.027784
internal_count=1200 1085 957 940 115 939 128 936 925 149 130 776 206 193
is_linear=0
shrinkage=0.1


Tree=214
num_leaves=15
num_cat=0
split_feature=1 0 3 2 2 1 0 2 2 2 3 1 0 5
split_gain=0.0338274 0.047736 0.0228561 0.0196479 0.0177961 0.00486778 0.0139393 0.00427457 1.29109e-06 7.40056e-07 8.12178e-09 5.28882e-11 3.16316e-11 2.41982e-11
threshold=0.0249448586255312 0.14293935894966128 -0.012343392707407473 -0.044158283621072762 0.050323812291026122 0.043034084141254432 0.060567913576960571 -0.0055977627635002128 -0.02343347109854221 -0.052767565473914139 -0.018572321161627766 0.240973636507988 0.050314798951148994 0.41054530441761022
decision_type=2 2 2 2 2 2 2 2 2 2 2 2 2 2
left_child=1 13 3 9 5 6 -4 -5 -7 10 -2 -6 -10 -1
right_child=2 -3 4 7 11 8 -8 -9 12 -11 -12 -13 -14 -15
leaf_value=-0.075007515705241057 -0.075009995741184846 0.075028323079674927 -0.075101534082397975 -0.0025955258668398651 -0.075007819241314708 0.075909328673585158 0.075047912377622331 0.056248880855447429 0.075030112434062463 -0.075997128243897011 -0.075158308836641624 -0.075024342422805271 0.075036032255706084 -0.07501411368729928
leaf_weight=0.09179095226136269 0.010894729326537345 0.027083810942713171 0.0090606000449042767 0.02821667687385343 0.0076078820420661941 0.02335642371326685 0.019467300473479554 0.021946141292573884 0.048031235433882102 0.017264658585190773 0.0055850497446954242 0.0025989530986407772 0.011114939872641116 0.0059168471270822911
leaf_count=740 68 54 28 21 56 8 30 27 91 1 2 14 18 42
internal_value=0 -0.0424452 0.0235825 -0.0165401 0.051351 0.0629673 0.0273597 0.0231488 0.0752798 -0.0755396 -0.0750603 -0.075012 0.0750312 -0.0750079
internal_weight=0 0.124792 0.205145 0.0839073 0.121237 0.11103 0.0285279 0.0501628 0.0825026 0.0337444 0.0164798 0.0102068 0.0591462 0.0977078
internal_count=1200 836 364 119 245 175 58 48 117 71 70 70 109 782
is_linear=0
shrinkage=0.1


Tree=215
num_leaves=15
num_cat=0
split_feature=4 2 4 1 5 7 3 2 1 1 3 2 3 3
split_gain=0.133474 2.72003e-10 1.54623e-10 1.44039e-10 2.01174e-10 7.86348e-11 5.7266e-11 2.75198e-11 1.47692e-11 2.49384e-12 2.28745e-12 5.05169e-12 2.00293e-12 1.5056e-12
threshold=0.56793908774852764 -0.02343347109854221 0.34059986472129827 0.037099417299032218 0.36159837245941168 0.91211363673210155 -0.026893372647464272 0.024144615978002552 0.094707235693931593 0.031173014082014564 -0.012090325355529783 -0.067992143332958208 -0.038211543112993233 -0.066597066819667802
decision_type=2 2 2 2 2 2 2 2 2 2 2 2 2 2
left_child=2 -2 3 9 -5 8 -3 -8 -6 12 11 -10 13 -1
right_child=1 6 -4 4 5 -7 7 -9 10 -11 -12 -13 -14 -15
leaf_value=-0.075006802583618609 0.07504442108698911 0.075037260120906876 -0.075033922210715531 -0.075029182980292652 -0.075013742827541335 -0.075021172895740923 0.075029219721402862 0.075034646525715482 -0.075007229203475786 -0.075009412555423441 -0.075006938752348637 -0.075012137494249786 -0.07500617209802346 -0.075009405895822889
leaf_weight=0.0063986728127929382 0.017295520636253059 0.012065435701515526 0.0025578729400876901 0.0070261730943457215 0.0047346864521387024 0.0059732871741289264 0.074594466132111847 0.010682764870580286 0.0061344691057456657 0.0028041549376212052 0.016113455312734008 0.0031858968141023035 0.064463937058462761 0.0034030524111585692
leaf_count=53 28 21 8 33 26 30 144 19 50 19 132 16 598 23
internal_value=0 0.0750329 -0.0750096 -0.0750091 -0.0750137 -0.0750107 0.0750308 0.0750299 -0.0750086 -0.0750065 -0.0750077 -0.0750089 -0.0750064 -0.0750077
internal_weight=0 0.114638 0.122796 0.120238 0.043168 0.0361418 0.0973427 0.0852772 0.0301685 0.0770698 0.0254338 0.00932037 0.0742657 0.00980173
internal_count=1200 212 988 980 287 254 184 163 224 693 198 66 674 76
is_linear=0
shrinkage=0.1


Tree=216
num_leaves=15
num_cat=0
split_feature=1 4 0 3 3 1 1 4 2 0 1 7 1 0
split_gain=0.0484587 0.0450313 0.029736 0.0329868 0.0278587 0.00372245 1.67994e-08 4.17089e-09 1.74334e-09 1.31446e-09 4.41721e-10 4.05851e-10 1.11782e-10 1.11331e-10
threshold=0.043034084141254432 0.56793908774852764 0.060567913576960571 -0.048458371311426156 0.063414195552468314 0.009995047468692066 0.036206537857651717 0.32994660735130316 -0.028016408905386921 0.00072174015804193925 0.025245404802262787 0.91211363673210155 0.034748764708638198 0.24912531673908236
decision_type=2 2 2 2 2 2 2 2 2 2 2 2 2 2
left_child=1 2 3 5 6 -1 7 8 -5 -2 -10 13 -4 -11
right_child=9 -3 12 4 -6 -7 -8 -9 10 11 -12 -13 -14 -15
leaf_value=-0.0015435591320503747 -0.075064031108015794 -0.075011478539690729 -0.075012819495932095 0.075053188681151309 -0.075012683156720675 -0.075189109536452262 0.075173325470761013 0.075103853110993962 0.075016761822247216 -0.075013992826803988 0.075038556474039175 -0.075037480828714864 -0.075030176852389774 -0.075029869794961027
leaf_weight=0.010600134773994796 0.0072728716040728605 0.0431635493732756 0.01703347651346121 0.016073343198513612 0.013364982471102849 0.019469286417006515 0.00806567253312096 0.006497232010588049 0.12624454247998074 0.046660899053676985 0.010038720385637134 0.010030835022917017 0.004743512603454291 0.0048782865924295029
leaf_count=27 20 212 79 35 63 37 4 6 427 208 22 30 12 18
internal_value=0 0.0187807 0.0362208 0.0477367 0.0639093 -0.0492274 0.0750325 0.0750254 0.075022 -0.0750238 0.0750184 -0.0750191 -0.0750166 -0.0750155
internal_weight=0 0.275294 0.232131 0.210354 0.180284 0.0300694 0.16692 0.158854 0.152357 0.0688429 0.136283 0.06157 0.021777 0.0515392
internal_count=1200 924 712 621 557 64 494 490 484 276 449 256 91 226
is_linear=0
shrinkage=0.1


Tree=217
num_leaves=15
num_cat=0
split_feature=3 3 1 0 2 2 2 3 2 2 1 2 1 3
split_gain=0.0433908 0.0649262 0.0311769 0.0224788 0.00296173 6.49426e-07 4.60482e-08 7.4503e-09 3.42161e-09 5.53823e-11 5.20903e-11 5.60065e-11 3.71171e-11 2.61233e-11
threshold=-0.048458371311426156 0.063414195552468314 0.19358609616756442 0.11087276041507722 -0.028016408905386921 -0.052767565473914139 -0.089300487190484987 -0.087906856089830385 -0.046276550740003579 0.10430775210261346 0.037099417299032218 0.044631481170654304 0.047436069697141654 -0.0080759176053106767
decision_type=2 2 2 2 2 2 2 2 2 2 2 2 2 2
left_child=4 2 5 13 6 -2 7 -1 -7 -3 11 -10 -12 -4
right_child=1 9 3 -5 -6 8 -8 -9 10 -11 12 -13 -14 -15
leaf_value=0.075024269886327766 -0.075682578406749912 0.075031714450716561 -0.075017787345369694 0.075775065675670147 0.025945725559456345 -0.075094026163721073 0.075251913092808154 0.07512369672136171 -0.075007533689407324 0.075023482559279597 -0.075022057380541254 -0.075022614622123562 -0.075010581967304368 -0.075008933857505566
leaf_weight=0.043654361244989559 0.016655481653288007 0.0099903622176498175 0.0049338784374413089 0.028270154260098934 0.015082217811141163 0.0049244835972785941 0.012944411166245118 0.0091090168862137944 0.090646267730335239 0.044922685337951407 0.0045550891518360004 0.0025312969519291064 0.0073937970591941848 0.010269676284224261
leaf_count=102 3 20 21 4 9 3 8 11 772 108 16 9 45 69
internal_value=0 -0.0195215 -0.0500294 0.0230421 0.0659098 -0.0751006 0.0750829 0.0750414 -0.0750126 0.075025 -0.0750087 -0.0750079 -0.075015 -0.0750118
internal_weight=0 0.225093 0.17018 0.0434737 0.08079 0.126706 0.0657078 0.0527634 0.110051 0.054913 0.105126 0.0931776 0.0119489 0.0152036
internal_count=1200 1070 942 94 130 848 121 113 845 128 842 781 61 90
is_linear=0
shrinkage=0.1


Tree=218
num_leaves=15
num_cat=0
split_feature=1 0 3 2 2 1 0 4 2 2 3 1 0 5
split_gain=0.0289335 0.0410981 0.0207403 0.0172327 0.0153688 0.00420837 0.0119965 0.00397719 1.13675e-06 5.44708e-07 6.04088e-09 3.37461e-11 1.95738e-11 1.5309e-11
threshold=0.0249448586255312 0.14293935894966128 -0.012343392707407473 -0.044158283621072762 0.050323812291026122 0.043034084141254432 0.060567913576960571 0.13713478296995166 -0.030226236209273335 -0.052767565473914139 -0.018572321161627766 0.240973636507988 0.050314798951148994 0.41054530441761022
decision_type=2 2 2 2 2 2 2 2 2 2 2 2 2 2
left_child=1 13 3 9 5 6 -4 -5 -7 10 -2 -6 -10 -1
right_child=2 -3 4 7 11 8 -8 -9 12 -11 -12 -13 -14 -15
leaf_value=-0.075006492486305712 -0.075008619366869742 0.075024375070951527 -0.075087402424316024 -0.0034532839895248298 -0.075006730557159437 0.075915261716267293 0.075041238385815223 0.056236156759752465 0.075026008322766125 -0.075906124161754601 -0.075143958323904927 -0.07502095651413726 0.075031010877076171 -0.075012148840089166
leaf_weight=0.079118123081570957 0.0093997167277848348 0.023312786885071546 0.0078002116715651928 0.02634578883589711 0.0065483602811582386 0.019861850800225511 0.016757553268689662 0.019370521258679219 0.042860336106969044 0.015726557001471519 0.0050806547515094289 0.0022371475715772249 0.0095674846088513732 0.0050929229400935574
leaf_count=740 68 54 28 25 56 5 30 23 94 1 2 14 18 42
internal_value=0 -0.0424778 0.0229785 -0.0168886 0.0516328 0.0631212 0.0273563 0.0218378 0.075271 -0.0754986 -0.0750561 -0.0750104 0.0750269 -0.0750068
internal_weight=0 0.107524 0.181556 0.0759232 0.105633 0.0968474 0.0245578 0.0457163 0.0722897 0.0302069 0.0144804 0.00878551 0.0524278 0.084211
internal_count=1200 836 364 119 245 175 58 48 117 71 70 70 112 782
is_linear=0
shrinkage=0.1


Tree=219
num_leaves=15
num_cat=0
split_feature=4 2 4 1 5 7 3 2 1 3 3 1 3 3
split_gain=0.11531 2.51349e-10 9.73951e-11 9.97e-11 1.33169e-10 6.09364e-11 3.65293e-11 1.75683e-11 1.14912e-11 2.73787e-12 4.09865e-12 1.90781e-12 1.6567e-12 1.36564e-12
threshold=0.56793908774852764 -0.02343347109854221 0.34059986472129827 0.037099417299032218 0.35951606929302221 0.91211363673210155 -0.026893372647464272 0.024144615978002552 0.079572573304176344 -0.012090325355529783 -0.13250868022441861 0.031173014082014564 -0.038211543112993233 -0.066597066819667802
decision_type=2 2 2 2 2 2 2 2 2 2 2 2 2 2
left_child=2 -2 3 11 -5 8 -3 -8 -6 10 -10 12 13 -1
right_child=1 6 -4 4 5 -7 7 -9 9 -11 -12 -13 -14 -15
leaf_value=-0.075005875861006516 0.075040507850231752 0.075032069398743906 -0.075029197196489206 -0.075026472662365951 -0.075012717961021491 -0.075019416036346931 0.0750251476006982 0.075029821091672264 -0.075005751798474685 -0.075005963694707758 -0.075010144373061555 -0.075008359730231552 -0.07500531405383358 -0.075008521442491094
leaf_weight=0.0055253883911063895 0.015168401616392657 0.010385688336100429 0.002201929884904529 0.005479163068230263 0.0038509831356350324 0.0052834254529443561 0.064208365394733846 0.0091954782838001847 0.0037803225641255267 0.014271104977524377 0.00484895979025168 0.0024451727185805785 0.055488575635536108 0.0030163003175402991
leaf_count=53 28 21 8 30 23 30 144 19 37 136 31 19 598 23
internal_value=0 0.0750287 -0.0750084 -0.0750079 -0.0750121 -0.0750096 0.0750265 0.0750257 -0.0750077 -0.0750068 -0.0750082 -0.0750056 -0.0750055 -0.0750068
internal_weight=0 0.0989579 0.106191 0.103989 0.037514 0.0320348 0.0837895 0.0734038 0.0267514 0.0229004 0.00862928 0.0664754 0.0640303 0.00854169
internal_count=1200 212 988 980 287 257 184 163 227 204 68 693 674 76
is_linear=0
shrinkage=0.1


Tree=220
num_leaves=15
num_cat=0
split_feature=1 4 0 2 3 3 2 1 4 3 5 7 1 1
split_gain=0.0421581 0.0388058 0.0256977 0.0279655 0.023984 0.0035108 3.67435e-08 1.11362e-08 2.69714e-09 8.5373e-10 8.09121e-10 3.04975e-10 2.62815e-10 7.66672e-11
threshold=0.043034084141254432 0.56793908774852764 0.060567913576960571 -0.046276550740003579 0.063414195552468314 -0.066597066819667802 -0.052767565473914139 0.036206537857651717 0.32994660735130316 -0.032057624310255044 0.36159837245941168 0.91211363673210155 0.025245404802262787 0.034748764708638198
decision_type=2 2 2 2 2 2 2 2 2 2 2 2 2 2
left_child=1 2 3 5 7 6 -1 8 9 -5 -2 -12 -11 -4
right_child=10 -3 13 4 -6 -7 -8 -9 -10 12 11 -13 -14 -15
leaf_value=-0.075011027729802837 -0.075047288520158489 -0.075009878255828125 -0.075011086036023467 0.075041452568950201 -0.075010916075755898 -0.0009608968994359627 -0.07532455110136399 0.07515012866946251 0.075089381256270002 0.075014401017424057 -0.075012003321060269 -0.075032468306415162 0.075033503553754821 -0.075026489443374145
leaf_weight=0.010786996805109084 0.0096076341724256054 0.037152310687815771 0.014687233386212029 0.0144084871863015 0.011503745045047253 0.010409470298327506 0.0057202395983040324 0.0070633003488183013 0.0055937147117219857 0.1094746098970063 0.041312610323075205 0.0088399876985931769 0.0077094492880860335 0.0041427135292906305
leaf_count=57 32 212 79 33 63 5 1 4 6 431 214 30 21 12
internal_value=0 0.0188998 0.0362147 0.0476804 0.063946 -0.0464403 -0.0751197 0.0750277 0.0750214 0.0750185 -0.0750207 -0.0750156 0.0750157 -0.0750145
internal_weight=0 0.238652 0.2015 0.18267 0.155753 0.0269167 0.0165072 0.14425 0.137186 0.131593 0.0597602 0.0501526 0.117184 0.0188299
internal_count=1200 924 712 621 558 63 58 495 491 485 276 244 452 91
is_linear=0
shrinkage=0.1


Tree=221
num_leaves=15
num_cat=0
split_feature=3 3 2 2 2 3 3 1 3 2 2 1 5 4
split_gain=0.0382591 0.0516784 0.0278897 0.00549373 1.02674e-07 1.0834e-09 4.26348e-11 4.17407e-11 4.06344e-11 3.57041e-11 3.53098e-11 1.70684e-11 1.24885e-11 1.96953e-11
threshold=-0.080127414315938936 0.063414195552468314 -0.046276550740003579 0.06425290554761888 -0.052767565473914139 -0.054884653538465493 -0.048458371311426156 0.037099417299032218 -0.019614567048847672 0.044631481170654304 0.10430775210261346 0.047436069697141654 0.41054530441761022 0.15309491008520129
decision_type=2 2 2 2 2 2 2 2 2 2 2 2 2 2
left_child=4 2 -2 5 -1 -4 -7 9 -9 12 -3 -10 -8 -14
right_child=1 10 3 -5 -6 6 7 8 11 -11 -12 -13 13 -15
leaf_value=0.075021397649542729 0.018652075297569397 0.075027296406484076 -0.075065231672606952 0.07514073120721726 0.075321194114700188 -0.075024702972933108 -0.075006170509174644 -0.075019312247279493 -0.075016254223594911 -0.075019467394907932 0.075020211746767915 -0.075008037008766945 -0.075005278771564599 -0.075018308117231272
leaf_weight=0.042070059687830508 0.049355151219060645 0.0085994215623941272 0.0034364215098321429 0.0024925305042415849 0.015681942226365209 0.0015380171244032672 0.073396032224991359 0.0053221147536532945 0.0030259335253504096 0.002178846647439058 0.038667346612783149 0.015355404277215712 0.002423919453576672 0.0022252075068536215
leaf_count=112 17 20 3 1 3 4 732 19 14 9 108 118 26 14
internal_value=0 -0.0168969 -0.0439246 -0.0716502 0.0751028 -0.07501 -0.0750082 -0.0750079 -0.0750116 -0.0750068 0.0750215 -0.0750094 -0.0750065 -0.0750115
internal_weight=0 0.208016 0.16075 0.111394 0.057752 0.108902 0.105465 0.103927 0.0237035 0.080224 0.0472668 0.0183813 0.0780452 0.00464913
internal_count=1200 1085 957 940 115 939 936 932 151 781 128 132 772 40
is_linear=0
shrinkage=0.1


Tree=222
num_leaves=15
num_cat=0
split_feature=1 0 3 2 2 6 1 0 2 2 3 1 0 5
split_gain=0.0246447 0.0353799 0.0181471 0.0145543 0.0132234 0.00388312 0.0036178 0.0103247 7.24187e-07 3.46669e-07 3.84434e-09 2.146e-11 1.24841e-11 9.6858e-12
threshold=0.0249448586255312 0.14293935894966128 -0.012343392707407473 -0.044158283621072762 0.050323812291026122 0.021002748049795631 0.043034084141254432 0.060567913576960571 -0.030226236209273335 -0.052767565473914139 -0.018572321161627766 0.240973636507988 0.050314798951148994 0.41054530441761022
decision_type=2 2 2 2 2 2 2 2 2 2 2 2 2 2
left_child=1 13 3 9 6 -5 7 -4 -8 10 -2 -6 -10 -1
right_child=2 -3 4 5 11 -7 8 -9 12 -11 -12 -13 -14 -15
leaf_value=-0.075005607085878889 -0.075007418281077917 0.075020979769522822 -0.075075239009434414 -0.0045768659454191556 -0.075005793048488839 0.057712625003290066 0.075786881380552146 0.075035495686147383 0.075022384481700413 -0.075778846302397562 -0.075123803309222803 -0.075018021696320436 0.075026690643074739 -0.075010456416323729
leaf_weight=0.068162428957293741 0.008090444520348683 0.0200666387390811 0.006714941941027063 0.025665794193628244 0.0056363707772106855 0.016405059373937547 0.017129197687609121 0.014424750406760722 0.036892185802571476 0.013563013635575771 0.0043716640211641797 0.0019252523561590351 0.0082353732141200453 0.0043837012490257612
leaf_count=740 68 54 28 27 56 21 5 30 94 1 2 14 18 42
internal_value=0 -0.0424992 0.0223892 -0.0166491 0.0516154 0.0197122 0.0630965 0.0273534 0.0752333 -0.075429 -0.0750482 -0.0750089 0.0750232 -0.0750059
internal_weight=0 0.0926128 0.159054 0.068096 0.0909581 0.0420709 0.0833964 0.0211397 0.0622568 0.0260251 0.0124621 0.00756162 0.0451276 0.0725461
internal_count=1200 836 364 119 245 48 175 58 117 71 70 70 112 782
is_linear=0
shrinkage=0.1


Tree=223
num_leaves=15
num_cat=0
split_feature=4 2 4 1 5 7 3 2 1 3 2 1 3 3
split_gain=0.0995727 1.70675e-10 6.17007e-11 6.60192e-11 7.77051e-11 4.00511e-11 3.57347e-11 1.1196e-11 8.91817e-12 1.7241e-12 3.50836e-12 1.29416e-12 1.28348e-12 1.15224e-12
threshold=0.56793908774852764 -0.02343347109854221 0.34059986472129827 0.037099417299032218 0.36159837245941168 0.91211363673210155 -0.026893372647464272 0.024144615978002552 0.05544888228178025 -0.012090325355529783 -0.028016408905386921 0.031173014082014564 -0.038211543112993233 -0.066597066819667802
decision_type=2 2 2 2 2 2 2 2 2 2 2 2 2 2
left_child=2 -2 3 11 -5 8 -3 -8 -6 10 -10 12 13 -1
right_child=1 6 -4 4 5 -7 7 -9 9 -11 -12 -13 -14 -15
leaf_value=-0.075005056593495087 0.075035377855033336 0.075028857000441929 -0.075025132356012394 -0.075021618184185845 -0.07501182870280089 -0.075016854206028369 0.075021644058474432 0.07502566534511361 -0.075005463197821934 -0.07500514998829684 -0.075010009260111088 -0.075007283264562297 -0.075004574337111107 -0.075007656304369605
leaf_weight=0.004755760841362644 0.013146979996236041 0.0090795538271777332 0.0018954871993628322 0.0052659370267065233 0.0028770402932423158 0.0046049527081777333 0.055267848569201306 0.0079151658865157515 0.0047807756418478675 0.012409668379405051 0.0026322776757297063 0.00211797299562022 0.047762787591636879 0.0026576003656373351
leaf_count=53 28 21 8 33 19 30 144 19 52 137 16 19 598 23
internal_value=0 0.0750249 -0.0750073 -0.0750069 -0.0750105 -0.0750084 0.075023 0.0750221 -0.0750066 -0.0750059 -0.0750071 -0.0750049 -0.0750048 -0.075006
internal_weight=0 0.0854095 0.0917603 0.0898648 0.0325707 0.0273047 0.0722626 0.063183 0.0226998 0.0198227 0.00741305 0.0572941 0.0551761 0.00741336
internal_count=1200 212 988 980 287 254 184 163 224 205 68 693 674 76
is_linear=0
shrinkage=0.1


Tree=224
num_leaves=15
num_cat=0
split_feature=1 4 0 3 3 1 1 2 4 5 7 1 1 3
split_gain=0.0366657 0.033333 0.0221624 0.0250975 0.0206584 0.00319625 7.39028e-09 2.05839e-09 5.8487e-10 5.02005e-10 2.37199e-10 2.24524e-10 4.95183e-11 1.69535e-11
threshold=0.043034084141254432 0.56793908774852764 0.060567913576960571 -0.048458371311426156 0.063414195552468314 0.009995047468692066 0.036206537857651717 -0.028697077184915539 0.29579898715019232 0.36159837245941168 0.91211363673210155 0.025245404802262787 0.031173014082014564 -0.012090325355529783
decision_type=2 2 2 2 2 2 2 2 2 2 2 2 2 2
left_child=1 2 3 5 6 -1 7 -5 11 -2 13 -9 -4 -11
right_child=9 -3 12 4 -6 -7 -8 8 -10 10 -12 -13 -14 -15
leaf_value=0.00069800825810986743 -0.075040676462486341 -0.07500850303532608 -0.075008816287837135 0.075056789802926363 -0.075009395838180226 -0.075146163632491908 0.075131406479189644 0.075012334419125054 0.075045945383568013 -0.075013265339406082 -0.075029751322289256 0.075030729572350907 -0.075020580584954991 -0.075008791877499745
leaf_weight=0.0088037315872497857 0.0083799740532413125 0.031978098748368211 0.011012077957275324 0.013614025039714761 0.0099016600725008175 0.015064006511238404 0.0062908072432037434 0.092435381491668522 0.0059441282355692229 0.013755568565102294 0.0078030626900726921 0.0071483430801890782 0.0052999672916484988 0.022054767614463344
leaf_count=27 32 212 72 32 63 37 4 424 13 71 30 21 19 143
internal_value=0 0.0188916 0.0359999 0.0473744 0.0640485 -0.0471707 0.0750258 0.0750202 0.0750155 -0.0750183 -0.075014 0.0750137 -0.0750126 -0.0750105
internal_weight=0 0.207492 0.175514 0.159202 0.135334 0.0238677 0.125433 0.119142 0.105528 0.0519934 0.0436134 0.0995837 0.016312 0.0358103
internal_count=1200 924 712 621 557 64 494 490 458 276 244 445 91 214
is_linear=0
shrinkage=0.1


Tree=225
num_leaves=15
num_cat=0
split_feature=3 3 2 2 2 3 3 1 3 2 2 5 1 6
split_gain=0.033171 0.0439405 0.0246461 0.00472917 7.27167e-08 6.88686e-10 2.69129e-11 2.98915e-11 2.59598e-11 2.30276e-11 2.25235e-11 8.14226e-12 7.73261e-12 6.07936e-12
threshold=-0.080127414315938936 0.063414195552468314 -0.046276550740003579 0.06425290554761888 -0.052767565473914139 -0.054884653538465493 -0.048458371311426156 0.031173014082014564 -0.019614567048847672 0.044631481170654304 0.10430775210261346 0.41054530441761022 0.043034084141254432 0.0079701556824147719
decision_type=2 2 2 2 2 2 2 2 2 2 2 2 2 2
left_child=4 2 -2 5 -1 -4 -7 9 -9 11 -3 13 -10 -8
right_child=1 10 3 -5 -6 6 7 8 12 -11 -12 -13 -14 -15
leaf_value=0.075018416566967547 0.017126165816148634 0.075023494726511472 -0.075056137597499351 0.075121108088527233 0.075286725390192974 -0.075021265250619418 -0.075008058957852883 -0.075016122358903051 -0.075012556691267884 -0.075016757327120862 0.075017395866068329 -0.075009975221501143 -0.075007164681477848 -0.075004883909348175
leaf_weight=0.036211787664797157 0.046315631218021736 0.0074020530155394218 0.0029582816059701136 0.0021460899151861659 0.014008594211190939 0.0013238733663456506 0.0067837780261470462 0.0053414954454638055 0.0032646643048792603 0.0018754535922198548 0.033282785094343126 0.003854631035210331 0.014351563142554369 0.054312944161210908
leaf_count=112 17 20 3 1 3 4 71 24 21 9 108 39 125 643
internal_value=0 -0.0166433 -0.0428082 -0.0716599 0.0750933 -0.0750087 -0.0750071 -0.0750069 -0.07501 -0.0750058 0.0750185 -0.0750055 -0.0750082 -0.0750052
internal_weight=0 0.183213 0.142528 0.0962128 0.0502204 0.0940667 0.0911084 0.0897845 0.0229577 0.0668268 0.0406848 0.0649514 0.0176162 0.0610967
internal_count=1200 1085 957 940 115 939 936 932 170 762 128 753 146 714
is_linear=0
shrinkage=0.1


Tree=226
num_leaves=15
num_cat=0
split_feature=1 0 3 2 2 1 0 7 7 2 3 3 1 0
split_gain=0.02107 0.0304579 0.0164579 0.0128872 0.0114221 0.00312842 0.00888588 0.0028326 0.00140759 6.0964e-07 2.61779e-07 1.74889e-09 1.36954e-11 7.95896e-12
threshold=0.0249448586255312 0.14293935894966128 -0.012343392707407473 -0.025684285908937451 0.050323812291026122 0.043034084141254432 0.060567913576960571 0.90307316184043895 0.78569281101226818 -0.03524756804108619 -0.013138717971742151 -0.13250868022441861 0.240973636507988 0.050314798951148994
decision_type=2 2 2 2 2 2 2 2 2 2 2 2 2 2
left_child=1 -1 3 8 5 6 -4 -5 -2 -7 11 -10 -6 -11
right_child=2 -3 4 7 12 9 -8 -9 10 13 -12 -13 -14 -15
leaf_value=-0.075005085897829726 0.0010468447134464548 0.075018057624450851 -0.075064765756913093 0.050938603698786659 -0.075004985653775239 0.075767413892795912 0.075030552383138688 -0.0067145258645045754 -0.07500526041927863 0.075019273978354839 -0.075708793827390167 -0.075085202381310071 -0.07501551524895772 0.075022972654055928
leaf_weight=0.062502639899321366 0.0026688779616961247 0.017272357625188306 0.0057805187097983426 0.018233505834359676 0.0048513765723328097 0.015069788438268006 0.012416530778864399 0.016000037139747292 0.0040647369023645288 0.03245290630729869 0.012365885078907015 0.0083753880171570927 0.0016571940941503271 0.007088662445312365
leaf_count=782 9 54 28 30 56 3 30 12 44 96 1 23 14 18
internal_value=0 -0.0425231 0.0217827 -0.0169474 0.0519147 0.0632607 0.0273509 0.0239927 -0.0679587 0.0752262 -0.075383 -0.0750591 -0.0750077 0.0750199
internal_weight=0 0.079775 0.141025 0.0617084 0.079317 0.0728084 0.018197 0.0342335 0.0274749 0.0546114 0.024806 0.0124401 0.00650857 0.0395416
internal_count=1200 836 364 119 245 175 58 42 77 117 68 67 70 114
is_linear=0
shrinkage=0.1


Tree=227
num_leaves=15
num_cat=0
split_feature=4 2 4 1 5 7 3 2 1 3 3 1 3 3
split_gain=0.0860463 1.55453e-10 3.88421e-11 4.59543e-11 5.70384e-11 3.0871e-11 2.28046e-11 7.14409e-12 5.75068e-12 1.92758e-12 2.78133e-12 1.04807e-12 9.18269e-13 8.2864e-13
threshold=0.56793908774852764 -0.02343347109854221 0.34059986472129827 0.037099417299032218 0.35904835164546972 0.91211363673210155 -0.026893372647464272 0.024144615978002552 0.05544888228178025 -0.01538082445040345 -0.048458371311426156 0.031173014082014564 -0.038211543112993233 -0.066597066819667802
decision_type=2 2 2 2 2 2 2 2 2 2 2 2 2 2
left_child=2 -2 3 11 -5 8 -3 -8 -6 10 -10 12 13 -1
right_child=1 6 -4 4 5 -7 7 -9 9 -11 -12 -13 -14 -15
leaf_value=-0.075004370458974956 0.07503242085459394 0.075024837455223328 -0.075021633344694638 -0.075020556230779564 -0.075010366607317996 -0.075015433466711468 0.075018626828507323 0.07502208914515679 -0.075004947500819846 -0.075004437674509372 -0.075009059229076316 -0.075006533583586735 -0.075003937958585662 -0.075006735449883608
leaf_weight=0.0041077373898588121 0.011546137655386701 0.0078153373033273965 0.0016316494511556803 0.0038575132493861011 0.0025137290649581692 0.0040625775363878338 0.047571849601808935 0.006813050073105841 0.0041665971948532388 0.011006102948158517 0.0027185363069293046 0.0018564395795692681 0.041136175856081536 0.0023172809123934704
leaf_count=53 28 21 8 27 19 30 144 19 52 141 18 19 598 23
internal_value=0 0.0750218 -0.0750064 -0.075006 -0.0750093 -0.0750075 0.0750198 0.0750191 -0.0750059 -0.0750053 -0.0750066 -0.0750042 -0.0750041 -0.0750052
internal_weight=0 0.0737464 0.0793743 0.0777427 0.0283251 0.0244675 0.0622002 0.0543849 0.020405 0.0178912 0.00688513 0.0494176 0.0475612 0.00642502
internal_count=1200 212 988 980 287 260 184 163 230 211 70 693 674 76
is_linear=0
shrinkage=0.1


Tree=228
num_leaves=15
num_cat=0
split_feature=1 4 0 3 3 1 1 2 4 2 3 1 3 0
split_gain=0.0319001 0.028635 0.0191152 0.0221053 0.0177909 0.00287648 4.8485e-09 1.63749e-09 3.98485e-10 3.1182e-10 1.18395e-09 2.01681e-10 4.52374e-11 4.13668e-11
threshold=0.043034084141254432 0.56793908774852764 0.060567913576960571 -0.048458371311426156 0.063414195552468314 0.009995047468692066 0.036206537857651717 -0.028697077184915539 0.29579898715019232 -0.039751833304762833 -0.018572321161627766 0.025245404802262787 -0.013538801111280916 0.24542391300201419
decision_type=2 2 2 2 2 2 2 2 2 2 2 2 2 2
left_child=1 2 3 5 6 -1 7 -5 11 10 -2 -9 -11 -14
right_child=9 -3 -4 4 -6 -7 -8 8 -10 12 -12 -13 13 -15
leaf_value=0.00020002682940297248 -0.075008629903491539 -0.075007318028538023 -0.075011059579814354 0.075052782485945282 -0.075008086174624997 -0.075128671255024745 0.075114406148478197 0.075010614666259676 0.075040483215694689 -0.075017762536932348 -0.075075372694609691 0.075028984664056178 -0.07500762330817845 -0.075020627421312547
leaf_weight=0.0082165098283439875 0.0083909465101896785 0.027524398858076893 0.014131864263617899 0.012092201592167839 0.0085226563678588718 0.013233961049991194 0.0055186635290738187 0.079562133440049365 0.0052070456586079663 0.0077883613557787603 0.0038899641658645132 0.0064618959004292256 0.022427807707572356 0.0027456593452370717
leaf_count=27 62 212 91 32 63 37 4 424 13 27 4 21 168 15
internal_value=0 0.0188906 0.0357885 0.0470683 0.0641283 -0.0462743 0.0750231 0.0750182 0.0750136 -0.0750162 -0.0750298 0.075012 -0.0750111 -0.075009
internal_weight=0 0.180471 0.152947 0.138815 0.117365 0.0214505 0.108842 0.103323 0.0912311 0.0452427 0.0122809 0.086024 0.0329618 0.0251735
internal_count=1200 924 712 621 557 64 494 490 458 276 66 445 210 183
is_linear=0
shrinkage=0.1


Tree=229
num_leaves=15
num_cat=0
split_feature=3 3 2 2 4 2 3 3 1 3 2 2 3 5
split_gain=0.0289801 0.0381965 0.019974 0.00407039 0.000124729 3.72221e-08 4.59852e-10 2.20221e-11 2.30455e-11 2.17181e-11 1.46774e-11 1.43529e-11 5.33105e-12 5.18804e-12
threshold=-0.066597066819667802 0.063414195552468314 -0.046276550740003579 0.06425290554761888 0.22731652110815051 -0.028016408905386921 -0.054884653538465493 -0.048458371311426156 0.031173014082014564 -0.013538801111280916 0.044631481170654304 0.10430775210261346 -0.1171429120004177 0.41054530441761022
decision_type=2 2 2 2 2 2 2 2 2 2 2 2 2 2
left_child=4 2 -2 6 5 12 -4 -8 10 -10 13 -3 -1 -9
right_child=1 11 3 -5 -6 -7 7 8 9 -11 -12 -13 -14 -15
leaf_value=0.075015611335101109 0.013579658378149603 0.075020220814184468 -0.075055260378558128 0.075104227866954226 0.06119773534502565 0.075259206839826481 -0.075019689863023514 -0.075004507615872601 -0.075013694728378599 -0.075006671447471682 -0.075014421484315794 0.075014973205612998 0.075018593520788449 -0.075008584782395152
leaf_weight=0.022329313884256408 0.041221671388484538 0.0063713520648889235 0.001961835427209734 0.0018477108096703878 0.0077986888209125018 0.0079611472319811583 0.0011999870621366418 0.052594963632145664 0.006527957128128036 0.013525614373065764 0.0016142941458383566 0.028647869679844007 0.0081940961536020041 0.0033178275334648779
leaf_count=81 13 20 2 1 11 2 4 714 34 136 9 108 26 39
internal_value=0 -0.0171927 -0.0432732 -0.0716491 0.0727297 0.0750666 -0.0750074 -0.0750062 -0.075006 -0.075009 -0.075005 0.0750159 0.0750164 -0.0750047
internal_weight=0 0.158831 0.123812 0.0825902 0.0462832 0.0384846 0.0807425 0.0787806 0.0775807 0.0200536 0.0575271 0.0350192 0.0305234 0.0559128
internal_count=1200 1080 952 939 120 109 938 936 932 170 762 128 107 753
is_linear=0
shrinkage=0.1


Tree=230
num_leaves=15
num_cat=0
split_feature=1 0 3 2 2 6 1 0 2 2 3 1 0 5
split_gain=0.0180246 0.0262238 0.0149423 0.0113811 0.00986797 0.00299803 0.00270576 0.00764767 4.79631e-07 1.90943e-07 2.14792e-09 8.7358e-12 5.07295e-12 3.88859e-12
threshold=0.0249448586255312 0.14293935894966128 -0.012343392707407473 -0.044158283621072762 0.050323812291026122 0.021002748049795631 0.043034084141254432 0.060567913576960571 -0.03524756804108619 -0.052767565473914139 -0.018572321161627766 0.240973636507988 0.050314798951148994 0.41054530441761022
decision_type=2 2 2 2 2 2 2 2 2 2 2 2 2 2
left_child=1 13 3 9 6 -5 7 -4 -8 10 -2 -6 -10 -1
right_child=2 -3 4 5 11 -7 8 -9 12 -11 -12 -13 -14 -15
leaf_value=-0.075004181165331252 -0.075005710946030577 0.07501554071471972 -0.075055752180335125 -0.0050113464937350145 -0.075004291748945212 0.055526879303899525 0.075713881643383607 0.075026296550491506 0.075016588610094595 -0.075646055341059795 -0.075102799493058134 -0.075013356095065403 0.075019771412023178 -0.075007750642618373
leaf_weight=0.050630988378543407 0.0061152192283771001 0.014867084799334407 0.0049760057299863538 0.021731863875174895 0.0041756979626370585 0.013118657705490477 0.013922525278758258 0.010687763977330178 0.027933640725677833 0.011290057562291622 0.0036320796934887767 0.0014264447090681642 0.0061015789979137472 0.0032477651111548758
leaf_count=740 68 54 28 27 56 21 3 30 96 1 2 14 18 42
internal_value=0 -0.0425608 0.0211777 -0.0172841 0.0522299 0.0177768 0.0634336 0.0273488 0.0752194 -0.0753661 -0.0750419 -0.0750066 0.0750172 -0.0750044
internal_weight=0 0.0687458 0.125112 0.0558879 0.0692237 0.0348505 0.0636215 0.0156638 0.0479577 0.0210374 0.0097473 0.00560214 0.0340352 0.0538788
internal_count=1200 836 364 119 245 48 175 58 117 71 70 70 114 782
is_linear=0
shrinkage=0.1


Tree=231
num_leaves=15
num_cat=0
split_feature=4 2 1 5 4 7 3 1 2 3 3 1 3 3
split_gain=0.0743823 1.39688e-10 2.59601e-11 3.49363e-11 3.20265e-11 2.40789e-11 1.45315e-11 4.71059e-12 4.55508e-12 1.49477e-12 2.1233e-12 8.72719e-13 7.62636e-13 7.25365e-13
threshold=0.56793908774852764 -0.02343347109854221 0.037099417299032218 0.35904835164546972 0.34059986472129827 0.91211363673210155 -0.026893372647464272 0.047436069697141654 0.024144615978002552 -0.01538082445040345 -0.048458371311426156 0.031173014082014564 -0.038211543112993233 -0.066597066819667802
decision_type=2 2 2 2 2 2 2 2 2 2 2 2 2 2
left_child=2 -2 4 -4 11 7 -3 -5 -8 10 -9 12 13 -1
right_child=1 6 3 5 -6 -7 8 9 -10 -11 -12 -13 -14 -15
leaf_value=-0.075003779978164209 0.075029825706831421 0.075021376670413517 -0.075017692742680317 -0.075009958249150785 -0.075019366917896971 -0.075014051394796333 0.075016032872766952 -0.075004263164334076 0.075019012778500968 -0.075003835362571533 -0.075008039124396741 -0.075005920483312824 -0.075003391114677506 -0.075006139402894037
leaf_weight=0.0035490227965055965 0.010150263115065172 0.0067270885047037146 0.0033399703424947793 0.0018357852823100975 0.0013376724600675507 0.0036824212220381005 0.040947225206764415 0.0035906055345549248 0.0058643454976845524 0.009711394333862703 0.0025445772262173661 0.001632378982321824 0.035409070835157763 0.0020589170162565998
leaf_count=53 28 21 27 15 7 31 144 52 19 144 19 19 598 23
internal_value=0 0.0750191 -0.0750056 -0.0750082 -0.0750041 -0.0750067 0.075017 -0.0750052 0.0750164 -0.0750046 -0.0750058 -0.0750037 -0.0750036 -0.0750046
internal_weight=0 0.0636889 0.0686918 0.0247048 0.0439871 0.0213648 0.0535387 0.0176824 0.0468116 0.0158466 0.00613518 0.0426494 0.041017 0.00560794
internal_count=1200 212 988 288 700 261 184 230 163 215 71 693 674 76
is_linear=0
shrinkage=0.1


Tree=232
num_leaves=15
num_cat=0
split_feature=1 4 0 3 3 2 3 1 2 4 5 1 7 1
split_gain=0.0277777 0.0245853 0.0164888 0.0195302 0.0153219 0.00266308 3.86702e-09 3.37368e-09 1.30823e-09 2.64663e-10 2.26476e-10 1.63844e-10 1.46772e-10 2.34886e-11
threshold=0.043034084141254432 0.56793908774852764 0.060567913576960571 -0.048458371311426156 0.063414195552468314 -0.052767565473914139 -0.066597066819667802 0.036206537857651717 -0.028697077184915539 0.29579898715019232 0.35904835164546972 0.025245404802262787 0.91211363673210155 0.031173014082014564
decision_type=2 2 2 2 2 2 2 2 2 2 2 2 2 2
left_child=1 2 3 5 7 6 -1 8 -5 11 -2 -10 -12 -4
right_child=10 -3 13 4 -6 -7 -8 -9 9 -11 12 -13 -14 -15
leaf_value=-0.07500801245038885 -0.075033704273964816 -0.075006298401767951 -0.075006615250110806 0.075049082776802278 -0.075006959053636926 0.001068970179994963 -0.075126850801166822 0.075101310828104159 0.075009136925444794 0.075035398336566653 -0.075008318652023107 0.075026685347569982 -0.075025372947525149 -0.075015916471656841
leaf_weight=0.0074928298054146572 0.0052465792759903698 0.023690897862252314 0.0081920445518335328 0.010775071743410081 0.0073356801804038687 0.0075249903020448974 0.0043150945566594609 0.0049374628288205704 0.068481438647722825 0.0045298253244254729 0.028021786623867229 0.0057686945074237874 0.0061547106597572556 0.0040609483548905709
leaf_count=57 26 212 72 32 63 5 2 4 424 13 220 21 30 19
internal_value=0 0.0188693 0.0355392 0.046719 0.0642129 -0.0454229 -0.0750514 0.0750208 0.0750164 0.0750119 -0.0750144 0.0750105 -0.0750114 -0.0750097
internal_weight=0 0.157105 0.133414 0.121161 0.101828 0.0193329 0.0118079 0.0944925 0.089555 0.07878 0.0394231 0.0742501 0.0341765 0.012253
internal_count=1200 924 712 621 557 64 59 494 490 458 276 445 250 91
is_linear=0
shrinkage=0.1


Tree=233
num_leaves=15
num_cat=0
split_feature=0 2 3 1 3 1 2 7 2 3 2 2 3 1
split_gain=0.0258233 0.0235054 0.0261025 0.0173585 0.0083167 1.17466e-05 1.50353e-05 2.44644e-07 2.34355e-07 3.6255e-09 2.43489e-09 1.51237e-09 4.46186e-10 2.17276e-10
threshold=0.096305742859840407 -0.067992143332958208 0.063414195552468314 0.05544888228178025 -0.080127414315938936 0.18149581551551822 -0.010743938386440275 0.91211363673210155 -0.052767565473914139 -0.087906856089830385 -0.1783771216869354 -0.046276550740003579 -0.054884653538465493 0.25366444885730749
decision_type=2 2 2 2 2 2 2 2 2 2 2 2 2 2
left_child=1 9 4 -2 -3 6 -5 10 -6 -1 -7 -10 -13 -12
right_child=3 2 -4 5 8 7 -8 -9 11 -11 13 12 -14 -15
leaf_value=0.075014077861615722 -0.07500653095854122 0.07521870414673984 0.075014260364684685 0.075051527831450138 -0.075489263930038242 0.075094106251114026 0.068037616059922798 0.075515635530510133 -0.075072400853560081 0.075103756405087763 0.075013625681798146 -0.075048153171843421 -0.075005305700615768 0.07503813637951684
leaf_weight=0.012376433558529243 0.0090244561361032538 0.0038654264062643042 0.015161360905040056 0.0064947185310302302 0.012148235400673002 0.0060266132350079707 0.0057728472966118716 0.019667424392537214 0.003761083062272518 0.0070909139030845827 0.012762966332957149 0.002535009349230676 0.058854964299825951 0.0050466437241993836
leaf_count=50 102 1 63 19 3 9 26 11 3 9 54 3 832 15
internal_value=0 -0.0251747 -0.0454293 0.0536635 -0.0679279 0.0744839 0.0717509 0.0752546 -0.075086 0.0750467 0.0750392 -0.0750108 -0.0750071 0.0750206
internal_weight=0 0.115793 0.0963261 0.0647957 0.0811647 0.0557712 0.0122676 0.0435036 0.0772993 0.0194673 0.0238362 0.0651511 0.06139 0.0178096
internal_count=1200 964 905 236 842 134 45 89 841 59 78 838 835 69
is_linear=0
shrinkage=0.1


Tree=234
num_leaves=15
num_cat=0
split_feature=1 0 0 1 1 2 7 2 5 3 1 1 1 1
split_gain=0.015413 0.0279511 0.0173806 0.021494 0.0111366 3.45914e-07 1.27549e-07 9.38153e-10 1.01642e-09 3.48994e-10 1.53368e-10 5.92936e-12 3.1437e-12 2.73816e-12
threshold=0.030005271546542648 0.11959925666451456 0.096305742859840407 0.079572573304176344 0.079572573304176344 -0.025684285908937451 0.91211363673210155 -0.18850528448820111 0.42797778546810156 -0.01538082445040345 0.025245404802262787 0.25366444885730749 0.021651168353855613 0.23105484247207644
decision_type=2 2 2 2 2 2 2 2 2 2 2 2 2 2
left_child=1 10 4 -4 -2 -6 7 -5 11 -7 -1 -9 -3 -11
right_child=2 12 3 6 5 9 -8 8 -10 13 -12 -13 -14 -15
leaf_value=-0.075003803143472825 -0.05242540568768303 0.075013411647954914 0.072804698447644076 -0.075080111610508787 0.075601220522700782 0.075035197900761047 -0.075461780203112339 -0.075004159035256188 -0.075090772310422618 0.075013431705507977 -0.075022968889031816 -0.075011189002385709 0.075016418179635391 0.075015516151031469
leaf_weight=0.046521517608198337 0.0078890836630307604 0.011401858311728574 0.014852158950816374 0.0039337835187325263 0.014195747411577031 0.011797449289588258 0.015767169134051073 0.0059002503730880562 0.0017274649144383147 0.013798268846585415 0.0045869259774917728 0.0015060185287438799 0.0050042600778397164 0.011599965626373887
leaf_count=783 25 48 39 11 8 21 15 87 2 58 26 15 19 43
internal_value=0 -0.0385505 0.0229296 -0.0249294 0.0581993 0.0751813 -0.0752703 -0.0750393 -0.0750217 0.075021 -0.0750055 -0.0750056 0.0750143 0.0750144
internal_weight=0 0.0675146 0.102967 0.0436868 0.0592805 0.0513914 0.0288347 0.0130675 0.00913373 0.0371957 0.0511084 0.00740627 0.0164061 0.0253982
internal_count=1200 876 324 169 155 130 130 115 104 122 809 102 67 101
is_linear=0
shrinkage=0.1


Tree=235
num_leaves=15
num_cat=0
split_feature=4 2 1 5 4 7 3 1 2 3 3 1 3 3
split_gain=0.0643784 1.2066e-10 1.85212e-11 2.12994e-11 2.03019e-11 1.90779e-11 1.53005e-11 3.16654e-12 2.90244e-12 1.2138e-12 1.75204e-12 7.04319e-13 6.46681e-13 6.61274e-13
threshold=0.56793908774852764 -0.02343347109854221 0.037099417299032218 0.35904835164546972 0.34059986472129827 0.91211363673210155 -0.026893372647464272 0.047436069697141654 0.024144615978002552 -0.01538082445040345 -0.048458371311426156 0.031173014082014564 -0.038211543112993233 -0.066597066819667802
decision_type=2 2 2 2 2 2 2 2 2 2 2 2 2 2
left_child=2 -2 4 -4 11 7 -3 -5 -8 10 -9 12 13 -1
right_child=1 6 3 5 -6 -7 8 9 -10 -11 -12 -13 -14 -15
leaf_value=-0.075003259275412626 0.075027514566929382 0.075019581048741193 -0.075015234333281278 -0.075008753622157309 -0.075016660370605795 -0.075012971794635577 0.07501379973878318 -0.075003671938120631 0.075016363626882479 -0.075003302324323395 -0.075007315974792821 -0.075005354736806334 -0.075002922585542642 -0.075005658319913723
leaf_weight=0.0030588139343308285 0.0089304232533322647 0.0058813008217839515 0.0029006001568632192 0.0016027496894821533 0.0011525377958605523 0.0032582539461145634 0.035244904938735999 0.0030929285276215523 0.005047710641520097 0.0083601674887177086 0.0023009698415989979 0.0014339130611915598 0.030478897198918276 0.0018401679699309162
leaf_count=53 28 21 27 15 7 31 144 52 19 144 19 19 598 23
internal_value=0 0.0750169 -0.0750049 -0.0750073 -0.0750036 -0.075006 0.0750148 -0.0750045 0.0750141 -0.0750041 -0.0750052 -0.0750032 -0.0750031 -0.0750042
internal_weight=0 0.0551043 0.05948 0.0215157 0.0379643 0.0186151 0.0461739 0.0153568 0.0402926 0.0137541 0.0053939 0.0368118 0.0353779 0.00489898
internal_count=1200 212 988 288 700 261 184 230 163 215 71 693 674 76
is_linear=0
shrinkage=0.1


Tree=236
num_leaves=15
num_cat=0
split_feature=1 4 0 2 3 4 3 1 2 3 3 5 7 1
split_gain=0.0239031 0.0213765 0.0150748 0.017807 0.0128319 0.00148389 2.46526e-09 2.26302e-09 5.86054e-10 3.27593e-10 2.66792e-10 1.44581e-10 9.37425e-11 8.91494e-11
threshold=0.043034084141254432 0.36240006983280187 0.060567913576960571 -0.067992143332958208 0.063414195552468314 0.56793908774852764 -0.066597066819667802 0.036206537857651717 -0.029549477621912953 -0.022820421494543549 -0.040977856144309037 0.35904835164546972 0.91211363673210155 0.015681050717830661
decision_type=2 2 2 2 2 2 2 2 2 2 2 2 2 2
left_child=1 2 3 6 7 -3 -1 8 -5 10 -10 -2 -13 -12
right_child=11 5 -4 4 -6 -7 -8 -9 9 -11 13 12 -14 -15
leaf_value=-0.075006896069745213 -0.075029019196770685 -0.017941735161618219 -0.075008700657571231 0.075040412753624192 -0.07500584295654214 -0.075005421918093076 -0.075109162902642551 0.075088782109021673 0.075044728642008576 0.075008265678250446 0.075008017260792703 -0.075007164851739333 -0.075021851360195208 0.075028643289241373
leaf_weight=0.0064491701341466978 0.0045197057625045991 0.0058685168478405094 0.010623537797073368 0.0078620448330184445 0.0061231256040628059 0.020391273174027447 0.0037150387652218342 0.0043295180948916814 0.0047195281658787289 0.05672822667111177 0.0058307865256210789 0.024134185645380057 0.0053006380403530775 0.0032710742234485224
leaf_count=57 26 4 91 29 62 212 2 4 9 402 41 220 30 11
internal_value=0 0.0187877 0.0381955 0.0503398 0.0646811 -0.0622529 -0.0750443 0.0750184 0.0750145 0.0750116 0.0750254 -0.0750124 -0.0750098 0.0750154
internal_weight=0 0.135912 0.109652 0.0990285 0.0888643 0.0262598 0.0101642 0.0827412 0.0784117 0.0705496 0.0138214 0.0339545 0.0294348 0.00910186
internal_count=1200 924 708 617 558 216 59 496 492 463 61 276 250 52
is_linear=0
shrinkage=0.1


Tree=237
num_leaves=15
num_cat=0
split_feature=0 2 3 1 3 4 7 7 2 3 5 1 2 3
split_gain=0.0221537 0.0201581 0.0223344 0.0149311 0.00767278 1.30481e-05 3.30526e-06 1.49926e-07 1.49296e-07 2.3115e-09 1.01727e-09 9.68328e-10 9.56192e-10 3.42645e-10
threshold=0.096305742859840407 -0.067992143332958208 0.063414195552468314 0.05544888228178025 -0.080127414315938936 0.1939022168517113 0.82149577140808117 0.91211363673210155 -0.052767565473914139 -0.087906856089830385 0.40408973395824438 0.25721283257007604 -0.046276550740003579 -0.054884653538465493
decision_type=2 2 2 2 2 2 2 2 2 2 2 2 2 2
left_child=1 9 4 -2 -3 6 -5 10 -6 -1 11 -8 -10 -14
right_child=3 2 -4 5 8 -7 7 -9 12 -11 -12 -13 13 -15
leaf_value=0.075012128634463604 -0.075005631607565959 0.075202452644606413 0.075012276202444481 0.072683534463844693 -0.075420851157287305 0.069256118487892482 0.075011075528596927 0.075443350733546827 -0.075062312967589265 0.075089295943437273 0.075077696377964659 0.075066083636508185 -0.075044067157053224 -0.075004623361317621
leaf_weight=0.010660837942850776 0.0077755749261996234 0.003579789074137806 0.013051137459115125 0.0059338686987757674 0.010466627718415111 0.0045624185440829015 0.010214168607490137 0.016955453451373614 0.0032377461902797213 0.0061044390895403913 0.0057959590340033165 0.0046601991925854245 0.0023022700916044405 0.050746743123454507
leaf_count=50 102 1 63 29 3 22 52 11 3 9 11 9 3 832
internal_value=0 -0.0250143 -0.0451313 0.053569 -0.0674253 0.0743441 0.074877 0.0752229 -0.075074 0.0750402 0.0750422 0.0750283 -0.0750096 -0.0750063
internal_weight=0 0.10015 0.0833843 0.0558976 0.0703332 0.0481221 0.0435596 0.0376258 0.0667534 0.0167653 0.0206703 0.0148744 0.0562868 0.053049
internal_count=1200 964 905 236 842 134 112 83 841 59 72 61 838 835
is_linear=0
shrinkage=0.1


Tree=238
num_leaves=15
num_cat=0
split_feature=1 0 0 1 1 2 7 2 5 3 1 1 1 1
split_gain=0.013274 0.0240631 0.0148646 0.0184998 0.00959002 2.20448e-07 8.13036e-08 5.98552e-10 6.48218e-10 2.22497e-10 9.76638e-11 3.777e-12 2.00529e-12 1.74621e-12
threshold=0.030005271546542648 0.11959925666451456 0.096305742859840407 0.079572573304176344 0.079572573304176344 -0.025684285908937451 0.91211363673210155 -0.18850528448820111 0.42797778546810156 -0.01538082445040345 0.025245404802262787 0.25366444885730749 0.021651168353855613 0.23105484247207644
decision_type=2 2 2 2 2 2 2 2 2 2 2 2 2 2
left_child=1 10 4 -4 -2 -6 7 -5 11 -7 -1 -9 -3 -11
right_child=2 12 3 6 5 9 -8 8 -10 13 -12 -13 -14 -15
leaf_value=-0.075003285678279685 -0.050332393064266116 0.075011543702776753 0.072456921178113518 -0.075068946765325106 0.07551710896651749 0.075030292941261623 -0.075397226822297575 -0.075003583901602985 -0.075078121363000683 0.075011560409835601 -0.075019769855318691 -0.075009630660648613 0.07501413190398297 0.075013354626787543
leaf_weight=0.040083966530801263 0.0070618111567455335 0.0098139715264551342 0.012878734261903446 0.003386433862033301 0.012233971487148665 0.010155016061617061 0.013584244192315964 0.0050859253715316299 0.0014872179272060748 0.01187660415598657 0.0039481927742599501 0.0012962951768713538 0.0043073735141661027 0.0099845218501286581
leaf_count=783 25 48 39 11 8 21 15 87 2 58 26 15 19 43
internal_value=0 -0.0385763 0.0228527 -0.0248054 0.0578857 0.075156 -0.0752325 -0.0750338 -0.0750187 0.0750181 -0.0750048 -0.0750048 0.0750123 0.0750124
internal_weight=0 0.0581535 0.0890308 0.0377189 0.0513119 0.0442501 0.0248401 0.0112559 0.00786944 0.0320161 0.0440322 0.00638222 0.0141213 0.0218611
internal_count=1200 876 324 169 155 130 130 115 104 122 809 102 67 101
is_linear=0
shrinkage=0.1


Tree=239
num_leaves=15
num_cat=0
split_feature=4 2 1 5 7 4 3 1 2 3 3 3 3 1
split_gain=0.0554666 7.80389e-11 1.20427e-11 1.4427e-11 1.21862e-11 1.1342e-11 9.74602e-12 2.03123e-12 1.84893e-12 7.72833e-13 1.11729e-12 4.3129e-13 5.34122e-13 4.16101e-13
threshold=0.56793908774852764 -0.02343347109854221 0.037099417299032218 0.35904835164546972 0.91211363673210155 0.32994660735130316 -0.026893372647464272 0.047436069697141654 0.024144615978002552 -0.01538082445040345 -0.048458371311426156 -0.038211543112993233 -0.066597066819667802 0.031173014082014564
decision_type=2 2 2 2 2 2 2 2 2 2 2 2 2 2
left_child=2 -2 5 -4 7 11 -3 -5 -8 10 -9 12 -1 -13
right_child=1 6 3 4 -6 -7 8 9 -10 -11 -12 13 -14 -15
leaf_value=-0.075002802774366759 0.075023752959437764 0.075016852652531218 -0.075013310416278081 -0.075007544629360823 -0.075011171472568292 -0.075012584772960217 0.075011879380534163 -0.075003160798642318 0.07501408503074114 -0.075002844409704506 -0.075006297180981729 -0.075002512752793266 -0.07500510163706621 -0.075004520056812296
leaf_weight=0.0026805482266354375 0.0077000825403956688 0.0050622980197658754 0.0025307828873337703 0.0013816921746183661 0.0028062394958396899 0.0012152109047747208 0.030342601021402515 0.0026621031611284707 0.0043447729403851545 0.0072019110702967746 0.0019810440717265001 0.026124448400878464 0.0016223922539211335 0.0010752023736131369
leaf_count=54 28 21 27 15 31 10 144 52 19 144 19 596 23 17
internal_value=0 0.0750145 -0.0750043 -0.0750063 -0.0750052 -0.0750031 0.0750128 -0.0750039 0.0750122 -0.0750035 -0.0750045 -0.0750027 -0.0750037 -0.0750026
internal_weight=0 0.0474498 0.0512816 0.0185638 0.016033 0.0327178 0.0397497 0.0132268 0.0346874 0.0118451 0.00464315 0.0315026 0.00430294 0.0271997
internal_count=1200 212 988 288 261 700 184 230 163 215 71 690 77 613
is_linear=0
shrinkage=0.1


Tree=240
num_leaves=15
num_cat=0
split_feature=1 4 0 2 3 4 3 1 2 3 3 5 7 1
split_gain=0.0205738 0.0182537 0.0130773 0.0153311 0.0110453 0.0014102 1.57168e-09 1.54215e-09 3.5499e-10 2.1037e-10 1.69002e-10 9.22987e-11 5.98308e-11 5.83603e-11
threshold=0.043034084141254432 0.36240006983280187 0.060567913576960571 -0.067992143332958208 0.063414195552468314 0.56793908774852764 -0.066597066819667802 0.036206537857651717 -0.028697077184915539 -0.022820421494543549 -0.040977856144309037 0.35904835164546972 0.91211363673210155 0.015681050717830661
decision_type=2 2 2 2 2 2 2 2 2 2 2 2 2 2
left_child=1 2 3 6 7 -3 -1 8 -5 10 -10 -2 -13 -12
right_child=11 5 -4 4 -6 -7 -8 -9 9 -11 13 12 -14 -15
leaf_value=-0.075005935622184813 -0.075024986244464631 -0.016662419854868746 -0.075007876110293858 0.07503379960643701 -0.075005028784243935 -0.075004667100371653 -0.075093944136602253 0.075077950316026848 0.07503850042539037 0.075007114498497771 0.075006899132781052 -0.075006171594985752 -0.075018814242933163 0.075024859672718686
leaf_weight=0.00555087565589929 0.0038926764027564778 0.0054231444228207684 0.0092182394437259063 0.0070137711445568121 0.0052703039036714463 0.017551174823893234 0.0031983063090592623 0.0038031122239772222 0.0040625474648550161 0.048590562073513865 0.005018695279431995 0.020788829308003187 0.0045652718617930068 0.0028289681940805167
leaf_count=57 26 4 91 31 62 212 2 4 9 400 41 220 30 11
internal_value=0 0.018718 0.0381438 0.0503666 0.0646925 -0.0612328 -0.0750381 0.075016 0.0750125 0.07501 0.0750219 -0.0750106 -0.0750084 0.0750134
internal_weight=0 0.11753 0.0945554 0.0853371 0.076588 0.0229743 0.00874918 0.0713177 0.0675145 0.0605008 0.0119102 0.0292468 0.0253541 0.00784766
internal_count=1200 924 708 617 558 216 59 496 492 461 61 276 250 52
is_linear=0
shrinkage=0.1


Tree=241
num_leaves=15
num_cat=0
split_feature=3 3 2 2 2 3 3 1 3 2 2 1 5 6
split_gain=0.0190639 0.0238232 0.014301 0.00259727 1.72014e-08 2.17105e-10 7.89751e-12 7.07376e-12 6.17147e-12 3.96406e-12 3.71516e-12 2.26008e-12 1.97416e-12 1.502e-12
threshold=-0.080127414315938936 0.063414195552468314 -0.046276550740003579 0.06425290554761888 -0.052767565473914139 -0.054884653538465493 -0.044825410470366471 0.031173014082014564 -0.013538801111280916 0.10430775210261346 0.044631481170654304 0.043034084141254432 0.41054530441761022 0.0079701556824147719
decision_type=2 2 2 2 2 2 2 2 2 2 2 2 2 2
left_child=4 2 -2 5 -1 -4 -7 10 -9 -3 12 -10 13 -8
right_child=1 9 3 -5 -6 6 7 8 11 -11 -12 -13 -14 -15
leaf_value=0.075010381802263826 0.014936033531674149 0.075013014799892475 -0.075037926245629077 0.075066438922090958 0.075178782607221134 -0.075011969902342102 -0.075004809265688407 -0.075009136957310596 -0.075007843672184035 0.075009575714976795 -0.075009198390594473 -0.07500370869314725 -0.075006041744454466 -0.075002677453059954
leaf_weight=0.020322328695328906 0.029443682811688632 0.004102244056412018 0.0019817964057438067 0.0011790221324190489 0.008646290167234838 0.00127141861594282 0.0037198623122094423 0.0042186835526081276 0.0016241721750702709 0.018316909889108501 0.0010294413914380121 0.0071010216706781648 0.0021497016568901009 0.029634829097631155
leaf_count=112 17 20 3 1 3 9 70 33 19 108 9 117 39 640
internal_value=0 -0.0164992 -0.041112 -0.0717234 0.0750606 -0.0750055 -0.0750042 -0.075004 -0.075006 0.0750102 -0.0750033 -0.0750045 -0.0750031 -0.0750029
internal_weight=0 0.105773 0.0833536 0.0539099 0.0289686 0.0527309 0.0507491 0.0494777 0.0129439 0.0224192 0.0365338 0.00872519 0.0355044 0.0333547
internal_count=1200 1085 957 940 115 939 936 927 169 128 758 136 749 710
is_linear=0
shrinkage=0.1


Tree=242
num_leaves=15
num_cat=0
split_feature=1 0 0 1 1 2 7 2 5 3 1 1 5 4
split_gain=0.0114419 0.0207195 0.0127041 0.0159251 0.00826467 1.40493e-07 5.18374e-08 3.81802e-10 4.13321e-10 1.41877e-10 6.17002e-11 2.40563e-12 1.46074e-12 2.27723e-12
threshold=0.030005271546542648 0.11959925666451456 0.096305742859840407 0.079572573304176344 0.079572573304176344 -0.025684285908937451 0.91211363673210155 -0.18850528448820111 0.42797778546810156 -0.01538082445040345 0.025245404802262787 0.25366444885730749 0.41054530441761022 0.14392608404159549
decision_type=2 2 2 2 2 2 2 2 2 2 2 2 2 2
left_child=1 10 4 -4 -2 -6 7 -5 11 -7 12 -9 -1 -14
right_child=2 -3 3 6 5 9 -8 8 -10 -11 -12 -13 13 -15
leaf_value=-0.07500272916156013 -0.0481804582576916 0.075010614404616899 0.072059511747843849 -0.075059328248317084 0.075444799955268482 0.075026073503324894 -0.075341721152938287 -0.075003090779287115 -0.07506722844919779 0.075010655671976942 -0.07501701586469188 -0.075008289802544495 -0.075002294392268173 -0.075008880971694392
leaf_weight=0.032460440375871258 0.006339256975479656 0.012154683980043046 0.011180528948898427 0.002915733253757935 0.01054142824432347 0.0087411382119171321 0.011702164982125396 0.0043845424152095802 0.0012804027282982133 0.018816536088706926 0.0033983815519604823 0.0011166534968651831 0.0010961620027956078 0.001007247334200656
leaf_count=741 25 67 39 11 8 21 15 87 2 101 26 15 27 15
internal_value=0 -0.0386216 0.0227678 -0.0246648 0.0575431 0.0751343 -0.0752 -0.0750291 -0.0750161 0.0750155 -0.0750042 -0.0750041 -0.0750029 -0.0750054
internal_weight=0 0.0501169 0.0770184 0.03258 0.0444384 0.0380991 0.0213995 0.00969733 0.0067816 0.0275577 0.0379622 0.0055012 0.0345638 0.00210341
internal_count=1200 876 324 169 155 130 130 115 104 122 809 102 783 42
is_linear=0
shrinkage=0.1


Tree=243
num_leaves=15
num_cat=0
split_feature=4 2 1 4 5 7 3 1 2 3 3 3 3 1
split_gain=0.0478048 5.06019e-11 7.60546e-12 1.00094e-11 9.94384e-12 7.7757e-12 6.20451e-12 1.30434e-12 1.17212e-12 4.93528e-13 7.13208e-13 2.76652e-13 3.41215e-13 2.43588e-13
threshold=0.56793908774852764 -0.02343347109854221 0.037099417299032218 0.32994660735130316 0.35904835164546972 0.91211363673210155 -0.026893372647464272 0.047436069697141654 0.024144615978002552 -0.01538082445040345 -0.048458371311426156 -0.038211543112993233 -0.066597066819667802 0.030859306454658512
decision_type=2 2 2 2 2 2 2 2 2 2 2 2 2 2
left_child=2 -2 3 11 -4 7 -3 -6 -8 10 -9 12 -1 -13
right_child=1 6 4 -5 5 -7 8 9 -10 -11 -12 13 -14 -15
leaf_value=-0.075002411771464148 0.07502051905617417 0.075014505348826754 -0.075011690569722164 -0.075012071143990125 -0.075006504800041285 -0.075009618363664876 0.075010228874202445 -0.075002722901347296 0.075012121747458596 -0.075002449629021681 -0.075005422917212738 -0.075002159153209041 -0.075004392265571929 -0.075003730904119228
leaf_weight=0.0023071752621035557 0.0066405918478267259 0.0043573184957494951 0.0022104934359958852 0.0011035261559300116 0.0011913977723452271 0.00241705767257372 0.026122673545614816 0.0022942609321034979 0.0037397052365122354 0.006202430849953088 0.0017056598189810765 0.022382133629434975 0.0013964620520710005 0.0010314656337868646
leaf_count=54 28 21 27 10 15 31 144 52 19 144 19 593 23 20
internal_value=0 0.0750125 -0.0750037 -0.0750027 -0.0750055 -0.0750045 0.075011 -0.0750034 0.0750105 -0.075003 -0.0750039 -0.0750024 -0.0750032 -0.0750022
internal_weight=0 0.0408603 0.0442421 0.0282208 0.0160213 0.0138108 0.0342197 0.0113937 0.0298624 0.0102024 0.00399992 0.0271172 0.00370364 0.0234136
internal_count=1200 212 988 700 288 261 184 230 163 215 71 690 77 613
is_linear=0
shrinkage=0.1


Tree=244
num_leaves=15
num_cat=0
split_feature=1 4 0 2 3 4 3 1 2 3 3 2 3 1
split_gain=0.0177511 0.0155427 0.0113133 0.0135297 0.00951014 0.00133452 1.18271e-09 1.04185e-09 3.12818e-10 1.35321e-10 1.06858e-10 6.42891e-11 2.28001e-10 3.83402e-11
threshold=0.043034084141254432 0.36240006983280187 0.060567913576960571 -0.067992143332958208 0.063414195552468314 0.56793908774852764 -0.066597066819667802 0.036206537857651717 -0.028697077184915539 -0.022820421494543549 -0.040977856144309037 -0.039751833304762833 -0.018572321161627766 0.015681050717830661
decision_type=2 2 2 2 2 2 2 2 2 2 2 2 2 2
left_child=1 2 3 6 7 -3 -1 8 -5 10 -10 12 -2 -12
right_child=11 5 -4 4 -6 -7 -8 -9 9 -11 13 -13 -14 -15
leaf_value=-0.075005203942896712 -0.075004838661726053 -0.015465690840712349 -0.075007198131544578 0.075032278506202477 -0.075004327516187519 -0.075004016015983554 -0.075085854714743563 0.075068561410011655 0.075033131978395159 0.075006124601017202 0.075005937602333705 -0.07500626282436576 -0.075043353671562299 0.075021602332146456
leaf_weight=0.00480932931532152 0.0046539911272702739 0.0050143252010457209 0.0080058077801368199 0.0062777649436611674 0.0045362546588876276 0.015106610619113781 0.0029236132977530352 0.0033468398323748252 0.0034969671323779039 0.041831284572253935 0.0043196998667553999 0.018328509475395549 0.0022949296690057954 0.0024478680643369444
leaf_count=57 62 4 91 31 62 212 2 4 9 400 41 210 4 11
internal_value=0 0.0185899 0.037916 0.0501345 0.0647433 -0.0601665 -0.0750357 0.0750143 0.0750112 0.0750086 0.0750189 -0.0750094 -0.0750176 0.0750116
internal_weight=0 0.102116 0.0819954 0.0739896 0.0662567 0.0201209 0.00773294 0.0617204 0.0583736 0.0520958 0.0102645 0.0252774 0.00694892 0.00676757
internal_count=1200 924 708 617 558 216 59 496 492 461 61 276 66 52
is_linear=0
shrinkage=0.1


Tree=245
num_leaves=15
num_cat=0
split_feature=0 2 3 1 3 4 6 2 7 3 2 2 7 3
split_gain=0.0168601 0.015224 0.0164871 0.0110992 0.00632233 1.31771e-05 6.47493e-06 7.84581e-08 7.79374e-08 1.13055e-09 6.26631e-10 5.13246e-10 2.26567e-10 1.37822e-10
threshold=0.096305742859840407 -0.067992143332958208 0.063414195552468314 0.05544888228178025 -0.080127414315938936 0.19900707155466082 0.006919446401298047 -0.052767565473914139 0.91211363673210155 -0.087906856089830385 -0.18850528448820111 -0.046276550740003579 0.82868558168411266 -0.054884653538465493
decision_type=2 2 2 2 2 2 2 2 2 2 2 2 2 2
left_child=1 9 4 -2 -3 6 -5 -6 10 -1 -8 -9 -12 -13
right_child=3 2 -4 5 7 -7 8 11 -10 -11 12 13 -14 -15
leaf_value=0.075009005584084423 -0.075004192017666879 0.075167546476367739 0.075009125329848422 0.069517936396340102 -0.075340852920805182 0.068175515256681918 0.075064216834808961 -0.075050500333136594 0.075350626301085577 0.075070666254151902 0.075034349211745122 -0.075032638253324846 0.07500852216570307 -0.075003579817052746
leaf_weight=0.0079121815942926332 0.0057752453030843745 0.0029654395766556254 0.0096884345402941108 0.0021728721403633236 0.0084936860948801041 0.0033069464407162732 0.0040392506052739875 0.0026248600333929053 0.013062153215287253 0.0047639147232985133 0.0058973360428353815 0.0017059065576177082 0.0080100998311536387 0.037781032247949042
leaf_count=50 102 1 63 15 3 21 9 3 11 9 24 3 54 832
internal_value=0 -0.0249935 -0.0450369 0.0538074 -0.0667475 0.0741951 0.074795 -0.0750636 0.0751648 0.0750322 0.0750295 -0.0750077 0.0750195 -0.0750048
internal_weight=0 0.0759355 0.0632594 0.0422639 0.0535709 0.0364887 0.0331817 0.0506055 0.0310088 0.0126761 0.0179467 0.0421118 0.0139074 0.0394869
internal_count=1200 964 905 236 842 134 113 841 98 59 87 838 78 835
is_linear=0
shrinkage=0.1


Tree=246
num_leaves=15
num_cat=0
split_feature=1 0 3 2 3 3 1 0 3 2 2 3 5 6
split_gain=0.00983789 0.0144133 0.00915919 0.00657974 0.00482619 0.00183409 0.00155943 0.00445734 0.000163774 1.15698e-07 4.35905e-08 4.96819e-10 1.36445e-12 1.07152e-12
threshold=0.0249448586255312 0.14293935894966128 -0.012343392707407473 -0.044158283621072762 0.038426583632826812 -0.023173969238996502 0.043034084141254432 0.060567913576960571 0.11838778108358385 -0.030687787570059296 -0.052767565473914139 -0.018572321161627766 0.41054530441761022 0.0083312070928514021
decision_type=2 2 2 2 2 2 2 2 2 2 2 2 2 2
left_child=1 12 3 10 6 -5 7 -4 -6 -8 11 -2 13 -1
right_child=2 -3 4 5 8 -7 9 -9 -10 -11 -12 -13 -14 -15
leaf_value=-0.075004117865077782 -0.075003269210249274 0.07500852896053492 -0.075033357759080044 -0.0081587130848928147 -0.028179200061236188 0.052841755105017124 0.075447864220924907 0.075019484933027528 -0.07500245909203429 0.075009439769689129 -0.075399492308878491 -0.075063685976689054 -0.075005197915377256 -0.075002165010750327
leaf_weight=0.003169222425640327 0.0034393603091302793 0.0081601321289781481 0.002899716237152461 0.012288052479561884 0.0010886729469348202 0.0082302277805865742 0.008991498383693397 0.0062390850798692554 0.0023802053547115065 0.018208489622338675 0.007026958279311657 0.0022524561500176787 0.0018399982618575441 0.024769009472947801
leaf_count=74 68 54 28 24 14 24 4 30 58 111 1 2 42 666
internal_value=0 -0.0427368 0.0200323 -0.0187208 0.0523888 0.0163096 0.0631467 0.0274081 -0.0603074 0.0751544 -0.0752329 -0.0750272 -0.0750026 -0.0750024
internal_weight=0 0.0379384 0.0730447 0.0332371 0.0398077 0.0205183 0.0363388 0.0091388 0.00346888 0.0272 0.0127188 0.00569182 0.0297782 0.0279382
internal_count=1200 836 364 119 245 48 173 58 72 115 71 70 782 740
is_linear=0
shrinkage=0.1


Tree=247
num_leaves=15
num_cat=0
split_feature=4 2 4 1 5 7 3 1 2 3 3 3 3 0
split_gain=0.0413057 4.36247e-11 6.43607e-12 6.95833e-12 6.69573e-12 6.18536e-12 3.94611e-12 8.26475e-13 7.45022e-13 3.43487e-13 4.85788e-13 1.89319e-13 2.27379e-13 1.28572e-13
threshold=0.56793908774852764 -0.02343347109854221 0.32994660735130316 0.037099417299032218 0.35904835164546972 0.91211363673210155 -0.026893372647464272 0.047436069697141654 0.024144615978002552 -0.01538082445040345 -0.048458371311426156 -0.048458371311426156 -0.10440003871917723 0.19480240345001223
decision_type=2 2 2 2 2 2 2 2 2 2 2 2 2 2
left_child=2 -2 3 11 -5 7 -3 -6 -8 10 -9 12 -1 -13
right_child=1 6 -4 4 5 -7 8 9 -10 -11 -12 13 -14 -15
leaf_value=-0.075002040670430162 0.07501891511398906 0.075012482733304728 -0.075010923422079351 -0.075010324632570485 -0.075005608128351442 -0.075008931345125915 0.075008806831331321 -0.075002350631455078 0.07501043342574204 -0.075002109121465085 -0.075004754901859816 -0.07500184123029538 -0.075003946139650099 -0.075002601604090668
leaf_weight=0.0014856438938295469 0.0058374831132823593 0.0037504944193642578 0.0010780796656035809 0.0019324609238537968 0.0010275854692736184 0.002078681773127756 0.02249013728578575 0.0019393729962757789 0.0032188853510888285 0.0053389740533020787 0.0014830329528194878 0.018260527402162552 0.0010825968711287706 0.0025321500579593694
leaf_count=41 28 21 12 27 15 30 144 51 19 144 19 568 19 62
internal_value=0 0.075011 -0.0750033 -0.0750031 -0.0750049 -0.075004 0.0750095 -0.0750029 0.075009 -0.0750026 -0.0750034 -0.075002 -0.0750028 -0.0750019
internal_weight=0 0.035297 0.0382391 0.037161 0.0138001 0.0118676 0.0294595 0.00978897 0.025709 0.00876138 0.00342241 0.0233609 0.00256824 0.0207927
internal_count=1200 212 988 976 286 259 184 229 163 214 70 690 60 630
is_linear=0
shrinkage=0.1


Tree=248
num_leaves=15
num_cat=0
split_feature=1 4 0 3 3 1 1 2 4 2 3 1 1 3
split_gain=0.0154493 0.013369 0.00920943 0.0116154 0.00846674 0.00163207 6.89906e-10 3.29359e-10 1.0436e-10 4.05554e-11 1.44694e-10 3.92799e-11 9.63524e-12 7.23364e-12
threshold=0.043034084141254432 0.56793908774852764 0.060567913576960571 -0.048458371311426156 0.063414195552468314 0.009995047468692066 0.036206537857651717 -0.028697077184915539 0.29579898715019232 -0.039751833304762833 -0.018572321161627766 0.025245404802262787 0.034748764708638198 -0.013538801111280916
decision_type=2 2 2 2 2 2 2 2 2 2 2 2 2 2
left_child=1 2 3 5 6 -1 7 -5 11 10 -2 -9 -4 -11
right_child=9 -3 12 4 -6 -7 -8 8 -10 13 -12 -13 -14 -15
leaf_value=0.0024549367314462035 -0.075004297107381129 -0.075003456013720035 -0.075004206799644091 0.075031550007252035 -0.075003884240871455 -0.075080938968953237 0.075060126280155459 0.075005017338994784 0.075026003782642806 -0.075009184649876146 -0.075037327826070602 0.075016298196755454 -0.075012922832599929 -0.075004285951356248
leaf_weight=0.0043740700566559099 0.0040324509827769361 0.013002511994272936 0.0052691805103677316 0.0063718982346472322 0.0040494121676601927 0.00715642336581368 0.0029433753079501903 0.037585823112749495 0.0027687636829796239 0.0040323491994058705 0.0019761330186156547 0.0033628018281888208 0.0016703727305866778 0.011940213666093769
leaf_count=27 62 212 79 32 63 37 4 424 13 27 4 21 12 183
internal_value=0 0.0186563 0.0347752 0.0458786 0.0643708 -0.0456679 0.0750131 0.0750103 0.0750072 -0.0750082 -0.0750152 0.0750059 -0.0750063 -0.0750055
internal_weight=0 0.0885546 0.0755521 0.0686126 0.0570821 0.0115305 0.0530327 0.0500893 0.0437174 0.0219811 0.00600858 0.0409486 0.00693955 0.0159726
internal_count=1200 924 712 621 557 64 494 490 458 276 66 445 91 210
is_linear=0
shrinkage=0.1


Tree=249
num_leaves=15
num_cat=0
split_feature=0 3 3 1 2 4 6 7 2 3 2 2 7 0
split_gain=0.0145429 0.013182 0.015662 0.00963679 0.00143125 1.53941e-05 7.79508e-06 5.03956e-08 4.98596e-08 7.20748e-10 3.60445e-10 3.45027e-10 1.66274e-10 5.28816e-12
threshold=0.096305742859840407 -0.048458371311426156 0.063414195552468314 0.05544888228178025 -0.052767565473914139 0.19900707155466082 0.0066709499806165704 0.91211363673210155 -0.052767565473914139 -0.087906856089830385 -0.18850528448820111 -0.046276550740003579 0.82868558168411266 0.043390547856688506
decision_type=2 2 2 2 2 2 2 2 2 2 2 2 2 2
left_child=1 4 8 -2 9 6 -5 10 -3 -1 -8 -10 -12 -13
right_child=3 2 -4 5 -6 -7 7 -9 11 -11 12 13 -14 -15
leaf_value=0.075007751077664095 -0.075003771872453578 -0.075293231732913121 0.075007870162113632 0.068282147458641113 0.0095193066223931318 0.067067599884006068 0.075053517285522259 0.075302001158180351 -0.075043461097148698 0.075060815823839541 0.075031081985908993 -0.075002711293730775 0.075007343864588683 -0.075008185184328752
leaf_weight=0.0068102177538094102 0.0050260202915524124 0.0073154665296897283 0.008349243609700352 0.0017642539387452407 0.0048034775099949903 0.0028900368488393715 0.0036089091518078887 0.011422276664234232 0.0022595078335143617 0.0041009033884620303 0.0051546152026276139 0.030198175378245651 0.0069014631953905337 0.0018744169137789859
leaf_count=50 102 3 63 14 8 21 10 11 3 9 24 808 54 20
internal_value=0 -0.0248859 -0.0499962 0.0536539 0.0550038 0.0740258 0.0747228 0.0751423 -0.0750562 0.0750277 0.0750258 -0.0750057 0.0750175 -0.075003
internal_weight=0 0.0657114 0.0499968 0.0367676 0.0157146 0.0317416 0.0288515 0.0270873 0.0416476 0.0109111 0.015665 0.0343321 0.0120561 0.0320726
internal_count=1200 964 897 236 67 134 113 99 834 59 88 831 78 828
is_linear=0
shrinkage=0.1


Tree=250
num_leaves=15
num_cat=0
split_feature=1 0 0 1 1 2 7 2 5 3 1 5 6 3
split_gain=0.00855688 0.0154342 0.00988476 0.012132 0.00635651 6.80242e-08 2.47973e-08 1.81392e-10 2.04639e-10 7.1476e-11 3.60291e-11 1.26228e-12 9.49523e-13 1.51187e-12
threshold=0.030005271546542648 0.11959925666451456 0.096305742859840407 0.079572573304176344 0.079572573304176344 -0.02500662766396999 0.91211363673210155 -0.18850528448820111 0.42797778546810156 -0.01538082445040345 0.025245404802262787 0.41054530441761022 0.0083312070928514021 -0.01078981952741742
decision_type=2 2 2 2 2 2 2 2 2 2 2 2 2 2
left_child=1 10 4 -4 -2 -6 7 -5 -9 -7 11 12 13 -1
right_child=2 -3 3 6 5 9 -8 8 -10 -11 -12 -13 -14 -15
leaf_value=-0.075006835848152112 -0.046646023102397516 0.075007968534881148 0.071666666764970785 -0.075046997805807966 0.075346423044441224 0.075020573144567851 -0.075269345507542551 -0.075003153017263652 -0.075053353936960637 0.075007911354433368 -0.075014379442634768 -0.075004981328486597 -0.075001865032631843 -0.075002007168707863
leaf_weight=0.0010443122937431326 0.0050270553783775531 0.0090377708402229473 0.0085109722349443473 0.0022766044166928614 0.0086425579938804731 0.0065493591391714281 0.0092129183140059467 0.0041095637552643893 0.0010119721555383876 0.01396381419908721 0.0027171100482519242 0.0016112203484226475 0.021362144971135422 0.0017104720627685302
leaf_count=22 25 67 39 11 9 20 15 102 2 101 26 42 667 52
internal_value=0 -0.0388332 0.0222055 -0.0254172 0.057205 0.0751111 -0.0751599 -0.0750235 -0.0750131 0.075012 -0.0750034 -0.0750023 -0.0750021 -0.0750038
internal_weight=0 0.037483 0.0593048 0.025122 0.0341828 0.0291557 0.0166111 0.00739814 0.00512154 0.0205132 0.0284453 0.0257281 0.0241169 0.00275478
internal_count=1200 876 324 169 155 130 130 115 104 121 809 783 741 74
is_linear=0
shrinkage=0.1


Tree=251
num_leaves=15
num_cat=0
split_feature=4 2 4 1 5 7 3 1 2 3 3 3 3 1
split_gain=0.0356639 2.90557e-11 4.92429e-12 4.65703e-12 4.33099e-12 3.93992e-12 2.5208e-12 5.44916e-13 4.76763e-13 2.49504e-13 3.66739e-13 1.26628e-13 1.5371e-13 8.1192e-14
threshold=0.56793908774852764 -0.02343347109854221 0.32146993279457098 0.037099417299032218 0.35904835164546972 0.91211363673210155 -0.026893372647464272 0.05544888228178025 0.024144615978002552 -0.01538082445040345 -0.048458371311426156 -0.038211543112993233 -0.066597066819667802 0.030005271546542648
decision_type=2 2 2 2 2 2 2 2 2 2 2 2 2 2
left_child=2 -2 3 11 -5 7 -3 -6 -8 10 -9 12 -1 -13
right_child=1 6 -4 4 5 -7 8 9 -10 -11 -12 13 -14 -15
leaf_value=-0.075001797404975645 0.075016442884039136 0.075010745793549619 -0.07500944603087091 -0.075009010593641706 -0.075004674969823049 -0.075007729116629243 0.07500757887739451 -0.075002025131663069 0.075008981406947853 -0.075001812613114199 -0.075004281036638254 -0.075001597783195553 -0.075003333518424226 -0.075002525960632394
leaf_weight=0.0017161895466415444 0.0050481598591431967 0.0032281672902172423 0.0011150372374686404 0.0016453905809612488 0.001090437670427491 0.0018061416649288739 0.01935782605141867 0.0016715874535293551 0.002770587627310305 0.0044937021921214165 0.0012667382907238806 0.016246103887169738 0.0010499305735720546 0.0010004957402998107
leaf_count=54 28 21 16 26 19 30 144 51 19 141 18 581 23 29
internal_value=0 0.0750095 -0.0750029 -0.0750027 -0.0750042 -0.0750035 0.0750081 -0.0750026 0.0750078 -0.0750023 -0.075003 -0.0750018 -0.0750024 -0.0750017
internal_weight=0 0.0304047 0.0331018 0.0319867 0.011974 0.0103286 0.0253566 0.00852247 0.0221284 0.00743203 0.00293833 0.0200127 0.00276612 0.0172466
internal_count=1200 212 988 972 285 259 184 229 163 210 69 687 77 610
is_linear=0
shrinkage=0.1


Tree=252
num_leaves=15
num_cat=0
split_feature=1 4 0 2 3 6 5 5 3 1 2 3 3 2
split_gain=0.0132805 0.0115614 0.00851275 0.0102828 0.0070513 0.00103746 0.00221898 3.1289e-09 4.8408e-10 4.78211e-10 1.18951e-10 8.62887e-11 7.54092e-11 2.58772e-11
threshold=0.043034084141254432 0.36240006983280187 0.060567913576960571 -0.067992143332958208 0.063414195552468314 0.013587053399533035 0.34976005554199224 0.3906837552785874 -0.066597066819667802 0.036206537857651717 -0.028697077184915539 -0.022820421494543549 -0.044825410470366471 -0.039751833304762833
decision_type=2 2 2 2 2 2 2 2 2 2 2 2 2 2
left_child=1 2 3 8 9 6 -3 -7 -1 10 -5 12 -12 -2
right_child=13 5 -4 4 -6 7 -8 -9 -10 -11 11 -13 -14 -15
leaf_value=-0.075004095819103514 -0.075013049008604685 -0.075002962459379013 -0.075005814255774447 0.075023864713670563 -0.075003207632881236 -0.075002978256537012 0.075045516499590154 -0.075129393799843514 -0.075063587985604072 0.075052971924301437 0.075029827470009136 0.075004590788368034 0.075009304648887026 -0.075004755761895525
leaf_weight=0.0037093745195306838 0.0051785056566586709 0.0025257743072870662 0.0060323094076011321 0.0046695424462086512 0.0033606102624617043 0.0086656873936590273 0.0016162436222657561 0.0025293851940659815 0.0021665854146704069 0.0025939762708730987 0.0027031206773244776 0.031055851806740978 0.0053024613298475708 0.013758957087702584
leaf_count=57 66 48 91 31 62 164 2 2 2 4 7 400 54 210
internal_value=0 0.0184763 0.0378208 0.0500704 0.0648646 -0.0592115 -0.016453 -0.0750315 -0.075026 0.0750113 0.0750088 0.075007 0.0750162 -0.075007
internal_weight=0 0.0769309 0.0615938 0.0555615 0.0496856 0.0153371 0.00414202 0.0111951 0.00587596 0.046325 0.043731 0.0390614 0.00800558 0.0189375
internal_count=1200 924 708 617 558 216 50 166 59 496 492 461 61 276
is_linear=0
shrinkage=0.1


Tree=253
num_leaves=15
num_cat=0
split_feature=3 3 2 2 2 3 3 0 2 4 5 5 1 1
split_gain=0.0126563 0.0151896 0.00941852 0.00107657 6.09342e-09 8.79719e-11 3.04561e-12 3.28411e-12 1.12531e-12 1.037e-12 2.8482e-12 1.01344e-12 1.04695e-12 1.17601e-12
threshold=-0.080127414315938936 0.063414195552468314 -0.046276550740003579 0.050323812291026122 -0.052767565473914139 -0.054884653538465493 -0.017556927166879174 0.035699168220162399 0.10430775210261346 0.22731652110815051 0.30155727267265325 0.41054530441761022 0.031173014082014564 0.043034084141254432
decision_type=2 2 2 2 2 2 2 2 2 2 2 2 2 2
left_child=4 2 -2 5 -1 -4 7 9 -3 -7 -11 12 -8 -14
right_child=1 8 3 -5 -6 6 11 -9 -10 10 -12 -13 13 -15
leaf_value=0.075006732638479442 0.013942166877526911 0.075008423468527652 -0.075028011517902671 0.022375553027352404 0.075127504668456233 -0.07500216680307431 -0.075001734383596627 -0.075007924263915809 0.075006141908970148 -0.075002011422886747 -0.07500896965730397 -0.075004621048102404 -0.075006066546561181 -0.075002544130242724
leaf_weight=0.013131766165315639 0.0202421817521099 0.0026501393585931518 0.001451164484024047 0.0011746784366550847 0.0061267140554264179 0.0033143747805297608 0.017252507819648599 0.0021176151058170944 0.011730908183380961 0.0014230983542802278 0.0010027840944530908 0.0017423402696294934 0.0012123629367124513 0.0043439196761028143
leaf_count=112 17 20 3 5 3 102 580 22 108 42 15 42 20 109
internal_value=0 -0.0165447 -0.0403629 -0.0717389 0.0750452 -0.0750039 -0.0750028 -0.0750046 0.0750066 -0.0750033 -0.0750049 -0.0750023 -0.0750021 -0.0750033
internal_weight=0 0.0696581 0.055277 0.0350348 0.0192585 0.0338602 0.032409 0.00785787 0.014381 0.00574026 0.00242588 0.0245511 0.0228088 0.00555628
internal_count=1200 1085 957 940 115 935 932 181 128 159 57 751 709 129
is_linear=0
shrinkage=0.1


Tree=254
num_leaves=15
num_cat=0
split_feature=1 0 0 1 1 2 7 2 5 3 1 5 6 3
split_gain=0.00737005 0.0132878 0.00843653 0.0104466 0.00548671 4.33602e-08 1.58149e-08 1.15781e-10 1.05899e-10 4.55812e-11 2.29272e-11 8.00566e-13 6.1263e-13 7.95508e-13
threshold=0.030005271546542648 0.11959925666451456 0.096305742859840407 0.079572573304176344 0.079572573304176344 -0.02500662766396999 0.91211363673210155 -0.18850528448820111 0.41418269276618963 -0.01538082445040345 0.025245404802262787 0.41054530441761022 0.0083312070928514021 -0.0074925860390067092
decision_type=2 2 2 2 2 2 2 2 2 2 2 2 2 2
left_child=1 10 4 -4 -2 -6 7 -5 -9 -7 11 12 13 -1
right_child=2 -3 3 6 5 9 -8 8 -10 -11 -12 -13 -14 -15
leaf_value=-0.075005448061428212 -0.044434338263294119 0.075006859387018746 0.071163156109523604 -0.075040445675918513 0.075298047186066808 0.075017706926562344 -0.075231733391421723 -0.075002763222030644 -0.075039535600163951 0.075006808305012052 -0.075012373342600663 -0.075004289323193085 -0.075001612718979774 -0.075001747102588098
leaf_weight=0.0010093808159581386 0.0045339029147726242 0.0077790225768694645 0.0074070088012376792 0.0019599277638917556 0.0074441353499423704 0.005637359892716627 0.007934768102131784 0.0033973792851611515 0.0010177766380365938 0.012018979054118976 0.00233870677948289 0.0013868165860912987 0.018407618832497974 0.0013678059149242463
leaf_count=26 25 67 39 11 9 20 15 97 7 101 26 42 667 48
internal_value=0 -0.0388632 0.02211 -0.0252385 0.0568082 0.0750956 -0.0751375 -0.0750202 -0.0750112 0.0750103 -0.075003 -0.075002 -0.0750018 -0.0750033
internal_weight=0 0.0322894 0.0513512 0.0217169 0.0296344 0.0251005 0.0143099 0.00637508 0.00441516 0.0176563 0.0245103 0.0221716 0.0207848 0.00237719
internal_count=1200 876 324 169 155 130 130 115 104 121 809 783 741 74
is_linear=0
shrinkage=0.1


Tree=255
num_leaves=15
num_cat=0
split_feature=4 2 4 1 5 4 7 1 5 3 3 3 3 0
split_gain=0.030763 1.85662e-11 2.6858e-12 3.08471e-12 3.1048e-12 2.52093e-12 2.50779e-12 3.25363e-13 3.25105e-13 1.5048e-13 2.23354e-13 9.78228e-14 1.12368e-13 4.48079e-14
threshold=0.56793908774852764 -0.02343347109854221 0.30584140121936804 0.037099417299032218 0.35904835164546972 2.2954574823379521 0.91211363673210155 0.079572573304176344 0.29090544581413275 -0.01538082445040345 -0.048458371311426156 -0.038211543112993233 -0.080127414315938936 0.19480240345001223
decision_type=2 2 2 2 2 2 2 2 2 2 2 2 2 2
left_child=2 -2 3 11 -5 8 7 -6 -3 10 -9 12 -1 -13
right_child=1 5 -4 4 6 -7 -8 9 -10 -11 -12 13 -14 -15
leaf_value=-0.075001518993520103 0.075014218204597111 0.075006521167376675 -0.075007431438470912 -0.075008011141124931 -0.075003818998282165 0.075010196517740879 -0.075006653359918019 -0.075001749457752676 0.075007627905835678 -0.075001556715835915 -0.075003687989396994 -0.07500135793132795 -0.075002900942103434 -0.075001891546288557
leaf_weight=0.001374216981275822 0.0043556480450206428 0.016400051667005755 0.001076845002899062 0.0014418092232517674 0.0010983957254211418 0.0023053217664710237 0.0015559747134830104 0.0014140007442620117 0.0031666974173276677 0.0037777794477733542 0.0010253546279273005 0.012968690645720926 0.0010289157817169317 0.0017909610833157794
leaf_count=51 28 142 20 26 23 17 30 50 25 138 17 547 26 60
internal_value=0 0.0750083 -0.0750025 -0.0750023 -0.0750037 0.0750071 -0.075003 -0.0750022 0.0750067 -0.075002 -0.0750026 -0.0750015 -0.0750021 -0.0750014
internal_weight=0 0.0262277 0.0285529 0.0274761 0.0103133 0.0218721 0.00887151 0.00731553 0.0195667 0.00621713 0.00243936 0.0171628 0.00240313 0.0147597
internal_count=1200 212 988 968 284 184 258 228 167 205 67 684 77 607
is_linear=0
shrinkage=0.1


Tree=256
num_leaves=15
num_cat=0
split_feature=1 4 0 2 3 6 5 4 3 1 2 3 3 2
split_gain=0.0114803 0.00991778 0.00737732 0.00908388 0.00607162 0.000892918 0.00190986 1.99457e-09 3.65206e-10 3.26624e-10 1.09749e-10 5.55987e-11 4.43355e-11 1.86382e-11
threshold=0.043034084141254432 0.36240006983280187 0.060567913576960571 -0.067992143332958208 0.063414195552468314 0.013587053399533035 0.34976005554199224 0.56793908774852764 -0.066597066819667802 0.036206537857651717 -0.029549477621912953 -0.022820421494543549 -0.04310051538050174 -0.039751833304762833
decision_type=2 2 2 2 2 2 2 2 2 2 2 2 2 2
left_child=1 2 3 8 9 6 -3 -7 -1 10 -5 12 -12 -2
right_child=13 5 -4 4 -6 7 -8 -9 -10 -11 11 -13 -14 -15
leaf_value=-0.075003604677762625 -0.075011680311976248 -0.075002551139562626 -0.075005415767345859 0.075023428936584591 -0.075002761408755392 -0.075111346701225851 0.075039174621401694 -0.075002563802323285 -0.07505817364480892 0.075046763305175471 0.07502497447389786 0.075003954346841303 0.075008153811882416 -0.07500413766544814
leaf_weight=0.0032162153183890041 0.004526063581579364 0.0021739691146649429 0.0052489133413473601 0.0040506377117708317 0.0028925291226187247 0.0021775802379124798 0.0013912768336012959 0.0074586798691598233 0.0019823834882117799 0.002290496588102541 0.0024053263914538547 0.026883078069658953 0.0044959343431401023 0.011862523893796606
leaf_count=57 66 48 91 29 62 2 2 164 2 4 8 402 53 210
internal_value=0 0.0184126 0.0375784 0.0498344 0.0649232 -0.0592079 -0.0164513 -0.0750271 -0.0750244 0.0750101 0.0750079 0.075006 0.075014 -0.0750062
internal_weight=0 0.066667 0.0534655 0.0482166 0.043018 0.0132015 0.00356525 0.00963626 0.0051986 0.0401255 0.037835 0.0337843 0.00690126 0.0163886
internal_count=1200 924 708 617 558 216 50 166 59 496 492 463 61 276
is_linear=0
shrinkage=0.1


Tree=257
num_leaves=15
num_cat=0
split_feature=0 2 3 1 3 4 6 2 7 3 2 2 7 3
split_gain=0.0111492 0.0100759 0.0104777 0.00716935 0.00453504 1.4819e-05 7.61212e-06 2.61728e-08 2.40529e-08 3.50592e-10 1.84368e-10 1.71342e-10 7.17855e-11 5.56734e-11
threshold=0.096305742859840407 -0.067992143332958208 0.063414195552468314 0.05544888228178025 -0.080127414315938936 0.19900707155466082 0.0066709499806165704 -0.052767565473914139 0.91211363673210155 -0.087906856089830385 -0.18850528448820111 -0.046276550740003579 0.82868558168411266 -0.054884653538465493
decision_type=2 2 2 2 2 2 2 2 2 2 2 2 2 2
left_child=1 9 4 -2 -3 6 -5 -6 10 -1 -8 -9 -12 -13
right_child=3 2 -4 5 7 -7 8 11 -10 -11 12 13 -14 -15
leaf_value=0.075005882834508375 -0.075002811945886261 0.075120764274237958 0.075005832086364327 0.067294179378648109 -0.075237314323403359 0.066031182284222639 0.075042602761643665 -0.075035194228473101 0.075238481253926237 0.075047873468238782 0.075023479548989191 -0.075024111614452604 0.075005438748387721 -0.075002465953067338
leaf_weight=0.0051487845921656117 0.0037360186506703022 0.002139957156032323 0.0061870922800153485 0.0013249474577605716 0.0059285235183779142 0.0021991625253576777 0.0028009425441268805 0.0018298519717063711 0.0088266507736989297 0.0032393523724749684 0.00387885249074316 0.001249111664947118 0.0051128709310432896 0.024385082890148631
leaf_count=50 102 1 63 14 3 21 10 3 11 9 24 3 54 832
internal_value=0 -0.0249839 -0.045091 0.0539091 -0.0660029 0.0738572 0.0746415 -0.0750468 0.0751136 0.0750221 0.0750202 -0.0750056 0.0750132 -0.0750035
internal_weight=0 0.0501078 0.0417196 0.0278794 0.0355325 0.0241434 0.0219443 0.0333926 0.0206193 0.00838814 0.0117927 0.027464 0.00899172 0.0256342
internal_count=1200 964 905 236 842 134 113 841 99 59 88 838 78 835
is_linear=0
shrinkage=0.1


Tree=258
num_leaves=15
num_cat=0
split_feature=1 0 0 1 1 2 7 2 5 3 1 5 7 6
split_gain=0.00630953 0.0114387 0.00758758 0.00906189 0.00439499 3.68852e-08 1.1753e-08 9.2113e-11 5.42395e-11 2.77096e-11 1.46091e-11 5.07538e-13 4.11981e-13 3.88026e-13
threshold=0.030005271546542648 0.11959925666451456 0.096305742859840407 0.079572573304176344 0.094707235693931593 -0.025941736996173855 0.91211363673210155 -0.18850528448820111 0.40857975184917456 -0.01538082445040345 0.025245404802262787 0.41054530441761022 0.82943215966224682 0.0083312070928514021
decision_type=2 2 2 2 2 2 2 2 2 2 2 2 2 2
left_child=1 10 4 -4 -2 -6 7 -5 12 -7 11 13 -9 -1
right_child=2 -3 3 6 5 9 -8 8 -10 -11 -12 -13 -14 -15
leaf_value=-0.075002856474143662 -0.034693830831529875 0.075005902563784727 0.070589842631401542 -0.075037264850823737 0.075293261879611106 0.075015057948105326 -0.075212212116900115 -0.075004035372164241 -0.075029409998911056 0.075005869502603545 -0.075010650325482334 -0.075003690099715692 -0.075001531549752878 -0.075001393213062886
leaf_weight=0.002046087058261036 0.0043809010421682606 0.0066955652218894093 0.0064251924413838415 0.0017795879357436198 0.0064994079511961891 0.0047820813924772639 0.007119826239431859 0.0010606186660879766 0.0010224718535027932 0.010463267419254411 0.0020130003813392241 0.0011936610335396827 0.0017275383688684087 0.015857516780670267
leaf_count=74 26 67 39 11 7 20 15 27 12 102 26 42 65 667
internal_value=0 -0.0388809 0.0216432 -0.0261985 0.056684 0.0750938 -0.075127 -0.0750185 -0.0750097 0.0750088 -0.0750025 -0.0750017 -0.0750025 -0.0750016
internal_weight=0 0.0278058 0.0452609 0.0191352 0.0261257 0.0217448 0.01271 0.00559022 0.00381063 0.0152453 0.0211103 0.0190973 0.00278816 0.0179036
internal_count=1200 876 324 169 155 129 130 115 104 122 809 783 92 741
is_linear=0
shrinkage=0.1


Tree=259
num_leaves=15
num_cat=0
split_feature=4 2 1 5 4 7 4 5 1 3 3 3 3 0
split_gain=0.0265919 1.58175e-11 1.64233e-12 2.23727e-12 1.94882e-12 1.91175e-12 1.58386e-12 2.74645e-13 1.82963e-13 1.01476e-13 1.20172e-13 6.65926e-14 5.64277e-14 2.90887e-14
threshold=0.56793908774852764 -0.02343347109854221 0.037099417299032218 0.35904835164546972 0.28008989989757543 0.91211363673210155 2.2954574823379521 0.29090544581413275 0.094707235693931593 -0.01538082445040345 -0.10440003871917723 -0.038211543112993233 -0.094736505299806581 0.19480240345001223
decision_type=2 2 2 2 2 2 2 2 2 2 2 2 2 2
left_child=2 -2 4 -4 11 8 7 -3 -5 10 -10 12 -1 -13
right_child=1 6 3 5 -6 -7 -8 -9 9 -11 -12 13 -14 -15
leaf_value=-0.075001305343214114 0.07501315453129416 0.075005616633842365 -0.075007156039284831 -0.075003161442722052 -0.07500575735853357 -0.075006028737964497 0.075008780202944589 0.075006709811509753 -0.075001515920516945 -0.075001341539734992 -0.07500301779968914 -0.075001168867186122 -0.075002347011630138 -0.075001635635812872
leaf_weight=0.0010193764628638746 0.0038344916101777917 0.014123914523224812 0.0012943578840349801 0.0010154218125535408 0.0010583492530713565 0.0013867794586985838 0.0019859258900396517 0.0027448534892755552 0.0011186890915269032 0.0032078144377010176 0.0010171766880375799 0.010961531729662966 0.0010616272957122428 0.0015203786770143788
leaf_count=44 28 142 27 26 26 31 17 25 46 136 22 538 33 59
internal_value=0 0.0750073 -0.0750022 -0.0750033 -0.0750016 -0.0750027 0.0750061 0.0750058 -0.0750019 -0.0750017 -0.0750022 -0.0750013 -0.0750018 -0.0750012
internal_weight=0 0.0226892 0.0246615 0.00904024 0.0156213 0.00774588 0.0188547 0.0168688 0.0063591 0.00534368 0.00213587 0.0145629 0.002081 0.0124819
internal_count=1200 212 988 288 700 261 184 167 230 204 68 674 77 597
is_linear=0
shrinkage=0.1


Tree=260
num_leaves=15
num_cat=0
split_feature=1 4 0 2 3 6 5 4 3 1 2 3 3 2
split_gain=0.00990354 0.00853183 0.00642115 0.00782313 0.00522672 0.000768517 0.00164381 1.2714e-09 2.32888e-10 2.32839e-10 6.66518e-11 3.59163e-11 2.79137e-11 1.18394e-11
threshold=0.043034084141254432 0.36240006983280187 0.060567913576960571 -0.067992143332958208 0.063414195552468314 0.013587053399533035 0.34976005554199224 0.56793908774852764 -0.066597066819667802 0.036206537857651717 -0.028697077184915539 -0.022820421494543549 -0.04310051538050174 -0.039751833304762833
decision_type=2 2 2 2 2 2 2 2 2 2 2 2 2 2
left_child=1 2 3 8 9 6 -3 -7 -1 10 -5 12 -12 -2
right_child=13 5 -4 4 -6 7 -8 -9 -10 -11 11 -13 -14 -15
leaf_value=-0.075003102707551852 -0.07501005295973627 -0.075002195379890502 -0.075005068772201047 0.075019616756186638 -0.075002376242388286 -0.075095815390427118 0.075033716146243545 -0.075002206773761515 -0.075050071070057123 0.075041621254262628 0.075021497089154066 0.075003406094094727 0.07500711914644842 -0.075003578816225949
leaf_weight=0.0027682257823471446 0.0039014068170217806 0.0018711634656938267 0.0045688686623179811 0.0036034324693900955 0.0024896408467611755 0.00187462501344271 0.0011976058594882488 0.0064197867686743848 0.0017064640414901069 0.0020393569429870686 0.0020704002308775671 0.023030274303891936 0.0038821555608592418 0.01023446279214113
leaf_count=57 66 48 91 31 62 2 2 164 2 4 8 400 53 210
internal_value=0 0.0184166 0.0375251 0.0498871 0.0649463 -0.0592048 -0.0164498 -0.0750234 -0.075021 0.0750088 0.0750068 0.0750052 0.0750121 -0.0750054
internal_weight=0 0.057522 0.0461588 0.04159 0.0371153 0.0113632 0.00306877 0.00829441 0.00447469 0.0346256 0.0325863 0.0289828 0.00595256 0.0141359
internal_count=1200 924 708 617 558 216 50 166 59 496 492 461 61 276
is_linear=0
shrinkage=0.1


Tree=261
num_leaves=15
num_cat=0
split_feature=0 2 3 1 3 1 5 2 7 3 2 2 7 3
split_gain=0.00959105 0.0086832 0.00902156 0.00616819 0.00390321 2.02017e-05 3.15861e-05 1.66839e-08 1.47395e-08 2.23554e-10 1.18349e-10 1.09023e-10 4.9071e-11 3.53816e-11
threshold=0.096305742859840407 -0.067992143332958208 0.063414195552468314 0.05544888228178025 -0.080127414315938936 0.17992245405912402 0.38490906357765203 -0.052767565473914139 0.91211363673210155 -0.087906856089830385 -0.1783771216869354 -0.046276550740003579 0.82943215966224682 -0.054884653538465493
decision_type=2 2 2 2 2 2 2 2 2 2 2 2 2 2
left_child=1 9 4 -2 -3 6 -5 -6 10 -1 -7 -9 -12 -13
right_child=3 2 -4 5 7 8 -8 11 -10 -11 12 13 -14 -15
leaf_value=0.075005074239652067 -0.075002428964568837 0.075103914074656081 0.075005021089669097 0.075005238530711366 -0.075204190168764548 0.07503782985717683 0.056373875951668775 -0.075030287365829618 0.075204785802610197 0.075041204819706706 0.075021408271332052 -0.075020750219261759 0.075004738152229911 -0.075002151634554273
leaf_weight=0.0044383539352566004 0.0032223316593444898 0.0018422834109514943 0.005326344915374647 0.002107737476762849 0.0051051424525212453 0.0023263389957719456 0.0016011645930120721 0.0015750971506349699 0.0076176172588020554 0.0027883964794455087 0.003092429717071357 0.0010751823137979911 0.0041162814450217411 0.021020176915953936
leaf_count=50 102 1 63 24 3 9 19 3 11 9 21 3 50 832
internal_value=0 -0.025001 -0.0451105 0.0537644 -0.066006 0.073654 0.0669619 -0.0750402 0.0751011 0.075019 0.0750182 -0.0750049 0.0750119 -0.0750031
internal_weight=0 0.043171 0.0359442 0.0240839 0.0306179 0.0208616 0.0037089 0.0287756 0.0171527 0.00722675 0.00953505 0.0236705 0.00720871 0.0220954
internal_count=1200 964 905 236 842 134 43 841 91 59 80 838 71 835
is_linear=0
shrinkage=0.1


Tree=262
num_leaves=15
num_cat=0
split_feature=1 0 0 1 1 2 7 2 5 3 1 5 6 1
split_gain=0.00542307 0.00984533 0.00645554 0.00780166 0.00382386 2.35105e-08 7.49723e-09 5.87953e-11 2.83127e-11 1.76691e-11 9.3193e-12 3.24813e-13 2.49117e-13 2.11002e-13
threshold=0.030005271546542648 0.11959925666451456 0.096305742859840407 0.079572573304176344 0.094707235693931593 -0.025941736996173855 0.91211363673210155 -0.18850528448820111 0.40408973395824438 -0.01538082445040345 0.025245404802262787 0.41054530441761022 0.0083312070928514021 0.022166632115840915
decision_type=2 2 2 2 2 2 2 2 2 2 2 2 2 2
left_child=1 10 4 -4 -2 -6 7 -5 -9 -7 11 12 -1 -3
right_child=2 13 3 6 5 9 -8 8 -10 -11 -12 -13 -14 -15
leaf_value=-0.07500246039955677 -0.032613737685503991 0.075004690758644452 0.069942653472085461 -0.075032069469780055 0.075252314348124183 0.07501296002592836 -0.075182591829673101 -0.075002180348212419 -0.075022319187822137 0.07500505143988874 -0.075009166639629588 -0.075003177458523404 -0.07500119665088896 0.075006019635990323
leaf_weight=0.0017611020011827358 0.0040017776773311189 0.004071899580594617 0.0056067610275931648 0.0015320276052079853 0.0055975245923036683 0.0041161289846058926 0.0061314540689636488 0.002279484588143533 0.0010062568089779234 0.0090059321519220283 0.0017326470788248107 0.0010274060805386389 0.013648756608745316 0.001691097641014494
leaf_count=74 26 49 39 11 7 20 15 87 17 102 26 42 667 18
internal_value=0 -0.0388807 0.0215068 -0.0259867 0.0561131 0.0750807 -0.0751092 -0.0750159 -0.0750083 0.0750075 -0.0750022 -0.0750015 -0.0750013 0.0750051
internal_weight=0 0.0239329 0.0392773 0.016556 0.0227214 0.0187196 0.0109492 0.00481777 0.00328574 0.0131221 0.0181699 0.0164373 0.0154099 0.005763
internal_count=1200 876 324 169 155 129 130 115 104 122 809 783 741 67
is_linear=0
shrinkage=0.1


Tree=263
num_leaves=15
num_cat=0
split_feature=4 2 1 5 7 4 4 5 3 3 3 0 7 3
split_gain=0.0229179 1.0361e-11 1.13018e-12 1.65862e-12 1.22977e-12 1.09372e-12 1.013e-12 1.76675e-13 1.0024e-13 1.83605e-13 4.28121e-14 1.92216e-14 1.60165e-14 6.71772e-15
threshold=0.56793908774852764 -0.02343347109854221 0.037099417299032218 0.35904835164546972 0.91211363673210155 0.27219085395336157 2.2954574823379521 0.29090544581413275 -0.012090325355529783 -0.048458371311426156 -0.038211543112993233 0.19480240345001223 0.86279344558715831 0.063414195552468314
decision_type=2 2 2 2 2 2 2 2 2 2 2 2 2 2
left_child=2 -2 5 -4 8 10 7 -3 9 -5 -1 13 -10 -12
right_child=1 6 3 4 -6 -7 -8 -9 12 -11 11 -13 -14 -15
leaf_value=-0.075001585037017579 0.075011396599863153 0.075004834638886436 -0.075006433060311156 -0.075001285012771313 -0.075005197228253884 -0.075004532645361471 0.075007560809562751 0.075005779400935002 -0.075001144699259448 -0.075003083249911701 -0.075000971226666296 -0.075001412358141228 -0.075001616921267431 -0.075001226606834837
leaf_weight=0.001768079479006702 0.0033123304820037438 0.012158077632193454 0.0011356842678651446 0.001150375444922247 0.0012011995004286291 0.0010219322430202746 0.0017113029025495044 0.0023643018503207722 0.00212341361293511 0.0011211718028789619 0.0081686759340300341 0.0013105122125125499 0.0010853718958969694 0.001178458564027097
leaf_count=76 28 142 27 55 31 32 17 25 105 23 476 59 47 57
internal_value=0 0.0750063 -0.0750019 -0.0750029 -0.0750023 -0.0750014 0.0750053 0.075005 -0.0750017 -0.0750022 -0.0750011 -0.0750011 -0.0750013 -0.075001
internal_weight=0 0.019546 0.0212649 0.00781722 0.00668153 0.0134477 0.0162337 0.0145224 0.00548033 0.00227155 0.0124257 0.0106576 0.00320879 0.00934713
internal_count=1200 212 988 288 261 700 184 167 230 78 668 592 152 533
is_linear=0
shrinkage=0.1


Tree=264
num_leaves=15
num_cat=0
split_feature=1 4 0 2 3 6 5 4 1 3 2 3 3 2
split_gain=0.00854527 0.0073392 0.00559441 0.00673774 0.00449947 0.000661451 0.00141483 8.10586e-10 1.67005e-10 1.4846e-10 4.44184e-11 2.33117e-11 1.75373e-11 7.5062e-12
threshold=0.043034084141254432 0.36240006983280187 0.060567913576960571 -0.067992143332958208 0.063414195552468314 0.013587053399533035 0.34976005554199224 0.56793908774852764 0.036206537857651717 -0.066597066819667802 -0.029549477621912953 -0.022820421494543549 -0.04310051538050174 -0.039751833304762833
decision_type=2 2 2 2 2 2 2 2 2 2 2 2 2 2
left_child=1 2 3 9 8 6 -3 -7 10 -1 -5 12 -12 -2
right_child=13 5 -4 4 -6 7 -8 -9 -10 -11 11 -13 -14 -15
leaf_value=-0.075002670516414405 -0.075008650820019604 -0.075001889258793586 -0.075004786671147794 0.075017349455768864 -0.075002043879767388 -0.075082458622059589 0.075029019698201416 -0.075001898804867337 0.075037120122639425 -0.075043090380161506 0.075018502979233875 0.075002930922720729 0.075006226595914452 -0.07500309954015659
leaf_weight=0.0023826366686989786 0.0033632922186370715 0.0016105334325402509 0.003980865967605495 0.00300272148524527 0.0021428670515888362 0.0016137745406012982 0.0010308800265192986 0.0055255924053199124 0.0018193264113506294 0.0014689233503304413 0.0017820964785641991 0.019929382029658889 0.0033531522494740741 0.0088321809416811448
leaf_count=57 66 48 91 29 62 2 2 164 4 2 8 402 53 210
internal_value=0 0.0184206 0.0374666 0.0499449 0.0649717 -0.0592021 -0.0164484 -0.0750201 0.0750078 -0.0750181 0.0750059 0.0750045 0.0750105 -0.0750046
internal_weight=0 0.0496428 0.039862 0.0358811 0.0320295 0.00978078 0.00264141 0.00713937 0.0298867 0.00385156 0.0280674 0.0250646 0.00513525 0.0121955
internal_count=1200 924 708 617 558 216 50 166 496 59 492 463 61 276
is_linear=0
shrinkage=0.1


Tree=265
num_leaves=15
num_cat=0
split_feature=0 2 3 1 3 1 0 2 7 3 2 2 4 3
split_gain=0.00825111 0.00748401 0.00776822 0.0053077 0.00335949 2.39876e-05 3.36969e-05 1.06353e-08 9.53992e-09 1.42545e-10 7.75021e-11 6.93518e-11 2.95718e-11 2.02405e-11
threshold=0.096305742859840407 -0.067992143332958208 0.063414195552468314 0.05544888228178025 -0.080127414315938936 0.17654904723167422 0.21037911623716357 -0.052767565473914139 0.91211363673210155 -0.087906856089830385 -0.18323689699172971 -0.046276550740003579 0.074106123298406615 -0.048458371311426156
decision_type=2 2 2 2 2 2 2 2 2 2 2 2 2 2
left_child=1 9 4 -2 -3 6 -5 -6 10 -1 -7 -9 -12 -13
right_child=3 2 -4 5 7 8 -8 11 -10 -11 12 13 -14 -15
leaf_value=0.075004376666517561 -0.075002099968179706 0.07508942542302921 0.075004322768884107 0.075004813498836517 -0.075175697808412476 0.075032559177160965 0.053907461517576853 -0.075026066469076266 0.075176229433668626 0.075035463803274693 0.075017816381630742 -0.075014589670492821 0.075004112912688492 -0.075001767903414548
leaf_weight=0.0038264860704657622 0.0027801291926152763 0.0015859681880101553 0.004585419643262866 0.0016555509355384848 0.0043958264868706421 0.002002458495553582 0.0013949777421657927 0.001355794724076982 0.0065592258542892532 0.0024001878846320315 0.0027699278653017254 0.0013230984368419697 0.00364973176328931 0.017724463310514704
leaf_count=50 102 1 63 21 3 9 19 3 11 9 23 7 51 828
internal_value=0 -0.0250201 -0.0451326 0.0536106 -0.0660109 0.07344 0.0653572 -0.0750346 0.0750858 0.0750164 0.0750154 -0.0750042 0.07501 -0.0750027
internal_weight=0 0.0371972 0.0309706 0.020812 0.0263852 0.0180319 0.00305053 0.0247992 0.0149813 0.00622667 0.00842212 0.0204034 0.00641966 0.0190476
internal_count=1200 964 905 236 842 134 40 841 94 59 83 838 74 835
is_linear=0
shrinkage=0.1


Tree=266
num_leaves=15
num_cat=0
split_feature=1 0 0 1 1 5 7 2 5 1 3 1 7 6
split_gain=0.00467331 0.00941675 0.00668252 0.00602695 0.00146803 1.29159e-08 4.78361e-09 3.75169e-11 1.45554e-11 1.06026e-11 1.03712e-11 8.88986e-13 2.16805e-13 1.87555e-13
threshold=0.033131964504718787 0.11959925666451456 0.096305742859840407 0.079572573304176344 0.16940808296203616 0.35807041823863989 0.91211363673210155 -0.18850528448820111 0.3984187543392182 0.025245404802262787 -0.012090325355529783 0.0249448586255312 0.85857155919075023 0.013587053399533035
decision_type=2 2 2 2 2 2 2 2 2 2 2 2 2 2
left_child=1 9 4 -4 -2 -6 7 -5 -9 13 -7 -3 -11 -1
right_child=2 11 3 6 5 10 -8 8 -10 12 -12 -13 -14 -15
leaf_value=-0.075001867480222806 0.005521076103404611 0.075004028850863921 0.068354047214449307 -0.075027590234322969 0.075200909518193915 0.075011348442705142 -0.075157112110442237 -0.075001877273381354 -0.075016870043113512 -0.075007616404701133 0.075004438168627605 0.075006743021109032 -0.075009553946503493 -0.075001037084902078
leaf_weight=0.0036740322047990057 0.0037939987323625237 0.0038548290758626527 0.0042479421608732091 0.0013191467423894218 0.005221042658376974 0.0032054670809884556 0.005279658995277714 0.0018325804958294603 0.001001347329292912 0.001189639079711923 0.0067357429797993973 0.0017566963870194741 0.0011223954679735471 0.01047372360881127
leaf_count=190 24 54 33 11 12 18 15 82 22 25 87 19 15 593
internal_value=0 -0.0368637 0.0227121 -0.0305524 0.061153 0.0750736 -0.075094 -0.0750137 -0.0750072 -0.0750023 0.0750067 0.0750049 -0.0750086 -0.0750013
internal_weight=0 0.0220713 0.0326369 0.0136807 0.0189563 0.0151623 0.00943273 0.00415307 0.00283393 0.0164598 0.00994121 0.00561153 0.00231203 0.0141478
internal_count=1200 896 304 163 141 117 130 115 104 823 105 73 40 783
is_linear=0
shrinkage=0.1


Tree=267
num_leaves=15
num_cat=0
split_feature=4 2 1 5 7 4 4 5 3 3 0 7 3 2
split_gain=0.0197541 6.80787e-12 7.86359e-13 1.13925e-12 7.87935e-13 6.4959e-13 5.9865e-13 1.13848e-13 6.45248e-14 2.76636e-14 1.2457e-14 8.75233e-15 4.30558e-15 2.75561e-15
threshold=0.56793908774852764 -0.02343347109854221 0.037099417299032218 0.35951606929302221 0.91211363673210155 2.2954574823379521 0.26173987984657293 0.29090544581413275 -0.012090325355529783 -0.038211543112993233 0.19480240345001223 0.86058279871940624 0.063414195552468314 -0.0037210903828963633
decision_type=2 2 2 2 2 2 2 2 2 2 2 2 2 2
left_child=2 -2 6 -4 8 7 9 13 -5 -1 12 -10 -11 -3
right_child=1 5 3 4 -6 -7 -8 -9 11 10 -12 -13 -14 -15
leaf_value=-0.075001373086458892 0.075009881766981701 0.075004086485606303 -0.075005571303191618 -0.075001880677220814 -0.075004482113007212 0.075006513546900799 -0.075003531441519444 0.075004978565613861 -0.075000989778735372 -0.075000835692895437 -0.075001218632991598 -0.075001361267409833 -0.075001056265295726 0.075004196553796407
leaf_weight=0.0014878044812576272 0.0028622239333344615 0.00334287494479213 0.0010547099245741256 0.0019365744519745931 0.001040677565470105 0.0014748131870874212 0.0010014780091296424 0.0020366493772598923 0.0017291153253609082 0.0069433223670785083 0.0011298594108666302 0.0010015504285547649 0.0010143140061700251 0.0071230737739824681
leaf_count=74 28 46 30 77 31 17 40 25 99 470 59 51 57 96
internal_value=0 0.0750054 -0.0750017 -0.0750026 -0.075002 0.0750045 -0.0750012 0.0750043 -0.0750014 -0.075001 -0.0750009 -0.0750011 -0.0750009 0.0750042
internal_weight=0 0.0168396 0.0183394 0.00676263 0.00570792 0.0139774 0.0115768 0.0125026 0.00466724 0.0105753 0.0090875 0.00273067 0.00795764 0.0104659
internal_count=1200 212 988 288 258 184 700 167 227 660 586 150 527 142
is_linear=0
shrinkage=0.1


Tree=268
num_leaves=15
num_cat=0
split_feature=1 4 0 2 3 6 5 4 1 3 2 3 3 2
split_gain=0.00740187 0.00632501 0.00486331 0.00580515 0.00387384 0.000569303 0.000928265 5.16639e-10 1.3341e-10 9.46527e-11 2.83064e-11 1.48496e-11 1.11821e-11 4.76198e-12
threshold=0.043034084141254432 0.36240006983280187 0.060567913576960571 -0.067992143332958208 0.063414195552468314 0.013587053399533035 0.29684241116046911 0.56793908774852764 0.036206537857651717 -0.066597066819667802 -0.029549477621912953 -0.022820421494543549 -0.04310051538050174 -0.039751833304762833
decision_type=2 2 2 2 2 2 2 2 2 2 2 2 2 2
left_child=1 2 3 9 8 6 -3 -7 10 -1 -5 12 -12 -2
right_child=13 5 -4 4 -6 7 -8 -9 -10 -11 11 -13 -14 -15
leaf_value=-0.075002298642983731 -0.075007445002031714 -0.075001617086669192 -0.075004398176835504 0.075014930580149186 -0.075001759379259791 -0.075070955439834913 0.053280599882039509 -0.075001635139845077 0.075034207550345358 -0.075037085564384751 0.075015923968088996 0.075002524587980443 0.075005357845126866 -0.075002685842721281
leaf_weight=0.0020507562385319034 0.0028994487620366272 0.0012357947143755155 0.0034574194341985267 0.0025844971023616338 0.0018443925910105454 0.0013891886264900677 0.0010377647085988428 0.0047559445119986776 0.0016770996444392941 0.0012644297676160923 0.001533927224954823 0.017156553956738214 0.0028861249957117209 0.0076487192691274686
leaf_count=57 66 43 91 29 62 2 7 164 4 2 8 402 53 210
internal_value=0 0.0185034 0.0374892 0.0500365 0.0650124 -0.0591998 -0.0164473 -0.0750173 0.0750069 -0.0750156 0.075005 0.0750039 0.075009 -0.075004
internal_weight=0 0.0428739 0.0344552 0.0309978 0.0276826 0.00841869 0.00227356 0.00614513 0.0258382 0.00331519 0.0241611 0.0215766 0.00442005 0.0105482
internal_count=1200 924 708 617 558 216 50 166 496 59 492 463 61 276
is_linear=0
shrinkage=0.1


Tree=269
num_leaves=15
num_cat=0
split_feature=0 2 3 1 3 1 0 2 7 3 2 2 4 3
split_gain=0.00709757 0.00645715 0.00669101 0.00456724 0.00289161 2.61377e-05 3.62717e-05 6.7815e-09 6.08212e-09 9.08988e-11 4.94235e-11 4.41426e-11 1.88594e-11 1.28528e-11
threshold=0.096305742859840407 -0.067992143332958208 0.063414195552468314 0.05544888228178025 -0.080127414315938936 0.17654904723167422 0.21037911623716357 -0.052767565473914139 0.91211363673210155 -0.087906856089830385 -0.18323689699172971 -0.046276550740003579 0.074106123298406615 -0.048458371311426156
decision_type=2 2 2 2 2 2 2 2 2 2 2 2 2 2
left_child=1 9 4 -2 -3 6 -5 -6 10 -1 -7 -9 -12 -13
right_child=3 2 -4 5 7 8 -8 11 -10 -11 12 13 -14 -15
leaf_value=0.075003785139941936 -0.075001816359514417 0.075076952776576222 0.075003720892097447 0.075004332483782701 -0.075151192066057915 0.075028025187117875 0.051745195733353323 -0.075022434243343677 0.075151659245548397 0.075030525555634386 0.075015335761112342 -0.07501255534530954 0.075003540122195289 -0.075001543314063113
leaf_weight=0.0033045033742382657 0.0023993439226615001 0.0013652777997776857 0.0039483871623815494 0.0014499488388537438 0.0037848995998501734 0.0017236505154869519 0.0012471817935875151 0.0011670140956994103 0.0056475656092516147 0.0020660036279878105 0.0023841989750508219 0.0011388400380383185 0.0031413735960086342 0.015290574545360881
leaf_count=50 102 1 63 21 3 9 19 3 11 9 23 7 51 828
internal_value=0 -0.025034 -0.0451617 0.0534391 -0.0660202 0.0732016 0.0642491 -0.0750298 0.0750739 0.0750141 0.0750132 -0.0750036 0.0750086 -0.0750023
internal_weight=0 0.0320655 0.026695 0.0179933 0.0227466 0.0155939 0.00269713 0.0213813 0.0128968 0.00537051 0.00724922 0.0175964 0.00552557 0.0164294
internal_count=1200 964 905 236 842 134 40 841 94 59 83 838 74 835
is_linear=0
shrinkage=0.1


Tree=270
num_leaves=15
num_cat=0
split_feature=1 0 0 1 1 5 7 2 7 1 3 1 6 4
split_gain=0.00401063 0.00810504 0.00565511 0.00519363 0.00138812 8.25641e-09 3.05206e-09 2.39702e-11 6.88497e-12 6.75966e-12 6.64178e-12 5.67503e-13 1.19598e-13 3.11363e-13
threshold=0.033131964504718787 0.11959925666451456 0.096305742859840407 0.079572573304176344 0.16762750595808032 0.35807041823863989 0.91211363673210155 -0.18850528448820111 0.82868558168411266 0.025245404802262787 -0.012090325355529783 0.0249448586255312 0.013587053399533035 0.36240006983280187
decision_type=2 2 2 2 2 2 2 2 2 2 2 2 2 2
left_child=1 9 4 -4 -2 -6 7 -5 -9 12 -7 -3 13 -1
right_child=2 11 3 6 5 10 -8 8 -10 -11 -12 -13 -14 -15
leaf_value=-0.075000904477725977 0.0038128319979821041 0.07500346667426 0.067475011494623802 -0.075023748909255505 0.075172882103247213 0.075009767450692794 -0.075135183603769473 -0.075011611192163291 -0.07500099432297079 -0.075007366102650033 0.075003817357580563 0.075005804126302936 -0.075000894091435039 -0.075003006716919951
leaf_weight=0.0021027491511631533 0.0034545177968539056 0.0033179080892296034 0.0037280237520462842 0.0011354691596352504 0.0044956820966035602 0.0027590488534769975 0.0045463575679605128 0.0011910180728591504 0.0012538534247141797 0.0019900259339920021 0.0058616529240680393 0.0015120255302463192 0.0090148510744256782 0.0010595385519991396
leaf_count=141 23 54 33 11 12 18 15 31 73 40 88 19 593 49
internal_value=0 -0.0368635 0.0224838 -0.0302504 0.0602096 0.075063 -0.0750808 -0.0750117 -0.0750062 -0.075002 0.0750057 0.0750042 -0.0750011 -0.0750016
internal_weight=0 0.0189971 0.0284256 0.0118547 0.0165709 0.0131164 0.0081267 0.00358034 0.00244487 0.0141672 0.0086207 0.00482993 0.0121771 0.00316229
internal_count=1200 896 304 163 141 118 130 115 104 823 106 73 783 190
is_linear=0
shrinkage=0.1


Tree=271
num_leaves=15
num_cat=0
split_feature=4 2 1 5 7 4 4 5 3 1 3 0 3 2
split_gain=0.0170232 4.34001e-12 5.35308e-13 7.68008e-13 4.3559e-13 4.14716e-13 3.38484e-13 7.25054e-14 2.8505e-14 2.92778e-14 1.33227e-14 7.93896e-15 2.41213e-15 1.63931e-15
threshold=0.56793908774852764 -0.02343347109854221 0.037099417299032218 0.36159837245941168 0.90307316184043895 2.2954574823379521 0.24717527627944949 0.29090544581413275 0.0047783381305634984 0.19529382139444354 -0.038211543112993233 0.11087276041507722 0.040868725627660758 -0.0037210903828963633
decision_type=2 2 2 2 2 2 2 2 2 2 2 2 2 2
left_child=2 -2 6 -4 8 7 10 13 9 -5 -1 12 -12 -3
right_child=1 5 3 4 -6 -7 -8 -9 -10 -11 11 -13 -14 -15
leaf_value=-0.075001136721218831 0.075008505231752717 0.075003519801371599 -0.075004708083986404 -0.075001805226498297 -0.075003484404827236 0.075005607710841124 -0.075002753726140292 0.075004284997887125 -0.075000884417130764 -0.075001060877915748 -0.075000711530193886 -0.075001011873686824 -0.075000878913054014 0.075003611309668872
leaf_weight=0.0012368600355330273 0.0024635460176796195 0.0028772661462426212 0.0010330249697290119 0.0010761171160993399 0.0010694260827222024 0.0012694008764810869 0.0010212603165200571 0.0017529802498756917 0.0016425912181148306 0.0010382805994595401 0.0054159612045623362 0.0012680585205089301 0.0010237224596494343 0.0061309444427024547
leaf_count=73 28 46 33 47 40 17 50 25 106 62 430 78 69 96
internal_value=0 0.0750047 -0.0750015 -0.0750022 -0.0750017 0.0750039 -0.075001 0.0750037 -0.0750012 -0.0750014 -0.0750008 -0.0750008 -0.0750007 0.0750036
internal_weight=0 0.0144941 0.0158253 0.00585944 0.00482642 0.0120306 0.00996586 0.0107612 0.00375699 0.0021144 0.0089446 0.00770774 0.00643968 0.00900821
internal_count=1200 212 988 288 255 184 700 167 215 109 650 577 499 142
is_linear=0
shrinkage=0.1


Tree=272
num_leaves=15
num_cat=0
split_feature=1 4 0 2 3 4 1 3 2 3 3 1 2 3
split_gain=0.00641196 0.00544112 0.00423145 0.00500192 0.00333526 0.000504898 1.06103e-10 6.03485e-11 1.80472e-11 9.46048e-12 7.12812e-12 3.38289e-12 3.01647e-12 8.84735e-12
threshold=0.043034084141254432 0.36240006983280187 0.060567913576960571 -0.067992143332958208 0.063414195552468314 0.56793908774852764 0.036206537857651717 -0.066597066819667802 -0.029549477621912953 -0.022820421494543549 -0.04310051538050174 0.034136299043893821 -0.039751833304762833 -0.066597066819667802
decision_type=2 2 2 2 2 2 2 2 2 2 2 2 2 2
left_child=1 2 3 7 6 -3 8 -1 -5 10 -10 -4 13 -2
right_child=12 5 11 4 -6 -7 -8 -9 9 -11 -12 -13 -14 -15
leaf_value=-0.075001978356861787 -0.075001406890127728 -0.01578596624235799 -0.075001676277160451 0.075012851827016239 -0.075001514725716895 -0.075001411538910961 0.075031502376389281 -0.075031917826725622 0.075013704659494362 0.075002175164537707 0.075004611653518044 -0.075008778531079304 -0.075002331011224763 -0.07501348436755019
leaf_weight=0.0017651036068855319 0.0014649050081061432 0.0019764172648137892 0.0019951860413129898 0.0022245200852921655 0.001587490685778902 0.005304337397319614 0.001544933045806828 0.001088390505174174 0.0013203098569647409 0.014769662026083106 0.0024841404811013429 0.0010102156993525568 0.0066259744635317475 0.0010351391683798283
leaf_count=57 59 4 75 29 62 212 4 2 8 402 53 16 210 7
internal_value=0 0.0185684 0.0375084 0.0501331 0.0650553 -0.0589269 0.0750062 -0.0750134 0.0750043 0.0750033 0.0750078 -0.0750041 -0.0750034 -0.0750064
internal_weight=0 0.0370707 0.02979 0.0267846 0.0239311 0.00728075 0.0223436 0.00285349 0.0207986 0.0185741 0.00380445 0.0030054 0.00912602 0.00250004
internal_count=1200 924 708 617 558 216 496 59 492 463 61 91 276 66
is_linear=0
shrinkage=0.1


Tree=273
num_leaves=15
num_cat=0
split_feature=0 2 3 1 3 1 2 7 3 2 2 4 3 0
split_gain=0.00610688 0.00557298 0.00576398 0.00393021 0.00248898 3.25193e-05 4.32372e-09 3.96974e-09 5.79329e-11 3.52218e-11 2.80771e-11 1.15786e-11 7.29119e-12 7.45621e-13
threshold=0.096305742859840407 -0.067992143332958208 0.063414195552468314 0.05544888228178025 -0.080127414315938936 0.16940808296203616 -0.052767565473914139 0.91211363673210155 -0.087906856089830385 -0.18850528448820111 -0.046276550740003579 0.074106123298406615 -0.044825410470366471 0.03726563788950444
decision_type=2 2 2 2 2 2 2 2 2 2 2 2 2 2
left_child=1 8 4 -2 -3 -5 -6 9 -1 -7 -8 -11 -12 -14
right_child=3 2 -4 5 6 7 10 -9 -10 11 12 -13 13 -15
leaf_value=0.075003274745692627 -0.075001572197059357 0.075066220130796751 0.075003204531917694 0.061597888947511642 -0.07513010272968268 0.075024925005588244 -0.075019310597958355 0.075130516481471177 0.075026269113022556 0.075012711290322748 -0.075009784629403053 0.075003045258777323 -0.0750011253847718 -0.075003905559975437
leaf_weight=0.0028542576437757816 0.0020714731708721965 0.0011752702994272069 0.0033999351653619661 0.0021300496628100527 0.0032587133609922559 0.0014288714992289914 0.001004510733764616 0.0048623781112837605 0.0017783316397981244 0.0021540171946980973 0.0011116658370156048 0.0029180800411268137 0.012018419019113949 0.0010488428324606511
leaf_count=50 102 1 63 35 3 8 3 11 9 25 12 55 792 31
internal_value=0 -0.0250599 -0.0452009 0.0532481 -0.0660337 0.0729367 -0.0750256 0.0750622 0.0750121 0.0750111 -0.0750032 0.0750072 -0.075002 -0.0750013
internal_weight=0 0.0276499 0.0230174 0.0155649 0.0196174 0.0134934 0.0184422 0.0113633 0.00463259 0.00650097 0.0151834 0.0050721 0.0141789 0.0130673
internal_count=1200 964 905 236 842 134 841 99 59 88 838 80 835 823
is_linear=0
shrinkage=0.1


Tree=274
num_leaves=15
num_cat=0
split_feature=1 0 0 1 1 2 7 2 3 7 1 1 6 4
split_gain=0.00344392 0.00697686 0.00478114 0.00447637 0.00145026 5.85146e-09 1.94751e-09 1.42017e-11 4.66272e-12 4.32542e-12 4.30136e-12 3.62202e-13 8.36007e-14 1.89361e-13
threshold=0.033131964504718787 0.11959925666451456 0.096305742859840407 0.079572573304176344 0.15248264372348788 -0.025684285908937451 0.91211363673210155 -0.18323689699172971 -0.01538082445040345 0.82868558168411266 0.025245404802262787 0.0249448586255312 0.013587053399533035 0.28795985877513891
decision_type=2 2 2 2 2 2 2 2 2 2 2 2 2 2
left_child=1 10 4 -4 -2 -6 7 -5 -7 -9 12 -3 13 -1
right_child=2 11 3 6 5 8 -8 9 -10 -11 -12 -13 -14 -15
leaf_value=-0.075000773041222241 -0.0040382530653808139 0.075002983772699885 0.066507123707439761 -0.075019825772433296 0.075157938315748074 0.075008498874832241 -0.075116314618701663 -0.075009983858710674 0.07500325264398025 -0.075000858577101648 -0.075006340778026814 0.075004996587436215 -0.075000768390379183 -0.075002498563576381
leaf_weight=0.0017174472914120997 0.0028976726043765675 0.0028557687510328824 0.0032791663907119073 0.0010091236126754666 0.0036392107722349474 0.00244573029340245 0.0039148186742750113 0.0010265438086207723 0.0055126780025602767 0.0010515186568227364 0.0017128603594755995 0.0013014292708248831 0.0077591793406099896 0.0010100011704707867
leaf_count=135 18 54 33 13 8 18 15 31 97 71 40 19 593 55
internal_value=0 -0.0368765 0.0222463 -0.0299138 0.0592422 0.0750529 -0.0750695 -0.0750101 0.0750049 -0.0750054 -0.0750017 0.0750036 -0.0750009 -0.0750014
internal_weight=0 0.0163567 0.0247765 0.0102812 0.0144953 0.0115976 0.007002 0.00308719 0.00795841 0.00207806 0.0121995 0.0041572 0.0104866 0.00272745
internal_count=1200 896 304 163 141 123 130 115 115 102 823 73 783 190
is_linear=0
shrinkage=0.1


Tree=275
num_leaves=15
num_cat=0
split_feature=4 2 1 5 4 7 4 5 3 3 0 3 2 0
split_gain=0.0146847 2.76106e-12 3.63188e-13 4.41466e-13 2.62603e-13 2.45803e-13 2.09628e-13 5.16826e-14 1.73856e-14 6.25455e-15 4.33724e-15 1.30191e-15 1.09981e-15 1.02349e-15
threshold=0.56793908774852764 -0.02343347109854221 0.037099417299032218 0.36539284884929663 2.2954574823379521 0.89836958050727855 0.23365041613578799 0.29090544581413275 0.0047783381305634984 -0.038211543112993233 0.11087276041507722 0.032125899568200118 -0.0037210903828963633 0.0062993690371513375
decision_type=2 2 2 2 2 2 2 2 2 2 2 2 2 2
left_child=2 -2 6 -4 7 8 9 12 -5 -1 11 -11 -3 -14
right_child=1 4 3 5 -6 -7 -8 -9 -10 10 -12 -13 13 -15
leaf_value=-0.075000939302078337 0.075007320998425359 0.075003028446842507 -0.075003824482158324 -0.075001251190518606 0.075004827180474881 -0.075002846903848813 -0.075002211104700095 0.075003719991733164 -0.075000768154855846 -0.075000613034105892 -0.075000856801110599 -0.075000739332996738 0.075003058765454544 0.075003147651382204
leaf_weight=0.0010143074541701944 0.0021203989526839004 0.0024765057714830636 0.0010163701044803028 0.0017623228313823347 0.0010925963360932664 0.0010095508259837516 0.0010588365394141874 0.0015265364418155514 0.0012909733832202619 0.0044452417373577182 0.0010660116658982588 0.0010000242227761191 0.0022811959206592274 0.0029957993428979535
leaf_count=71 28 46 42 105 17 45 62 25 96 410 77 80 42 54
internal_value=0 0.075004 -0.0750013 -0.075002 0.0750034 -0.0750015 -0.0750009 0.0750032 -0.075001 -0.0750007 -0.0750007 -0.0750006 0.0750031 0.0750031
internal_weight=0 0.012493 0.0136636 0.00507922 0.0103726 0.00406285 0.00858442 0.00928004 0.0030533 0.00752559 0.00651128 0.00544527 0.0077535 0.005277
internal_count=1200 212 988 288 184 246 700 167 201 638 567 490 142 96
is_linear=0
shrinkage=0.1


Tree=276
num_leaves=15
num_cat=0
split_feature=1 4 0 3 3 1 1 2 4 1 2 3 1 3
split_gain=0.00554753 0.00465817 0.0034383 0.00429653 0.00297511 0.000651942 8.12231e-11 1.92433e-11 6.8025e-12 2.5316e-12 1.90385e-12 4.41063e-12 1.6885e-12 3.79312e-13
threshold=0.043034084141254432 0.56793908774852764 0.060567913576960571 -0.048458371311426156 0.063414195552468314 0.009995047468692066 0.036206537857651717 -0.028697077184915539 0.29579898715019232 0.031173014082014564 -0.039751833304762833 -0.10440003871917723 0.025245404802262787 -0.013538801111280916
decision_type=2 2 2 2 2 2 2 2 2 2 2 2 2 2
left_child=1 2 3 5 6 -1 7 -5 12 -4 11 -2 -9 -12
right_child=10 -3 9 4 -6 -7 -8 8 -10 -11 13 -13 -14 -15
leaf_value=0.0039436303481049538 -0.075001208364162006 -0.075001214206376968 -0.075001284650277167 0.075012364384837257 -0.075001367527460922 -0.075032538534292217 0.075028835585789058 0.075001757513922143 0.075010491505802662 -0.075007645066990744 -0.075003409365553303 -0.075010263396005347 0.075005678301876252 -0.075001547843839556
leaf_weight=0.0017122259123425456 0.0011320849698677193 0.004565501538309035 0.0015813586014701278 0.0023497245565522419 0.0014201798258000045 0.0026832546082005138 0.0014144681408652096 0.013158848008970384 0.0010316992120351651 0.0010355954746046336 0.0014728419464518083 0.001024934299493907 0.0011984173888777159 0.0042624525467545027
leaf_count=27 53 212 72 32 63 37 4 424 13 19 27 13 21 183
internal_value=0 0.0185624 0.0340473 0.0454768 0.0646508 -0.044268 0.0750058 0.0750039 0.0750026 -0.0750038 -0.075003 -0.0750055 0.0750021 -0.075002
internal_weight=0 0.0321513 0.0275858 0.0249688 0.0205733 0.00439548 0.0191532 0.0177387 0.015389 0.00261695 0.00789231 0.00215702 0.0143573 0.00573529
internal_count=1200 924 712 621 557 64 494 490 458 91 276 66 445 210
is_linear=0
shrinkage=0.1


Tree=277
num_leaves=15
num_cat=0
split_feature=3 3 1 0 2 4 1 2 2 3 1 2 4 5
split_gain=0.00526675 0.00637634 0.00405738 0.00275535 0.00222677 2.9569e-05 2.93244e-09 2.39361e-10 2.29916e-11 2.67509e-12 8.45568e-13 1.60555e-13 1.11729e-13 3.18214e-13
threshold=-0.066597066819667802 0.063414195552468314 0.19002060592174533 0.11087276041507722 -0.067992143332958208 0.26345074176788336 0.17933385074138644 -0.028016408905386921 -0.046276550740003579 -0.038211543112993233 0.040321623906493194 0.10430775210261346 0.32994660735130316 0.27750788629055029
decision_type=2 2 2 2 2 2 2 2 2 2 2 2 2 2
left_child=5 2 4 -4 -2 7 8 -1 -6 -10 12 -3 -11 -14
right_child=1 11 3 -5 6 -7 -8 -9 9 10 -12 -13 13 -15
leaf_value=0.075002993302219476 0.075030907601056407 0.075003843412921822 -0.075001420261788271 0.075106831338990931 -0.075015576892181565 0.05917091252668414 -0.075119604469490273 0.075048192211311329 -0.075006531540076027 -0.075000739301796127 -0.075003686080123269 0.075002524927745048 -0.075000757060911125 -0.075002925832148626
leaf_weight=0.005609554224065505 0.001054071704857047 0.0011426739802118382 0.0017374229846609515 0.0041286779014626518 0.001335460648988371 0.0014130848940112628 0.0025755712622412821 0.0014809721615165472 0.0010672937924027766 0.006669401346243841 0.001298111365031219 0.0048167857275984716 0.00206277695724566 0.0010067107677969034
leaf_count=112 2 20 94 6 5 6 13 2 30 554 40 108 157 51
internal_value=0 -0.0171536 -0.0410991 0.0306477 -0.0657558 0.07238 -0.0750219 0.0750124 -0.0750031 -0.0750018 -0.0750013 0.0750028 -0.075001 -0.0750015
internal_weight=0 0.028895 0.0229355 0.0058661 0.0170694 0.00850361 0.0160153 0.00709053 0.0134398 0.0121043 0.011037 0.00595946 0.00973889 0.00306949
internal_count=1200 1080 952 100 852 120 850 114 837 832 802 128 762 208
is_linear=0
shrinkage=0.1


Tree=278
num_leaves=15
num_cat=0
split_feature=1 0 0 1 1 2 7 5 3 1 1 6 4 1
split_gain=0.00296455 0.00600814 0.00404331 0.00385699 0.00157015 3.78884e-09 1.24282e-09 6.39888e-12 2.95572e-12 2.70555e-12 2.30703e-13 7.63391e-14 1.39903e-13 1.21773e-14
threshold=0.033131964504718787 0.11959925666451456 0.096305742859840407 0.079572573304176344 0.12768691778182986 -0.025684285908937451 0.91211363673210155 0.40038746595382696 -0.01538082445040345 0.025245404802262787 0.0249448586255312 0.013587053399533035 0.22024681419134143 0.23105484247207644
decision_type=2 2 2 2 2 2 2 2 2 2 2 2 2 2
left_child=1 9 4 -4 -2 -6 7 -5 -7 11 -3 12 -1 -10
right_child=2 10 3 6 5 8 -8 -9 13 -11 -12 -13 -14 -15
leaf_value=-0.0750006668402452 -0.015823506366051031 0.07500256830573962 0.065334799905908278 -0.075004838531384288 0.0751359094552604 0.075007155669017417 -0.07510008000650456 -0.075014941294423529 0.075002666190585571 -0.07500545589462948 0.075004299818089981 -0.075000663156810629 -0.075002222713569364 0.075002982471790908
leaf_weight=0.0013685581407116842 0.0023301098317460864 0.0024579992568760653 0.0028961458665435202 0.001651727326134278 0.003133331218123204 0.0022970251884544277 0.003370984230969043 0.0010104788552780519 0.0026810437229869404 0.0014742941993972645 0.0011201641245861538 0.0066784051359718433 0.0010003991583289462 0.0022295867165667005
leaf_count=125 13 54 33 93 8 20 15 22 57 40 19 593 65 43
internal_value=0 -0.0369343 0.0220148 -0.0295241 0.0583343 0.0750441 -0.0750597 -0.0750087 0.0750042 -0.0750015 0.0750031 -0.0750008 -0.0750013 0.0750028
internal_weight=0 0.0140998 0.0216004 0.00892934 0.0126711 0.010341 0.00603319 0.00266221 0.00720766 0.0105217 0.00357816 0.00904736 0.00236896 0.00491063
internal_count=1200 896 304 163 141 128 130 115 120 823 73 783 190 100
is_linear=0
shrinkage=0.1


Tree=279
num_leaves=15
num_cat=0
split_feature=4 2 5 5 4 5 1 3 3 2 6 6 3 0
split_gain=0.0126659 1.7602e-12 2.85502e-13 1.53814e-13 1.38227e-13 3.43389e-14 3.2226e-14 3.04737e-14 3.0349e-15 6.99094e-16 6.4922e-16 1.20542e-15 4.23273e-16 1.50921e-16
threshold=0.56793908774852764 -0.02343347109854221 0.35882781445980078 0.40361779928207403 2.2605280876159672 0.29090544581413275 0.031173014082014564 -0.012343392707407473 -0.024405241012573239 -0.0037210903828963633 0.022687701508402828 0.013587053399533035 0.023022731766104702 0.016723413951694969
decision_type=2 2 2 2 2 2 2 2 2 2 2 2 2 2
left_child=2 -2 -1 6 5 9 8 -8 -4 -3 11 -11 13 -10
right_child=1 4 3 -5 -6 -7 7 -9 12 10 -12 -13 -14 -15
leaf_value=-0.075002306936358912 0.075006300513477578 0.07500260665308485 -0.075000758258017053 -0.075001803781708162 0.075003953268164489 0.075003222916552828 -0.07500134950331093 -0.075000732699329345 -0.075000529944083238 0.075002627174442449 0.075002626400420755 0.075002759220956117 -0.075000620062468576 -0.07500057718872033
leaf_weight=0.0017982629178732177 0.0018250483044539587 0.0020852077104791551 0.0010125479684575129 0.0017045130725819044 0.0010794024055940108 0.0012676251644734293 0.0014428209560719552 0.001800650858967856 0.0020062694043190259 0.0011668246188492031 0.0016320966788043734 0.0016967194642347749 0.0010307055890734773 0.0010168984772462863
leaf_count=128 28 45 87 124 20 24 83 152 215 25 35 35 98 101
internal_value=0 0.0750035 -0.0750011 -0.0750009 0.0750029 0.0750027 -0.0750008 -0.075001 -0.0750006 0.0750027 0.0750027 0.0750027 -0.0750006 -0.0750005
internal_weight=0 0.0107529 0.0118127 0.0100144 0.00892788 0.00784847 0.00830989 0.00324347 0.00506642 0.00658085 0.00449564 0.00286354 0.00405387 0.00302317
internal_count=1200 212 988 860 184 164 736 235 501 140 95 60 414 316
is_linear=0
shrinkage=0.1


Tree=280
num_leaves=15
num_cat=0
split_feature=1 4 0 2 3 6 5 1 3 2 3 3 1 2
split_gain=0.00478143 0.00399875 0.00320625 0.00380646 0.00247273 0.000426376 1.55383e-10 6.18282e-11 1.59075e-11 1.26836e-11 4.46139e-12 4.21324e-12 1.78968e-12 1.20366e-12
threshold=0.043034084141254432 0.36240006983280187 0.060567913576960571 -0.067992143332958208 0.063414195552468314 0.013587053399533035 0.33467765152454382 0.036206537857651717 -0.087906856089830385 -0.036562610417604439 -0.022820421494543549 -0.044825410470366471 0.030005271546542648 -0.039751833304762833
decision_type=2 2 2 2 2 2 2 2 2 2 2 2 2 2
left_child=1 2 3 8 7 -3 -7 9 -1 -5 11 -11 -4 -2
right_child=13 5 12 4 -6 6 -8 -9 -10 10 -12 -13 -14 -15
leaf_value=-0.075001312766697734 -0.07500474601349183 -0.012918725757824174 -0.07500110946222921 0.075013858807372324 -0.075001122589775107 -0.075001038254550234 -0.075046553157837662 0.075026142101014451 -0.075018430305845277 0.075011228723283863 0.075001610236754737 0.075003299225866696 -0.07500673878502917 -0.075001761195187241
leaf_weight=0.0010996587534464197 0.0018580774303700309 0.0015303046857297877 0.001262719948499579 0.0010582907689240468 0.0011760506495193104 0.0029852230782125844 0.0010017585282184882 0.0012823610013583666 0.0010722828701545907 0.0010033280195784755 0.011390113333618517 0.0020174155379208926 0.0010217329363513272 0.0049510326662129947
leaf_count=50 66 50 67 9 62 162 4 4 9 7 418 58 24 210
internal_value=0 0.018463 0.0372581 0.0500174 0.0651646 -0.0577898 -0.0750125 0.075005 -0.0750098 0.0750033 0.0750025 0.0750059 -0.0750036 -0.0750026
internal_weight=0 0.0279012 0.022384 0.0200995 0.0179276 0.00551729 0.00398698 0.0167515 0.00217194 0.0154691 0.0144109 0.00302074 0.00228445 0.00680911
internal_count=1200 924 708 617 558 216 166 496 59 492 483 65 91 276
is_linear=0
shrinkage=0.1


Tree=281
num_leaves=15
num_cat=0
split_feature=3 3 1 2 0 1 2 2 3 1 2 4 5 7
split_gain=0.00458385 0.00539692 0.00341561 0.00241583 0.00238106 1.86985e-09 2.89055e-10 1.4236e-11 3.00269e-12 6.51259e-13 1.05474e-13 6.99033e-14 1.56062e-13 3.1336e-14
threshold=-0.080127414315938936 0.063414195552468314 0.19002060592174533 -0.067992143332958208 0.11087276041507722 0.17933385074138644 -0.052767565473914139 -0.046276550740003579 -0.039575660601258271 0.040321623906493194 0.11248478665947916 0.32994660735130316 0.26870986819267279 0.84526509046554577
decision_type=2 2 2 2 2 2 2 2 2 2 2 2 2 2
left_child=6 2 3 -2 -4 7 13 -5 -9 11 -3 -10 -13 -1
right_child=1 10 4 5 -6 -7 -8 8 9 -11 -12 12 -14 -15
leaf_value=0.075002847214722487 0.075021815843936634 0.075003262934527734 -0.075001221798791817 -0.075013404237834966 0.075090693201444181 -0.075102930931107981 0.075046265892418584 -0.075006823022457869 -0.075000642632390854 -0.075003380304065836 0.075002175275777905 -0.075000655339021366 -0.075002231602034453 0.075002320775040335
leaf_weight=0.0018442790751578286 0.0011622071324381951 0.0011477479019958983 0.0014954048438085002 0.0011494821083033449 0.0036048895126441494 0.0022173473307702815 0.002211760380305349 0.0010291465750924536 0.0058089877175007201 0.0011426718938309941 0.0039947886798472609 0.0016315248467435595 0.0010213058321824064 0.0029223435267340392
leaf_count=40 5 24 94 5 7 13 3 26 558 40 104 144 65 72
internal_value=0 -0.0164872 -0.0397064 -0.0635182 0.0310838 -0.0750187 0.0750164 -0.0750028 -0.0750017 -0.0750011 0.0750024 -0.0750008 -0.0750013 0.0750025
internal_weight=0 0.0254055 0.020263 0.0151627 0.00510029 0.0140005 0.00697838 0.0117831 0.0106336 0.00960449 0.00514254 0.00846182 0.00265283 0.00476662
internal_count=1200 1085 957 856 101 851 115 838 833 807 128 767 209 112
is_linear=0
shrinkage=0.1


Tree=282
num_leaves=15
num_cat=0
split_feature=1 0 0 1 1 2 7 3 5 1 1 6 7 1
split_gain=0.00254571 0.00517263 0.00343727 0.0033018 0.00162243 2.33023e-09 7.92451e-10 2.5056e-12 2.45165e-12 1.72308e-12 1.38511e-13 4.85818e-14 6.56998e-14 6.84262e-15
threshold=0.033131964504718787 0.11959925666451456 0.096305742859840407 0.079572573304176344 0.079572573304176344 -0.02500662766396999 0.91211363673210155 -0.01538082445040345 0.3906837552785874 0.025245404802262787 0.024424253031611446 0.013587053399533035 0.8546777367591859 0.23105484247207644
decision_type=2 2 2 2 2 2 2 2 2 2 2 2 2 2
left_child=1 9 4 -4 -2 -6 8 -7 -5 11 -3 12 -1 -9
right_child=2 10 3 6 5 7 -8 13 -10 -11 -12 -13 -14 -15
leaf_value=-0.075000576667739863 -0.026368222239946282 0.075002211288911338 0.064082451594103876 -0.075004551953961829 0.075113503017836605 0.075006653523034997 -0.075086130302188858 0.075002312377898173 -0.075011137735869066 -0.075004696282520822 0.075003642490404476 -0.075000574109400031 -0.075001711281031225 0.075002566584811747
leaf_weight=0.0010244412296742667 0.001906530149426545 0.0020771691088157249 0.0025396408018423236 0.0012785952321792138 0.0027832995074277287 0.0020850710570812234 0.0029020672427577665 0.0023622938351763861 0.0010131658418686129 0.0012689505465459661 0.0010026066083810292 0.0057552993193894508 0.0010169812803724199 0.0019190359344065655
leaf_count=105 11 53 33 81 9 20 15 58 34 40 20 593 85 43
internal_value=0 -0.0369641 0.0217799 -0.0293604 0.0575509 0.0750372 -0.0750514 0.0750038 -0.0750075 -0.0750013 0.0750027 -0.0750007 -0.0750011 0.0750024
internal_weight=0 0.0121454 0.0187897 0.00773347 0.0110562 0.0091497 0.00519383 0.0063664 0.00229176 0.00906567 0.00307978 0.00779672 0.00204142 0.00428133
internal_count=1200 896 304 163 141 130 130 121 115 823 73 783 190 101
is_linear=0
shrinkage=0.1


Tree=283
num_leaves=15
num_cat=0
split_feature=4 2 5 3 5 1 3 5 3 2 3 1 0 4
split_gain=0.0109291 1.09327e-12 2.178e-13 1.40749e-13 9.78462e-14 2.13857e-14 2.05593e-14 1.75797e-14 1.76465e-15 7.50268e-16 2.43945e-16 1.78677e-16 4.29344e-17 1.51788e-18
threshold=0.56793908774852764 -0.02343347109854221 0.35882781445980078 -0.024405241012573239 0.40361779928207403 0.031173014082014564 -0.012343392707407473 0.29090544581413275 -0.019060405902564522 0.013333665672689678 0.019556902348995212 0.017286915332078937 0.012826478574424984 1.6996459960937502
decision_type=2 2 2 2 2 2 2 2 2 2 2 2 2 2
left_child=2 -2 -1 -3 5 8 -7 9 -4 11 12 13 -10 -5
right_child=1 3 4 7 -6 6 -8 -9 10 -11 -12 -13 -14 -15
leaf_value=-0.075002094178700282 0.075005423146755471 0.075003579994111641 -0.075000635881713434 0.075002248728191404 -0.075001554066195034 -0.075001176608818068 -0.075000631414604363 0.075002725628388014 -0.075000455182313908 0.075002339577483437 -0.075000525601730789 0.075002294205017708 -0.075000482646895933 0.075002244155466441
leaf_weight=0.0015625285791429641 0.001570852557051694 0.0010924370180873666 0.0010141106313312784 0.0011191089142812416 0.0014709893730469048 0.0012477823765948415 0.0015520215888500388 0.0010707873589126393 0.001294886284540552 0.0016478043980896473 0.0010376267637184355 0.0010570840568107087 0.0010187478719672072 0.0017155999012175016
leaf_count=128 28 23 104 28 124 83 152 24 161 40 116 26 120 43
internal_value=0 0.075003 -0.075001 0.0750025 -0.0750008 -0.0750007 -0.0750009 0.0750024 -0.0750005 0.0750023 -0.0750005 0.0750023 -0.0750005 0.0750022
internal_weight=0 0.00927367 0.0101987 0.00770282 0.00863616 0.00716518 0.0027998 0.00661038 0.00436537 0.0055396 0.00335126 0.00389179 0.00231363 0.00283471
internal_count=1200 212 988 184 860 736 235 161 501 137 397 97 281 71
is_linear=0
shrinkage=0.1


Tree=284
num_leaves=15
num_cat=0
split_feature=1 4 0 3 3 1 1 2 4 2 1 3 0 3
split_gain=0.0041165 0.00348662 0.00261988 0.00321414 0.00220565 0.00050268 4.43579e-11 8.53016e-12 2.64936e-12 7.67718e-13 5.87332e-13 1.66139e-13 2.89298e-14 1.28283e-15
threshold=0.043034084141254432 0.56793908774852764 0.060567913576960571 -0.048458371311426156 0.063414195552468314 0.009995047468692066 0.036206537857651717 -0.028697077184915539 0.26781947910785681 -0.039751833304762833 0.023775667883455757 -0.013538801111280916 0.18745939433574679 0.025122291408479217
decision_type=2 2 2 2 2 2 2 2 2 2 2 2 2 2
left_child=1 2 3 5 6 -1 7 -5 10 -2 13 -11 -13 -9
right_child=9 -3 -4 4 -6 -7 -8 8 -10 11 -12 12 -14 -15
leaf_value=0.0036493020391822799 -0.075004086045676502 -0.075000913569889041 -0.075003521768706755 0.075009494376251595 -0.075001012450984658 -0.075024485683959918 0.075023486110319657 0.075001287938532141 0.075006889744211394 -0.075002575330106944 0.075003814535725688 -0.075000941769763491 -0.075001589961850496 0.075001406290480563
leaf_weight=0.0013670062344317514 0.0016001118146959925 0.0034316735636821241 0.00199970911580749 0.0017660874764260344 0.0010521004332986203 0.0020008491646876791 0.0011522096683620484 0.0083475542705855402 0.0010203219608229128 0.0011012127324647736 0.0010318835247744582 0.0021513793371923376 0.0010126665192728979 0.0010284673717251289
leaf_count=27 66 212 91 32 63 37 4 366 23 27 27 130 53 42
internal_value=0 0.018376 0.0338068 0.0454014 0.0647556 -0.0430909 0.0750047 0.075003 0.075002 -0.0750022 0.0750016 -0.0750015 -0.0750011 0.0750013
internal_weight=0 0.0241979 0.0207662 0.0187665 0.0153986 0.00336786 0.0143465 0.0131943 0.0114282 0.00586537 0.0104079 0.00426526 0.00316405 0.00937602
internal_count=1200 924 712 621 557 64 494 490 458 276 435 210 183 408
is_linear=0
shrinkage=0.1


Tree=285
num_leaves=15
num_cat=0
split_feature=3 3 1 2 0 1 2 2 3 1 2 4 5 7
split_gain=0.00396068 0.00466453 0.00294443 0.0020798 0.00204915 1.19175e-09 1.84178e-10 8.16324e-12 1.5371e-12 4.94669e-13 7.22352e-14 6.16113e-14 1.04867e-13 2.77105e-14
threshold=-0.080127414315938936 0.063414195552468314 0.19002060592174533 -0.067992143332958208 0.11087276041507722 0.17933385074138644 -0.052767565473914139 -0.044158283621072762 -0.034941764548420899 0.037713529542088516 0.11954980343580247 0.32994660735130316 0.2595254927873612 0.84526509046554577
decision_type=2 2 2 2 2 2 2 2 2 2 2 2 2 2
left_child=6 2 3 -2 -4 7 13 -5 -9 11 -3 -10 -13 -1
right_child=1 10 4 5 -6 -7 -8 8 9 -11 -12 12 -14 -15
leaf_value=0.075002531060052502 0.075018778949957954 0.075002800599326833 -0.075001052004806557 -0.075010741747587081 0.075078060746563424 -0.0750885801216674 0.075039816322745909 -0.075005137421449611 -0.075000545328182261 -0.075003115259064723 0.075001874583325148 -0.075000565499130714 -0.075001934892189898 0.075001999093035135
leaf_weight=0.0016030586411943659 0.0010003645002143432 0.00113009758570115 0.0012870976361227795 0.0010698498135752734 0.0031033664090500679 0.0019088892231593499 0.0019038199388887725 0.0010344675520173032 0.0048081437776090821 0.0010084625173476525 0.0033088221571233589 0.0012498533715188387 0.0010120278357135248 0.0025161894463963108
leaf_count=40 5 28 94 10 7 13 3 40 542 41 100 128 77 72
internal_value=0 -0.0165425 -0.0397863 -0.0635519 0.0310812 -0.0750161 0.0750141 -0.0750025 -0.0750015 -0.075001 0.0750021 -0.0750007 -0.0750012 0.0750022
internal_weight=0 0.0219214 0.0174825 0.0130921 0.00439046 0.0120917 0.00602307 0.0101828 0.00911296 0.00807849 0.00443892 0.00707002 0.00226188 0.00411925
internal_count=1200 1085 957 856 101 851 115 838 828 788 128 747 205 112
is_linear=0
shrinkage=0.1


Tree=286
num_leaves=15
num_cat=0
split_feature=1 0 0 1 1 2 7 3 1 1 6 1 3 1
split_gain=0.00219037 0.00445454 0.00292708 0.00282506 0.00142386 1.48565e-09 5.0529e-10 1.59866e-12 1.08354e-12 6.58711e-14 4.43447e-14 4.365e-15 2.12547e-15 1.99645e-15
threshold=0.033131964504718787 0.11959925666451456 0.096305742859840407 0.079572573304176344 0.079572573304176344 -0.02500662766396999 0.91211363673210155 -0.01538082445040345 0.025245404802262787 0.021651168353855613 0.013587053399533035 0.23105484247207644 -0.024405241012573239 0.19529382139444354
decision_type=2 2 2 2 2 2 2 2 2 2 2 2 2 2
left_child=1 8 4 -4 -2 -6 -5 -7 10 -3 -1 13 -12 -9
right_child=2 9 3 6 5 7 -8 11 -10 -11 12 -13 -14 -15
leaf_value=-0.075001075270652695 -0.024617641819015768 0.075001908371953224 0.062710751674116147 -0.075006423021786686 0.07509767990189832 0.075005727517951495 -0.075074129645283996 0.07500208797026986 -0.075004042004442384 0.075002931384451244 -0.075000622304169262 0.075002208736703352 -0.075000459518298479 0.075001889768053456
leaf_weight=0.0017738717306201579 0.0017530516470287702 0.0016224739010795028 0.0022319206764223045 0.0019725192269106628 0.0023961661972862211 0.001794656469428447 0.0024983011462609284 0.0010270728053001204 0.0010922080882664886 0.0010283295196131803 0.0010066779341286755 0.001651738759392174 0.0039469655434913866 0.0010061737575597363
leaf_count=190 11 48 33 115 9 20 15 28 40 25 106 43 487 30
internal_value=0 -0.037025 0.0215679 -0.0291737 0.0568896 0.075032 -0.0750443 0.0750033 -0.0750011 0.0750023 -0.0750006 0.0750021 -0.0750005 0.075002
internal_weight=0 0.0104705 0.0163316 0.00670274 0.00962886 0.00787581 0.00447082 0.00547964 0.00781972 0.0026508 0.00672752 0.00368499 0.00495364 0.00203325
internal_count=1200 896 304 163 141 130 130 121 823 73 783 101 593 58
is_linear=0
shrinkage=0.1


Tree=287
num_leaves=14
num_cat=0
split_feature=4 2 5 3 5 1 3 2 3 1 6 3 6
split_gain=0.00945424 6.91904e-13 1.83404e-13 7.69901e-14 7.14203e-14 1.37516e-14 1.32544e-14 9.9855e-15 8.8601e-16 6.67435e-16 1.99927e-16 1.02999e-16 5.42101e-18
threshold=0.56793908774852764 -0.02343347109854221 0.35882781445980078 -0.023173969238996502 0.40361779928207403 0.031173014082014564 -0.012343392707407473 0.019756739027798179 -0.016354064457118508 0.018823808990418914 0.018490612506866459 0.015432638116180898 0.024855849333107475
decision_type=2 2 2 2 2 2 2 2 2 2 2 2 2
left_child=2 -2 -1 -3 5 8 -7 9 -4 10 -5 -10 -12
right_child=1 3 4 7 -6 6 -8 -9 11 -11 12 -13 -14
leaf_value=-0.075001970077235594 0.075004665502218626 0.075002975067304758 -0.075000529695888857 0.075001987851716412 -0.075001391032872275 -0.075001016293713529 -0.075000544852508899 0.07500232348719843 -0.075000405123647529 0.075002050470650727 0.075001944351016356 -0.075000445218362605 0.075001934231512038
leaf_weight=0.001365862027341791 0.0013569603652285878 0.001048845279001398 0.0010005247681874607 0.0014115605081315152 0.0012743739443976665 0.0010759093711385503 0.0013379866868490353 0.0010286917022312991 0.0017452476804464823 0.0010129445036000106 0.0011406390804040711 0.0010115462473549997 0.0010317814267182257
leaf_count=128 28 26 122 40 124 83 152 27 246 28 33 133 30
internal_value=0 0.0750026 -0.0750009 0.0750022 -0.0750007 -0.0750006 -0.0750008 0.075002 -0.0750004 0.075002 0.075002 -0.0750004 0.0750019
internal_weight=0 0.00803142 0.00881145 0.00667446 0.00744559 0.00617121 0.0024139 0.00562562 0.00375732 0.00459693 0.00358398 0.00275679 0.00217242
internal_count=1200 212 988 184 860 736 235 158 501 131 103 379 63
is_linear=0
shrinkage=0.1


Tree=288
num_leaves=15
num_cat=0
split_feature=1 4 0 3 2 2 1 4 3 2 1 3 0 3
split_gain=0.00354405 0.00299086 0.00228759 0.00279914 0.00150616 0.0005863 3.29868e-11 4.60386e-12 1.20604e-12 4.90575e-13 1.59603e-13 9.64073e-14 1.38843e-14 5.83734e-16
threshold=0.043034084141254432 0.56793908774852764 0.060567913576960571 -0.066597066819667802 0.046794245019555099 -0.046276550740003579 0.036206537857651717 0.25065159797668463 -0.032057624310255044 -0.039751833304762833 0.021996656432747844 -0.010292711202055214 0.15745192766189578 0.021898520179092888
decision_type=2 2 2 2 2 2 2 2 2 2 2 2 2 2
left_child=1 2 3 -1 5 -5 7 8 -7 -2 13 -11 -13 -10
right_child=9 -3 -4 4 -6 6 -8 -9 10 11 -12 12 -14 -15
leaf_value=-0.075015496008939767 -0.075003521000885531 -0.075000786380567896 -0.075003436811317797 0.0029637813306489028 -0.057206700112958066 0.075004628747002033 0.075021140335831626 0.075007560304885368 0.075001096607805517 -0.075002140598588507 0.075002432248566439 -0.075000813086913698 -0.075001282416212289 0.075001177647884651
leaf_weight=0.001730292711727084 0.0013780481294816127 0.0029536754391301647 0.0017526927513245019 0.0012440821883501459 0.0010274337300870693 0.0012231790460646161 0.0010371258467785091 0.0015514198930759457 0.0064099180362973199 0.0010099153423652751 0.0010366693586547626 0.0016418650493505984 0.0010231508158540237 0.0010305925443390151
leaf_count=58 66 212 91 5 67 32 4 35 329 31 41 115 64 50
internal_value=0 0.0182808 0.0335509 0.0452301 0.0595195 0.0683814 0.0750041 0.0750025 0.0750017 -0.0750019 0.0750013 -0.0750013 -0.075001 0.0750011
internal_weight=0 0.0209971 0.0180434 0.0162907 0.0145604 0.013533 0.0122889 0.0112518 0.00970036 0.00505298 0.00847718 0.00367493 0.00266502 0.00744051
internal_count=1200 924 712 621 563 496 491 487 452 276 420 210 179 379
is_linear=0
shrinkage=0.1


Tree=289
num_leaves=15
num_cat=0
split_feature=3 3 2 0 2 3 0 2 4 7 1 1 5 3
split_gain=0.00344237 0.00403166 0.00255013 8.64244e-05 1.17528e-10 1.21511e-12 2.01897e-13 5.1945e-14 3.407e-14 2.3754e-14 1.07657e-14 4.1011e-15 4.62087e-16 2.33971e-16
threshold=-0.080127414315938936 0.063414195552468314 -0.046276550740003579 0.20326892286539081 -0.052767565473914139 -0.033367959782481187 0.03726563788950444 0.12327522039413454 0.36240006983280187 0.84526509046554577 0.040321623906493194 0.017286915332078937 0.38520169258117681 0.010371689219027759
decision_type=2 2 2 2 2 2 2 2 2 2 2 2 2 2
left_child=4 2 -2 5 9 -4 8 -3 10 -1 13 -11 -9 -7
right_child=1 7 3 -5 -6 6 -8 12 -10 11 -12 -13 -14 -15
leaf_value=0.075002277715348328 0.013136275112929811 0.075002431120102728 -0.075004553973167576 -0.044044423508497722 0.07503426664021802 -0.075000412121711671 -0.075002175189573819 0.075001583912044728 -0.07500102650319751 0.075001897808667672 -0.075000786285775889 0.075001623599840292 0.075001668400996979 -0.075000469755383603
leaf_weight=0.0014037636556167854 0.0056761245868983652 0.0010956044934573575 0.0010231700766780705 0.0010099075461766924 0.0016387479263357809 0.002378139166921759 0.0010316586071894562 0.0016869938535819529 0.0018664739363885019 0.0010180610024690395 0.001125480920109112 0.001174876093500643 0.0010504101046535652 0.0010014732019953954
leaf_count=40 17 32 45 67 3 333 67 60 198 31 100 41 36 130
internal_value=0 -0.0165964 -0.0398287 -0.0716882 0.0750121 -0.0750013 -0.0750009 0.0750018 -0.0750007 0.075002 -0.0750005 0.0750018 0.0750016 -0.0750004
internal_weight=0 0.0189454 0.0151124 0.0094363 0.00523545 0.0084264 0.00740323 0.00383301 0.00637157 0.0035967 0.00450509 0.00219294 0.0027374 0.00337961
internal_count=1200 1085 957 940 115 873 828 128 761 112 563 72 96 463
is_linear=0
shrinkage=0.1


Tree=290
num_leaves=15
num_cat=0
split_feature=1 0 0 1 1 2 7 3 1 6 0 1 3 4
split_gain=0.00188135 0.00345109 0.00204828 0.00268528 0.00172892 9.47201e-10 3.22136e-10 1.01812e-12 1.98438e-13 2.94682e-14 5.36398e-15 2.7929e-15 1.02782e-15 1.74557e-16
threshold=0.030005271546542648 0.11959925666451456 0.096305742859840407 0.079572573304176344 0.079572573304176344 -0.02500662766396999 0.91211363673210155 -0.01538082445040345 0.021414827555418018 0.013587053399533035 0.21378990262746814 0.23105484247207644 -0.018572321161627766 0.25786697864532476
decision_type=2 2 2 2 2 2 2 2 2 2 2 2 2 2
left_child=1 8 4 -4 -2 -6 -5 -7 9 -1 -3 -9 -11 -14
right_child=2 10 3 6 5 7 -8 11 -10 12 -12 -13 13 -15
leaf_value=-0.07500095461412154 -0.03187420107522395 0.075001939619050939 0.062854694249016269 -0.075005528552522849 0.075084064335338777 0.075004928629755524 -0.075063797606759158 0.075001713377729207 -0.075002096859747167 -0.075000514333344981 0.075001613445388859 0.075001902063048284 -0.075000380160628613 -0.075000431680351032
leaf_weight=0.0014573516818927601 0.0019474927225928695 0.0010150125253858278 0.0022308987245196485 0.0016977497989500989 0.0020628128258977085 0.0015446885954588652 0.0021506550237972988 0.0017500329795439029 0.0010114847082149936 0.0010251264984617592 0.0010017744916694937 0.0014216718918760307 0.001908982148506766 0.0010010267878897139
leaf_count=180 25 32 39 115 9 20 15 58 81 131 35 43 286 131
internal_value=0 -0.0390749 0.0201268 -0.0244361 0.0511708 0.0750275 -0.0750381 0.0750028 -0.0750008 -0.0750006 0.0750018 0.0750018 -0.0750004 -0.0750004
internal_weight=0 0.00842076 0.014806 0.0060793 0.0087267 0.00677921 0.0038484 0.00471639 0.00640397 0.00539249 0.00201679 0.0031717 0.00393514 0.00291001
internal_count=1200 876 324 169 155 130 130 121 809 728 67 101 548 417
is_linear=0
shrinkage=0.1


Tree=291
num_leaves=13
num_cat=0
split_feature=4 2 5 5 3 1 3 2 3 1 6 3
split_gain=0.00814939 4.41102e-13 1.46809e-13 4.56319e-14 4.10392e-14 8.77423e-15 7.30579e-15 5.00424e-15 5.28874e-16 3.14419e-16 1.0365e-16 5.76796e-17
threshold=0.56793908774852764 -0.02343347109854221 0.35882781445980078 0.40361779928207403 -0.019614567048847672 0.031173014082014564 -0.0099052907899022085 0.0174476457759738 -0.012681718450039623 0.017433155328035358 0.018595594912767414 0.010948663577437403
decision_type=2 2 2 2 2 2 2 2 2 2 2 2
left_child=2 -2 -1 5 -3 8 -7 9 -4 10 -6 -10
right_child=1 4 3 -5 7 6 -8 -9 11 -11 -12 -13
leaf_value=-0.075001822278377442 0.075004015044382588 0.075002457470850326 -0.075000448784501628 -0.075001199476801172 0.075001711655027059 -0.075000843270479053 -0.075000468504546725 0.075001953149462605 -0.075000346439123983 0.075001751478273065 0.075001670926318431 -0.075000378650458291
leaf_weight=0.0011897924064214749 0.0011679572216962697 0.0010229947201878531 0.0010078147497551981 0.0010990445066454413 0.0010034619372163434 0.0010183773547396413 0.0010632829798851162 0.001034895927659818 0.001187013607705012 0.0010204485352005577 0.0016629899128020043 0.0010424106144455436
leaf_count=128 28 30 145 124 33 94 141 32 195 33 56 161
internal_value=0 0.0750022 -0.0750008 -0.0750006 0.0750019 -0.0750005 -0.0750007 0.0750018 -0.0750004 0.0750017 0.0750017 -0.0750004
internal_weight=0 0.00691275 0.00760774 0.00641794 0.00574479 0.0053189 0.00208166 0.0047218 0.00323724 0.0036869 0.00266645 0.00222942
internal_count=1200 212 988 860 184 736 235 154 501 122 89 356
is_linear=0
shrinkage=0.1


Tree=292
num_leaves=15
num_cat=0
split_feature=1 4 0 3 3 1 1 2 5 2 1 3 0 2
split_gain=0.00306465 0.00255635 0.00199348 0.00250413 0.00128719 0.000390727 2.02956e-11 5.21265e-12 7.49101e-13 3.51559e-13 5.24216e-14 4.45475e-14 9.84152e-15 2.26381e-16
threshold=0.043034084141254432 0.56793908774852764 0.060567913576960571 -0.048458371311426156 0.04514789022505284 0.009995047468692066 0.031173014082014564 -0.028697077184915539 0.35396733880043035 -0.039751833304762833 0.021094087511301044 -0.0092747514136135561 0.060567913576960571 0.018749455921351913
decision_type=2 2 2 2 2 2 2 2 2 2 2 2 2 2
left_child=1 2 3 5 6 -1 7 -5 -9 -2 13 -11 -13 -10
right_child=9 -3 -4 4 -6 -7 -8 8 10 11 -12 12 -14 -15
leaf_value=0.0028294850956406235 -0.075003162199821116 -0.075000677097273483 -0.075003407848269379 0.07500805338604373 -0.04339882629537288 -0.075018844994927433 0.075016822910349806 0.075003960477161055 0.075000956949281883 -0.075001703385171162 0.075001731923361861 -0.075000698161664325 -0.075001125465837842 0.075001008081040432
leaf_weight=0.00109909309139766 0.0012057449139319942 0.0025422566886845735 0.0015413058472404364 0.0014001797535456726 0.0010051798162749046 0.0015595606182614574 0.001090258727344918 0.0010341729539504775 0.004984047933248803 0.0010143271038032253 0.0010484464119144832 0.001140252577897626 0.0010221720949630253 0.0010485413622518536
leaf_count=27 66 212 91 32 72 37 7 43 294 41 49 93 76 60
internal_value=0 0.0180722 0.0330377 0.0447076 0.0647535 -0.0428362 0.0750039 0.0750024 0.0750014 -0.0750017 0.0750011 -0.0750012 -0.0750009 0.075001
internal_weight=0 0.018353 0.0158108 0.0142695 0.0116108 0.00265865 0.0106056 0.00951539 0.00811521 0.0043825 0.00708104 0.00317675 0.00216242 0.00603259
internal_count=1200 924 712 621 557 64 485 478 446 276 403 210 169 354
is_linear=0
shrinkage=0.1


Tree=293
num_leaves=15
num_cat=0
split_feature=2 2 1 3 1 2 0 2 3 2 2 1 3 6
split_gain=0.00299492 0.00346735 0.00245976 0.00113964 0.000340506 9.72413e-06 3.89831e-06 5.7048e-10 2.04586e-11 2.44231e-12 3.7168e-13 2.33517e-13 4.54957e-14 1.03541e-14
threshold=-0.067992143332958208 0.055192198604345329 0.22576473653316501 -0.054884653538465493 0.22689964622259143 0.023659969680011276 0.014187936671078207 -0.052767565473914139 -0.066597066819667802 -0.028697077184915539 0.13343279808759692 0.037099417299032218 -0.12606116384267804 0.011929523665457966
decision_type=2 2 2 2 2 2 2 2 2 2 2 2 2 2
left_child=8 2 3 -2 -4 7 -3 -5 12 -9 -8 13 -1 -11
right_child=1 6 4 5 -6 -7 10 9 -10 11 -12 -13 -14 -15
leaf_value=0.075001555446600796 0.029062153993014029 0.067610525028562823 0.073401604900253076 -0.075066728492209453 0.004226891376027493 -0.064581487771010013 0.075003860780151518 -0.075005966925116324 0.075016616403409883 -0.075000751985897035 0.075001373050246234 -0.075002122751867156 0.075002353420457912 -0.075000386653367168
leaf_weight=0.0022000528260832652 0.0012165889711468472 0.0010052626494143615 0.0015901967581157814 0.0016951221696217553 0.0012879099867859622 0.001001641911443584 0.0010442469865665771 0.0010937660672425418 0.0013089158819639115 0.001004847116746534 0.0014135070068732603 0.0010604745671116689 0.0010581179449218325 0.0034029599164568936
leaf_count=82 5 39 2 3 57 103 31 59 6 133 58 77 32 513
internal_value=0 -0.0163097 -0.0394335 -0.0619301 0.0424469 -0.0738863 0.0728567 -0.075015 0.0750061 -0.0750017 0.0750024 -0.0750008 0.0750018 -0.0750005
internal_weight=0 0.0168165 0.0133535 0.0104754 0.00287811 0.00925881 0.00346302 0.00825717 0.00456709 0.00656205 0.00245775 0.00546828 0.00325817 0.00440781
internal_count=1200 1080 952 893 59 888 128 785 120 782 89 723 114 646
is_linear=0
shrinkage=0.1


Tree=294
num_leaves=14
num_cat=0
split_feature=1 0 0 1 1 2 7 3 1 6 1 3 4
split_gain=0.00160973 0.00332231 0.00223028 0.00209646 0.00108969 7.54127e-10 2.40818e-10 6.49357e-13 3.63617e-13 1.831e-14 1.76812e-15 6.25801e-16 8.2833e-17
threshold=0.033131964504718787 0.11959925666451456 0.096305742859840407 0.079572573304176344 0.079572573304176344 -0.02500662766396999 0.91211363673210155 -0.01538082445040345 0.023263056762516502 0.013587053399533035 0.23105484247207644 -0.015708158724009987 0.2136112451553345
decision_type=2 2 2 2 2 2 2 2 2 2 2 2 2
left_child=1 8 4 -4 -2 -6 -5 -7 9 -1 -9 -11 -13
right_child=2 -3 3 6 5 7 -8 10 -10 11 -12 12 -14
leaf_value=-0.075000808007688463 -0.02076704866491386 0.075001725151195603 0.05965052881092936 -0.075005073801825736 0.075078849426065575 0.075004242512806227 -0.075058540017299849 0.075001475034414955 -0.075002580030805233 -0.075000434788438014 0.075001636853240405 -0.075000326548467153 -0.075000363451151103
leaf_weight=0.0012907412678941901 0.001483378563534643 0.0019783597817877308 0.0017440637166146189 0.00149379672438954 0.0018937472723337123 0.0013295410935825203 0.0019319320631439041 0.0015062730126373935 0.0010012385714617267 0.0010006693255490964 0.0012236494894750649 0.0015138469511839512 0.001014435385059187
leaf_count=186 11 73 33 115 9 20 15 58 67 150 43 262 158
internal_value=0 -0.0369514 0.0208489 -0.0295981 0.0559187 0.0750267 -0.0750352 0.0750024 -0.0750008 -0.0750005 0.0750015 -0.0750004 -0.0750003
internal_weight=0 0.00779929 0.0126064 0.00516979 0.00743659 0.00595321 0.00342573 0.00405946 0.00582093 0.00481969 0.00272992 0.00352895 0.00252828
internal_count=1200 896 304 163 141 130 130 121 823 756 101 570 420
is_linear=0
shrinkage=0.1


Tree=295
num_leaves=10
num_cat=0
split_feature=4 2 5 5 7 3 1 6 7
split_gain=0.00705195 3.79318e-13 1.24379e-13 3.09587e-14 2.03852e-14 5.49777e-15 5.60966e-16 4.27176e-16 3.49113e-17
threshold=0.56793908774852764 -0.02343347109854221 0.35882781445980078 0.40181677043437963 0.8676319718360902 -0.014961165376007555 0.030129094608128074 0.01774577330797911 0.82868558168411266
decision_type=2 2 2 2 2 2 2 2 2
left_child=2 -2 -1 5 7 -4 -7 -3 -9
right_child=1 4 3 -5 -6 6 -8 8 -10
leaf_value=-0.075001727972185919 0.075003730592179255 0.075001528116356561 -0.075000575243085288 -0.075001023896749702 0.075001924834499759 -0.075000310992851968 -0.075000403169275601 0.075001442959027331 0.075001469326617665
leaf_weight=0.001043662583697369 0.0010306010863132542 0.0014024375541339396 0.0015528591961810889 0.0010605030729493592 0.0015315317250497174 0.0019288454759589513 0.0010033090377419285 0.0010000628335546935 0.0010123538850166369
leaf_count=128 28 52 209 140 54 356 155 39 39
internal_value=0 0.075002 -0.0750007 -0.0750005 0.0750016 -0.0750004 -0.0750003 0.0750015 0.0750015
internal_weight=0 0.00597699 0.00658918 0.00554552 0.00494639 0.00448501 0.00293215 0.00341485 0.00201242
internal_count=1200 212 988 860 184 720 511 130 78
is_linear=0
shrinkage=0.1


Tree=296
num_leaves=15
num_cat=0
split_feature=1 4 0 3 3 3 1 2 5 2 1 3 2 4
split_gain=0.00264045 0.00218487 0.00173578 0.00214753 0.00089166 0.000489546 1.4569e-11 3.35781e-12 3.98745e-13 2.23721e-13 2.96083e-14 2.12376e-14 1.42681e-16 1.21864e-16
threshold=0.043034084141254432 0.56793908774852764 0.060567913576960571 -0.066597066819667802 0.038426583632826812 -0.048458371311426156 0.030859306454658512 -0.028697077184915539 0.3564110547304154 -0.039751833304762833 0.019448878243565563 -0.0051072039641439906 0.016817757859826091 0.16181045770645144
decision_type=2 2 2 2 2 2 2 2 2 2 2 2 2 2
left_child=1 2 3 -1 5 -5 7 -7 -9 -2 12 -11 13 -10
right_child=9 -3 -4 4 -6 6 -8 8 10 11 -12 -13 -14 -15
leaf_value=-0.075011999377691152 -0.075002723633327328 -0.075000583006709878 -0.07500334572620776 0.0033720889749715038 -0.031219047574692883 0.075007002825165481 0.075014869154793606 0.075003076827430126 0.075000813090614779 -0.07500136874399331 0.075001426722129394 -0.075000790736162032 0.075000865899209665 0.075000853553751273
leaf_weight=0.0013487899504980297 0.0010407252038930892 0.0021881440588913384 0.0013545471238103355 0.0010660470361472116 0.0010060349868581389 0.0011909443965123527 0.0010046083680208548 0.0010203716310570607 0.0028442869843274821 0.0010008804156314 0.0010132130928468541 0.0017421598740838809 0.0010068888777823304 0.0010039506378234364
leaf_count=58 66 212 91 6 78 31 9 52 197 53 56 157 67 67
internal_value=0 0.0178626 0.0325237 0.0441709 0.05858 0.0674803 0.0750035 0.0750021 0.0750013 -0.0750015 0.0750009 -0.075001 0.0750008 0.0750008
internal_weight=0 0.0160478 0.0138597 0.0125051 0.0111563 0.0101503 0.00908426 0.00807966 0.00688871 0.00378377 0.00586834 0.00274304 0.00485513 0.00384824
internal_count=1200 924 712 621 563 485 479 470 439 276 387 210 331 264
is_linear=0
shrinkage=0.1


Tree=297
num_leaves=14
num_cat=0
split_feature=3 3 1 2 3 1 2 2 1 2 7 4 2
split_gain=0.00262691 0.00302735 0.00197214 0.00105892 0.000831179 3.98579e-10 5.60662e-11 2.611e-12 1.60482e-13 3.62238e-14 2.02468e-14 1.88842e-14 3.29597e-16
threshold=-0.080127414315938936 0.063414195552468314 0.19002060592174533 -0.039751833304762833 -0.048458371311426156 0.17933385074138644 -0.052767565473914139 -0.031965389847755425 0.027167807333171371 0.13125406205654147 0.84526509046554577 0.36240006983280187 0.0079235015437006968
decision_type=2 2 2 2 2 2 2 2 2 2 2 2 2
left_child=6 2 4 -4 -2 7 10 -6 11 -3 -1 12 -9
right_child=1 9 3 -5 5 -7 -8 8 -10 -11 -12 -13 -14
leaf_value=0.075001883549869919 0.012927038103970634 0.075001956195845598 0.075056750033466846 -0.049931988229033365 -0.075006275131788203 -0.075062132241355703 0.075026892076444196 -0.075000315336451628 -0.075001891021431635 0.075001217917734619 0.075001325872711327 -0.075000792982021225 -0.075000386050589646
leaf_weight=0.0010758648350019939 0.0012523395280368286 0.0010255431952828084 0.0019439800726104295 0.0010407071131339771 0.0010248829698866766 0.001319580460403813 0.0012840573035646221 0.0018455659442224697 0.0010062523397209588 0.0018882623699028045 0.0016486344975419343 0.0013596851695183432 0.0010257565427309601
leaf_count=40 12 40 6 95 42 13 3 338 87 88 72 192 172
internal_value=0 -0.0162938 -0.0388018 0.0314754 -0.0625457 -0.0750122 0.0750097 -0.0750017 -0.0750008 0.0750015 0.0750015 -0.0750005 -0.0750003
internal_weight=0 0.0147326 0.0118188 0.00298469 0.00883406 0.00758172 0.00400856 0.00626214 0.00523726 0.00291381 0.0027245 0.00423101 0.00287132
internal_count=1200 1085 957 101 856 844 115 831 789 128 112 702 510
is_linear=0
shrinkage=0.1


Tree=298
num_leaves=14
num_cat=0
split_feature=1 0 0 1 1 0 2 7 3 1 6 1 3
split_gain=0.00138269 0.00286263 0.00193732 0.00181092 0.000963319 3.92925e-05 4.79727e-10 1.88531e-10 4.23198e-13 1.84778e-13 1.21049e-14 1.9288e-15 3.33934e-16
threshold=0.033131964504718787 0.11959925666451456 0.096305742859840407 0.05544888228178025 0.079572573304176344 0.21037911623716357 -0.02500662766396999 0.91211363673210155 -0.01538082445040345 0.021414827555418018 0.013587053399533035 0.23105484247207644 -0.0099052907899022085
decision_type=2 2 2 2 2 2 2 2 2 2 2 2 2
left_child=1 9 4 -4 -2 7 -6 -5 -8 10 -1 -10 -12
right_child=2 -3 3 5 6 -7 8 -9 11 -11 12 -13 -14
leaf_value=-0.075000711563809261 -0.019322973915223095 0.075001486303795828 0.075002968879483531 -0.075005557565615555 0.075067596040042622 -0.051403338435168325 0.075003685756722671 -0.075062608836691025 0.075001269696689243 -0.07500193957542256 -0.075000367458446654 0.075001450464130606 -0.075000296332446426
leaf_weight=0.0010862469216590389 0.0013687012433365453 0.0017034547599905636 0.0012099312953068875 0.0011494437048895634 0.0016370430730603402 0.0010104961179422389 0.0011535132816788973 0.0011676236485982372 0.0012971274318260839 0.0010100121121467964 0.0010045481926681523 0.0010833004507730948 0.0019250599998486004
leaf_count=180 11 73 29 71 9 57 20 6 58 95 179 43 369
internal_value=0 -0.0370293 0.0204421 -0.029764 0.0552771 -0.0678582 0.0750228 -0.0750343 0.0750021 -0.0750007 -0.0750004 0.0750014 -0.0750003
internal_weight=0 0.00672932 0.0110772 0.00453749 0.00653969 0.00332756 0.00517098 0.00231707 0.00353394 0.00502587 0.00401586 0.00238043 0.00292961
internal_count=1200 896 304 163 141 134 130 77 121 823 728 101 548
is_linear=0
shrinkage=0.1


Tree=299
num_leaves=9
num_cat=0
split_feature=4 2 5 7 5 3 6 1
split_gain=0.00609719 1.90387e-13 9.1279e-14 2.02342e-14 1.70116e-14 3.16327e-15 2.66497e-16 2.65413e-16
threshold=0.56793908774852764 -0.020844737999141213 0.35992479324340826 0.8676319718360902 0.40075840055942541 -0.014961165376007555 0.01774577330797911 0.022412451915442947
decision_type=2 2 2 2 2 2 2 2
left_child=2 -2 -1 6 5 -4 -3 -7
right_child=1 3 4 -5 -6 7 -8 -9
leaf_value=-0.075001513418467503 0.075002957267720105 0.075001317629076136 -0.075000494873657703 0.075001755943681941 -0.075000827440831377 -0.075000271120183926 0.075001255260511435 -0.075000338216874865
leaf_weight=0.0010101658649546152 0.001018806313368259 0.0011630382559815189 0.0012473824517655885 0.0013123610679031117 0.0010174084261507232 0.0014213358244887786 0.0016671816047164612 0.0010086091961056809
leaf_count=143 34 50 196 53 160 304 75 185
internal_value=0 0.0750017 -0.0750007 0.0750014 -0.0750005 -0.0750004 0.0750013 -0.0750003
internal_weight=0 0.00516139 0.0057049 0.00414258 0.00469474 0.00367733 0.00283022 0.00242995
internal_count=1200 212 988 178 845 685 125 489
is_linear=0
shrinkage=0.1


Tree=300
num_leaves=15
num_cat=0
split_feature=1 4 2 0 3 2 1 4 3 2 6 2 1 1
split_gain=0.00227614 0.00186501 0.00155353 0.00188094 0.00069439 0.000394859 9.45959e-12 1.32779e-12 4.94176e-13 1.16052e-13 9.71337e-15 2.8727e-15 7.80626e-18 2.1684e-19
threshold=0.043034084141254432 0.56793908774852764 -0.067992143332958208 0.060567913576960571 0.033526632934808738 -0.036562610417604439 0.029661037027835849 0.23365041613578799 -0.022820421494543549 -0.02500662766396999 0.021173938177526001 0.016007021069526676 0.014428204391151668 0.0067249664571136245
decision_type=2 2 2 2 2 2 2 2 2 2 2 2 2 2
left_child=1 2 -1 4 5 -4 7 8 -7 -2 -11 12 13 -10
right_child=9 -3 3 -5 -6 6 -8 -9 11 10 -12 -13 -14 -15
leaf_value=-0.075006628504067918 -0.075002181960387493 -0.075000501890234508 0.0087390597146909735 -0.075003293910604563 -0.020319489788485898 0.075003055418415052 0.075012282044622972 0.075004928071942437 0.075000696774631476 -0.075001078263780302 -0.07500066120534167 0.07500089013369228 0.075000706510251092 0.075000694931165512
leaf_weight=0.0012223870107845878 0.0010097679087266442 0.0018833555695891855 0.0010172701058763804 0.0011874211604663296 0.0010081001491926153 0.0011705275446729528 0.0010028471806435846 0.0011750682560887071 0.0013374678546824673 0.0012539816189018884 0.0010068045885418542 0.0010269359763697139 0.0010124336758963182 0.0010263583544656285
leaf_count=59 75 212 10 91 85 58 15 46 108 104 97 76 81 83
internal_value=0 0.017612 0.0319243 0.0438457 0.05828 0.067316 0.0750032 0.0750019 0.0750012 -0.0750013 -0.0750009 0.0750007 0.0750007 0.0750007
internal_weight=0 0.0140702 0.0121868 0.0109644 0.00977701 0.00876891 0.00775164 0.00674879 0.00557372 0.00327055 0.00226079 0.0044032 0.00337626 0.00236383
internal_count=1200 924 712 653 562 477 467 452 406 276 201 348 272 191
is_linear=0
shrinkage=0.1


Tree=301
num_leaves=14
num_cat=0
split_feature=2 2 0 5 3 3 7 7 3 2 7 3 1
split_gain=0.00229943 0.00264203 0.00182541 0.000430436 0.000391048 7.06385e-06 2.50235e-06 2.29717e-10 1.07271e-11 1.50353e-12 2.5948e-14 9.276e-15 4.33247e-16
threshold=-0.067992143332958208 0.055192198604345329 0.17949624359607699 0.40361779928207403 -0.044825410470366471 0.018315894529223446 0.86058279871940624 0.75939255952835094 -0.066597066819667802 -0.025242735631763932 0.84526509046554577 -0.014961165376007555 0.016994151286780838
decision_type=2 2 2 2 2 2 2 2 2 2 2 2 2
left_child=8 2 4 -4 -2 7 -3 -6 10 -9 -1 -11 -13
right_child=1 6 3 -5 5 -7 -8 9 -10 11 -12 12 -14
leaf_value=0.075001800742678496 -0.0071489035698127012 0.07500217866040565 -0.012203871962764198 0.068042351720265112 -0.075051143019873964 -0.065947748800630854 0.068670341528187684 -0.075004834986550362 0.075013530108848148 -0.075000686168209652 0.075001145481010237 -0.075000283142785257 -0.075000370789557902
leaf_weight=0.0010501341093913652 0.0010250668783555739 0.0016532298050151448 0.0012317164637352107 0.0014616558992202044 0.0011875538425556442 0.0010191214182668773 0.0010027043208538089 0.0010147995017177891 0.0010394304736109907 0.0010039349760972982 0.0014235752805689117 0.0012849366539740004 0.001005457580959046
leaf_count=42 13 76 86 12 29 147 52 64 6 157 72 266 178
internal_value=0 -0.0162589 -0.0393221 0.0313446 -0.0645622 -0.0735945 0.0726117 -0.0750122 0.075005 -0.0750015 0.0750014 -0.0750004 -0.0750003
internal_weight=0 0.0128902 0.0102342 0.00269337 0.00754087 0.0065158 0.00265593 0.00549668 0.00351314 0.00430913 0.00247371 0.00329433 0.00229039
internal_count=1200 1080 952 98 854 841 128 694 120 665 114 601 444
is_linear=0
shrinkage=0.1


Tree=302
num_leaves=12
num_cat=0
split_feature=1 0 0 1 1 2 7 1 3 6 3
split_gain=0.0011992 0.00294828 0.00233051 0.00117862 0.000243972 3.15256e-10 1.00125e-10 2.38157e-12 1.79522e-13 7.0755e-15 2.83627e-16
threshold=0.037099417299032218 0.11087276041507722 0.096305742859840407 0.079572573304176344 0.14033813029527667 -0.025684285908937451 0.91211363673210155 0.025245404802262787 -0.010292711202055214 0.013740635477006437 -0.0084381122142076475
decision_type=2 2 2 2 2 2 2 2 2 2 2
left_child=1 7 4 -4 -2 -6 -5 9 -7 -1 -11
right_child=2 -3 3 6 5 8 -8 -9 -10 10 -12
leaf_value=-0.075000591601460234 0.020256583978230262 0.075001388946427452 0.052444591212442743 -0.075003819564597188 0.075059809169313541 0.075002804657621713 -0.075043421580890696 -0.075005803794617035 0.075001162691251691 -0.075000323161792129 -0.075000256335161067
leaf_weight=0.0010016945107054207 0.001002564227746916 0.0018081241978507023 0.0010060931217594771 0.0011271965536252537 0.0013691491640202003 0.001017380198391038 0.0014723215940648515 0.0010261638244628557 0.0019272248700872296 0.0010036720950665776 0.0017275098930440427
leaf_count=194 9 84 22 115 8 24 15 45 95 206 383
internal_value=0 -0.0337015 0.0226026 -0.0394574 0.0646927 0.0750202 -0.0750262 -0.0750015 0.0750017 -0.0750004 -0.0750003
internal_weight=0 0.00656716 0.00892193 0.00360561 0.00531632 0.00431375 0.00259952 0.00475904 0.00294461 0.00373288 0.00273118
internal_count=1200 912 288 152 136 127 130 828 119 783 589
is_linear=0
shrinkage=0.1


Tree=303
num_leaves=8
num_cat=0
split_feature=4 2 5 7 5 3 6
split_gain=0.00526997 9.00369e-14 6.60327e-14 1.75931e-14 9.34929e-15 1.68485e-15 1.91904e-16
threshold=0.56793908774852764 -0.016898754052817818 0.36221341788768774 0.8676319718360902 0.39792396128177648 -0.01423712959513068 0.01791286934167147
decision_type=2 2 2 2 2 2 2
left_child=2 -2 -1 6 5 -4 -3
right_child=1 3 4 -5 -6 -7 -8
leaf_value=-0.075001313485515919 0.075002326665745633 0.075001139050380111 -0.075000418721503259 0.07500159386241248 -0.075000667580815306 -0.075000259332908825 0.075001081227726321
leaf_weight=0.0010033546909653523 0.0010289086039847462 0.0010028751057689078 0.0010137753154140228 0.0010795903162943432 0.0010073987784835481 0.0019176791504378343 0.0013405701647570822
leaf_count=168 42 50 186 50 188 446 70
internal_value=0 0.0750015 -0.0750006 0.0750013 -0.0750004 -0.0750003 0.0750011
internal_weight=0 0.00445194 0.00494221 0.00342304 0.00393885 0.00293145 0.00234345
internal_count=1200 212 988 170 820 632 120
is_linear=0
shrinkage=0.1


Tree=304
num_leaves=13
num_cat=0
split_feature=1 4 2 0 3 4 1 3 2 6 7 0
split_gain=0.00196028 0.00163935 0.00142531 0.00177476 0.000600963 0.000101639 5.7701e-12 1.17977e-12 3.27802e-13 5.7629e-14 5.34078e-15 3.25261e-17
threshold=0.043034084141254432 0.36240006983280187 -0.067992143332958208 0.060567913576960571 0.027827864512801174 1.3988199830055239 0.027167807333171371 -0.025265380740165707 -0.016898754052817818 0.020802294835448269 0.88266190886497509 0.0072435329202562579
decision_type=2 2 2 2 2 2 2 2 2 2 2 2
left_child=1 2 -1 4 6 -3 7 -4 -9 -2 11 -10
right_child=9 5 3 -5 -6 -7 -8 8 10 -11 -12 -13
leaf_value=-0.075005705691105443 -0.075001534293768823 -0.033185268786912865 0.075004659448685201 -0.075003068900983572 -0.0065598310841767267 -0.07500043042374227 0.075009983649987969 0.075002704961876665 0.075000625020536144 -0.07500062840795535 0.075000882916664458 0.075000602079349846
leaf_weight=0.0010521323938519353 0.0015373311412076882 0.0010085033009090702 0.0012053694463247701 0.0010357653072787807 0.0010408047328382963 0.0013722225216952211 0.0010336481718695723 0.001042033329213158 0.0010196918356086757 0.0012928004180139396 0.0010105047576871584 0.001529622732050484
leaf_count=59 135 36 50 91 95 180 21 70 93 141 86 143
internal_value=0 0.0172686 0.0350725 0.0480601 0.0642324 -0.057287 0.0750031 0.0750019 0.0750011 -0.0750011 0.0750007 0.0750006
internal_weight=0 0.0123503 0.00996957 0.00891744 0.00788168 0.00238073 0.00684087 0.00580722 0.00460185 0.00283013 0.00355982 0.00254931
internal_count=1200 924 708 649 558 216 463 442 392 276 322 236
is_linear=0
shrinkage=0.1


Tree=305
num_leaves=12
num_cat=0
split_feature=3 3 2 1 2 2 3 4 4 2 7
split_gain=0.00203218 0.0023235 0.00152951 0.00151123 1.5079e-10 3.3144e-11 6.28421e-13 1.46852e-13 3.29339e-14 1.49165e-14 8.88417e-15
threshold=-0.080127414315938936 0.063414195552468314 -0.067992143332958208 0.22576473653316501 -0.052767565473914139 -0.052767565473914139 -0.025265380740165707 0.048284951597452171 0.27636989951133734 0.14628488570451739 0.86027276515960704
decision_type=2 2 2 2 2 2 2 2 2 2 2
left_child=5 2 -2 4 -4 10 -6 -8 -9 -3 -1
right_child=1 9 3 -5 6 -7 7 8 -10 -11 -12
leaf_value=0.075001404087789714 0.075010282732036027 0.07500144885401383 -0.075042325423879813 0.033462413660640726 -0.075003681700769265 0.075022934662587137 -0.07500193355358252 -0.075000357787841615 -0.075001021550415714 0.075000932096613127 0.075000986844308712
leaf_weight=0.001004527151962975 0.0010474188275111382 0.0010623767084325672 0.0010890405028476406 0.0016031788668442459 0.0010726060586421253 0.0010677589161787191 0.0011667703042803571 0.0018982182461968478 0.0012331045920745964 0.0011779271735576913 0.001037236297634081
leaf_count=51 10 56 3 56 95 3 188 399 206 72 61
internal_value=0 -0.0162366 -0.0386727 -0.0534408 -0.0750084 0.0750087 -0.0750015 -0.075001 -0.0750006 0.0750012 0.0750012
internal_weight=0 0.0113506 0.00911034 0.00806292 0.00645974 0.00310952 0.0053707 0.00429809 0.00313132 0.0022403 0.00204176
internal_count=1200 1085 957 947 891 115 888 793 605 128 112
is_linear=0
shrinkage=0.1


Tree=306
num_leaves=10
num_cat=0
split_feature=1 0 3 2 2 3 1 5 4
split_gain=0.00101397 0.00131547 0.00107046 0.000758239 0.000722667 0.000292606 2.97592e-05 1.75319e-10 3.46576e-15
threshold=0.0249448586255312 0.027454004622995857 -0.012343392707407473 -0.044158283621072762 0.021015946753323082 -0.023173969238996502 0.043034084141254432 0.35807041823863989 0.23365041613578799
decision_type=2 2 2 2 2 2 2 2 2
left_child=1 8 3 -2 6 -5 -4 -8 -1
right_child=2 -3 4 5 -6 -7 7 -9 -10
leaf_value=-0.075000232988068127 -0.075027185178207279 0.056682474624844652 0.055581787176701904 -0.014055938077103716 -0.016048002991829961 0.053852815554165268 0.075052384800789781 0.075001097955281815 -0.075000451217947239
leaf_weight=0.0019324577276620411 0.0015890881809355051 0.0010044411594662961 0.0011066575314089278 0.0016425143076048698 0.0013334066707102465 0.0010338906149627292 0.0011572359262572718 0.0015718621352789341 0.0011672340192490083
leaf_count=501 71 82 47 24 105 24 8 85 253
internal_value=0 -0.0427724 0.0167703 -0.0203104 0.0473686 0.0121771 0.0694139 0.0750228 -0.0750003
internal_weight=0 0.00410413 0.00943466 0.00426549 0.00516916 0.0026764 0.00383576 0.0027291 0.00309969
internal_count=1200 836 364 119 245 48 140 93 754
is_linear=0
shrinkage=0.1


Tree=307
num_leaves=7
num_cat=0
split_feature=4 5 5 4 6 1
split_gain=0.00455901 4.52494e-14 3.71413e-14 4.27046e-15 2.26208e-15 9.62121e-16
threshold=0.56793908774852764 0.25636999309062963 0.36642578244209295 0.14392608404159549 0.019272928126156334 0.022536324337124828
decision_type=2 2 2 2 2 2
left_child=2 4 -1 5 -2 -4
right_child=1 -3 3 -5 -6 -7
leaf_value=-0.075001051311940181 0.075001129185148674 0.075001711680934766 -0.075000213167906157 -0.075000516805289325 0.075000925618173925 -0.075000347344222187
leaf_weight=0.0010143782228624332 0.0010036629282694776 0.0016460830865980824 0.0011413324193654262 0.0011210510322143818 0.0011966851488978136 0.0010048202748293988
leaf_count=208 57 82 321 247 73 212
internal_value=0 0.0750013 -0.0750005 -0.0750004 0.075001 -0.0750003
internal_weight=0 0.00384643 0.00428158 0.0032672 0.00220035 0.00214615
internal_count=1200 212 988 780 130 533
is_linear=0
shrinkage=0.1


Tree=308
num_leaves=12
num_cat=0
split_feature=1 4 0 2 3 4 1 3 7 6 3
split_gain=0.00172189 0.0013934 0.0010429 0.00127973 0.000518601 8.5813e-05 4.12128e-12 7.24773e-13 6.22545e-14 3.89567e-14 1.6263e-17
threshold=0.043034084141254432 0.36240006983280187 0.032955069094896323 -0.052767565473914139 0.026909179985523227 1.519098222255707 0.025899141095578674 -0.022820421494543549 0.88781413435935985 0.020802294835448269 0.0018246340914629402
decision_type=2 2 2 2 2 2 2 2 2 2 2
left_child=1 2 3 -1 6 -3 7 -5 10 -2 -9
right_child=9 5 -4 4 -6 -7 -8 8 -10 -11 -12
leaf_value=-0.057711988101570647 -0.075001361140776879 -0.034555882872070613 -0.059005751418868872 0.075003714321105697 -0.002948339601343664 -0.075000370900586921 0.075008497329874607 0.075000520999764994 0.075001456611377998 -0.075000566119512224 0.075000537193447667
leaf_weight=0.0010042372864518274 0.0013465359702422583 0.0010000302036132789 0.0010424283741485851 0.0011107474047094019 0.0010037327019745135 0.0011034868207389081 0.0010203857100350433 0.0014515261245833209 0.0010047851874332991 0.0011366081612322887 0.0011136873363284394
leaf_count=58 135 48 97 61 100 168 25 157 92 141 118
internal_value=0 0.0173059 0.0348711 0.0475652 0.0633333 -0.0557727 0.0750027 0.0750015 0.0750008 -0.075001 0.0750005
internal_weight=0 0.010855 0.00875153 0.0077091 0.00670486 0.00210352 0.00570113 0.00468075 0.00357 0.00248314 0.00256521
internal_count=1200 924 708 611 553 216 453 428 367 276 275
is_linear=0
shrinkage=0.1


Tree=309
num_leaves=8
num_cat=0
split_feature=3 3 2 1 2 3 6
split_gain=0.00177282 0.00205113 0.00135178 3.22552e-05 2.24746e-11 2.29281e-13 4.70121e-14
threshold=-0.080127414315938936 0.063414195552468314 -0.046276550740003579 0.079572573304176344 -0.067992143332958208 -0.020378443412482735 0.01461555762216449
decision_type=2 2 2 2 2 2 2
left_child=4 2 -2 5 -1 -4 -7
right_child=1 -3 3 -5 -6 6 -8
leaf_value=0.075001020057399739 0.013629893079378922 0.075001050132533789 -0.075002327209224312 -0.054913392468454759 0.075019832057352423 -0.075001128625807378 -0.075000286288238155
leaf_weight=0.0017152371601696359 0.0030626300394942536 0.0019844617754642977 0.0010036956145995663 0.0010029076445334795 0.0010084552795888166 0.0010105164219567052 0.0019243168742377748
leaf_count=110 17 128 135 130 5 194 481
internal_value=0 -0.016007 -0.0385708 -0.0709241 0.075008 -0.075001 -0.0750006
internal_weight=0 0.00998853 0.00800407 0.00494144 0.00272369 0.00393853 0.00293483
internal_count=1200 1085 957 940 115 810 675
is_linear=0
shrinkage=0.1


Tree=310
num_leaves=10
num_cat=0
split_feature=1 0 0 1 1 2 1 3 6
split_gain=0.000892275 0.00227008 0.00177556 0.000594108 0.00016219 1.28432e-10 8.74944e-13 6.23945e-14 3.15004e-15
threshold=0.037099417299032218 0.11087276041507722 0.096305742859840407 0.18149581551551822 0.1730962619185448 -0.025941736996173855 0.021651168353855613 -0.006617562845349311 0.016568795777857307
decision_type=2 2 2 2 2 2 2 2 2
left_child=1 6 4 -4 -2 -6 8 -7 -1
right_child=2 -3 3 -5 5 7 -8 -9 -10
leaf_value=-0.075000433241946052 0.029186026688583812 0.075001078501297669 0.01847746358053708 -0.07502377001008402 0.075044903356891499 0.075001983126259941 -0.075003757813546845 0.075000895540978982 -0.075000207880374467
leaf_weight=0.001002430668904708 0.001026805709443579 0.0013960325613879832 0.0011099261450908671 0.001752631558019857 0.0010005896465372643 0.0010117885276486049 0.0010089950119436253 0.0011020580004696967 0.0016266842906134116
leaf_count=261 21 84 63 89 7 37 96 71 471
internal_value=0 -0.0334037 0.0217908 -0.0387697 0.0636522 0.0750154 -0.0750013 0.0750014 -0.0750003
internal_weight=0 0.00503414 0.0070038 0.00286256 0.00414124 0.00311444 0.00363811 0.00211385 0.00262911
internal_count=1200 912 288 152 136 115 828 108 732
is_linear=0
shrinkage=0.1


Tree=311
num_leaves=5
num_cat=0
split_feature=4 5 1 4
split_gain=0.00396396 2.79195e-14 2.25714e-14 2.36009e-15
threshold=0.56793908774852764 0.25636999309062963 0.040321623906493194 0.12480790540575983
decision_type=2 2 2 2
left_child=2 -2 3 -1
right_child=1 -3 -4 -5
leaf_value=-0.075000195189249164 0.075000890490201463 0.075001475643273918 -0.075000790289379726 -0.075000397691782933
leaf_weight=0.0013508041051863984 0.001907866055262275 0.001423986759618856 0.0013847595851075312 0.0010028487827185018
leaf_count=430 130 82 280 278
internal_value=0 0.0750011 -0.0750005 -0.0750003
internal_weight=0 0.00333185 0.00373841 0.00235365
internal_count=1200 212 988 708
is_linear=0
shrinkage=0.1


Tree=312
num_leaves=9
num_cat=0
split_feature=0 4 2 1 3 3 0 1
split_gain=0.00150588 0.00118407 0.00103028 0.000795377 0.000434212 8.23874e-13 2.01411e-13 7.62502e-14
threshold=0.039608936756849296 0.56793908774852764 -0.046276550740003579 0.037099417299032218 0.026229050010442737 -0.017556927166879174 0.18994797021150592 0.015367975924164059
decision_type=2 2 2 2 2 2 2 2
left_child=1 2 -1 4 5 -4 -2 -7
right_child=6 -3 3 -5 -6 7 -8 -9
leaf_value=-0.040923001111436395 -0.075002575242406735 -0.075000325218204544 0.075003572298397284 -0.033890730143527524 0.0032976400081699228 0.075000458091246766 -0.075000646467469734 0.075001523689691652
leaf_weight=0.0016286642999148188 0.0010013432579398804 0.0012194430819363342 0.0016943397477007256 0.0010153310468012933 0.0010292431479683728 0.0020005392607345095 0.0011786918762481946 0.0010108026785928814
leaf_count=64 104 212 106 104 104 248 160 98
internal_value=0 0.0170664 0.0304656 0.0476898 0.0621331 0.0750018 -0.0750015 0.0750008
internal_weight=0 0.00959836 0.00837892 0.00675026 0.00573492 0.00470568 0.00218004 0.00301134
internal_count=1200 936 724 660 556 452 264 346
is_linear=0
shrinkage=0.1


Tree=313
num_leaves=8
num_cat=0
split_feature=3 2 2 2 2 6 3
split_gain=0.00154485 0.00180394 0.00119091 2.44269e-05 1.24971e-11 5.53021e-14 1.15541e-14
threshold=-0.080127414315938936 0.06425290554761888 -0.046276550740003579 0.019526022486388687 -0.091485355049371705 0.015903289429843429 -0.0036735844332724805
decision_type=2 2 2 2 2 2 2
left_child=4 2 -2 5 -1 -4 -7
right_child=1 -3 3 -5 -6 6 -8
leaf_value=0.075000918529831498 0.012368686911887208 0.075001371380605156 -0.075001297500991937 -0.057277304268331899 0.075015560724933927 -0.075000691599325972 -0.07500022409237328
leaf_weight=0.0013846445399394725 0.0028558973663166407 0.0017684463473415235 0.0011887909713550462 0.001016482550994624 0.0010067070306831747 0.0010040565223334861 0.0011164870518314265
leaf_count=102 17 124 247 166 13 219 312
internal_value=0 -0.0154706 -0.0377487 -0.0708361 0.0750071 -0.0750008 -0.0750004
internal_weight=0 0.00895016 0.00718171 0.00432582 0.00239135 0.00330933 0.00212054
internal_count=1200 1085 961 944 115 778 531
is_linear=0
shrinkage=0.1


Tree=314
num_leaves=9
num_cat=0
split_feature=1 0 0 1 1 1 1 6
split_gain=0.000766253 0.00196861 0.00156877 0.000528197 0.000136262 8.90216e-11 4.42515e-13 2.26837e-15
threshold=0.037099417299032218 0.11087276041507722 0.096305742859840407 0.18149581551551822 0.17823623865842822 0.18149581551551822 0.018924198113381866 0.01940031070262194
decision_type=2 2 2 2 2 2 2 2
left_child=1 6 4 -4 -2 -6 7 -1
right_child=2 -3 3 -5 5 -7 -8 -9
leaf_value=-0.075000389274269968 0.0325612417062058 0.075000935041548422 0.017242356890930313 -0.075021800110689374 0.075038932769594932 0.075001112555082752 -0.075002822141141498 -0.075000183526653608
leaf_weight=0.0010038277732746792 0.0010588616232780623 0.0012104009001632221 0.0010265021878694824 0.0015687144637013262 0.0010027727230408345 0.001640606267756084 0.0010033932469468709 0.001149401725797361
leaf_count=303 25 84 63 89 8 103 142 383
internal_value=0 -0.0334253 0.0210853 -0.038528 0.0628733 0.0750155 -0.0750011 -0.0750003
internal_weight=0 0.00436702 0.00629746 0.00259522 0.00370224 0.00264338 0.00315662 0.00215323
internal_count=1200 912 288 152 136 111 828 686
is_linear=0
shrinkage=0.1


Tree=315
num_leaves=5
num_cat=0
split_feature=4 5 1 4
split_gain=0.00344808 2.22871e-14 1.63292e-14 1.934e-15
threshold=0.56793908774852764 0.25636999309062963 0.040321623906493194 0.10846487060189249
decision_type=2 2 2 2
left_child=2 -2 3 -1
right_child=1 -3 -4 -5
leaf_value=-0.075000165597730831 0.075000768940851961 0.075001330013695189 -0.075000723906678002 -0.075000359880621995
leaf_weight=0.0010431729592710326 0.0016486006361446925 0.0012408148913891637 0.0012130330753734597 0.0010068648283549919
leaf_count=386 130 82 280 322
internal_value=0 0.075001 -0.0750004 -0.0750003
internal_weight=0 0.00288942 0.00326307 0.00205004
internal_count=1200 212 988 708
is_linear=0
shrinkage=0.1


Tree=316
num_leaves=8
num_cat=0
split_feature=1 4 0 3 3 1 2
split_gain=0.00132657 0.00101054 0.000584698 0.000707629 0.000344229 3.36208e-12 2.04828e-13
threshold=0.043034084141254432 0.36240006983280187 0.027454004622995857 -0.044825410470366471 0.022688270546495918 0.023263056762516502 -0.011128203012049196
decision_type=2 2 2 2 2 2 2
left_child=1 2 3 -1 5 6 -5
right_child=-2 -3 -4 4 -6 -7 -8
leaf_value=-0.029678190910230412 -0.07500081761092342 -0.054310825228547348 -0.036569802216514347 0.075002168996788882 0.0094194200429430098 0.075007739455616063 0.075000396393006291
leaf_weight=0.0010322940743208173 0.0019244187105869068 0.001616020827441389 0.0010161538134525472 0.0010012475599978652 0.0010087661121360725 0.0010035272985078336 0.0018682080803955597
leaf_count=60 276 216 117 109 114 40 268
internal_value=0 0.0168989 0.033504 0.0455441 0.0614506 0.0750028 0.075001
internal_weight=0 0.00854622 0.0069302 0.00591404 0.00488175 0.00387298 0.00286946
internal_count=1200 924 708 591 531 417 377
is_linear=0
shrinkage=0.1


Tree=317
num_leaves=8
num_cat=0
split_feature=3 3 1 3 1 2 1
split_gain=0.00135113 0.00162448 0.00109714 0.000225641 3.00927e-06 5.18954e-11 2.09325e-14
threshold=-0.066597066819667802 0.063414195552468314 0.19002060592174533 -0.025265380740165707 0.022883633151650432 -0.046276550740003579 0.015177079010754825
decision_type=2 2 2 2 2 2 2
left_child=4 2 3 -2 -1 -5 -7
right_child=1 -3 -4 5 -6 6 -8
leaf_value=0.067678868526502178 -0.021921867319851053 0.075000881575243872 0.031481329734350791 -0.075026946537005576 0.07500514129073621 -0.075000238723624574 -0.075000807836572203
leaf_weight=0.0010130217669939165 0.0010268046260080163 0.001575746829075797 0.0016539228170131537 0.0010394008349976511 0.0012555128669191618 0.0013828701080456068 0.0012133352335013114
leaf_count=49 94 128 100 5 71 471 282
internal_value=0 -0.0158335 -0.0384941 -0.0633169 0.0717336 -0.0750081 -0.0750005
internal_weight=0 0.00789208 0.00631633 0.00466241 0.00226853 0.00363561 0.00259621
internal_count=1200 1080 952 852 120 758 753
is_linear=0
shrinkage=0.1


Tree=318
num_leaves=8
num_cat=0
split_feature=1 0 0 1 1 2 1
split_gain=0.000655992 0.0016985 0.00136232 0.000365237 0.000155785 6.14729e-11 2.24008e-13
threshold=0.037099417299032218 0.11087276041507722 0.096305742859840407 0.19529382139444354 0.17823623865842822 -0.017277489416301247 0.016526333056390289
decision_type=2 2 2 2 2 2 2
left_child=1 6 4 -4 -2 -6 -1
right_child=2 -3 3 -5 5 -7 -8
leaf_value=-0.075000249905999253 0.027958304446516875 0.075000805286282876 0.0039663977056155156 -0.0750219252927668 0.075033727090637367 0.075001062110415184 -0.075002128070199958
leaf_weight=0.0017329203669760318 0.0010028642791439779 0.0010426105309306877 0.0010952541765618662 0.0012575133730479138 0.0010025327173934784 0.0013545523124776082 0.0010023450290645997
leaf_count=633 25 84 76 76 18 93 195
internal_value=0 -0.0336038 0.0201057 -0.0382515 0.0609697 0.075015 -0.0750009
internal_weight=0 0.00377788 0.00571272 0.00235277 0.00335995 0.00235709 0.00273527
internal_count=1200 912 288 152 136 111 828
is_linear=0
shrinkage=0.1


Tree=319
num_leaves=4
num_cat=0
split_feature=4 5 1
split_gain=0.00299267 1.8148e-14 1.22114e-14
threshold=0.56793908774852764 0.25636999309062963 0.040321623906493194
decision_type=2 2 2
left_child=2 -2 -1
right_child=1 -3 -4
leaf_value=-0.07500022685361156 0.075000662041744853 0.075001206064428311 -0.075000655198114677
leaf_weight=0.0017799082924057075 0.0014203775544956443 0.001078986869288201 0.0010630321369262674
leaf_count=708 130 82 280
internal_value=0 0.0750009 -0.0750004
internal_weight=0 0.00249936 0.00284294
internal_count=1200 212 988
is_linear=0
shrinkage=0.1


Tree=320
num_leaves=8
num_cat=0
split_feature=0 4 2 1 2 3 3
split_gain=0.00116141 0.000841521 0.000506871 0.000366706 0.000293607 4.56178e-14 5.0719e-16
threshold=0.039608936756849296 0.36240006983280187 -0.046276550740003579 0.036206537857651717 0.025303507223725322 -0.011730598751455544 0.0066762580536305913
decision_type=2 2 2 2 2 2 2
left_child=1 2 -1 4 5 -4 -7
right_child=-2 -3 3 -5 -6 6 -8
leaf_value=-0.028987210968062529 -0.07500132269792846 -0.052328854797071639 0.075001212172193257 -0.0063057186031242607 0.012696636596427885 0.075000340286217201 0.075000440555562486
leaf_weight=0.0011060461993110948 0.0016970152330486599 0.0014446044360738597 0.0010146421323042887 0.0010726595014602935 0.001007577301152196 0.0010126320512426901 0.0010064594962386764
leaf_count=63 264 216 125 107 113 169 143
internal_value=0 0.0164268 0.0323954 0.0456712 0.0594671 0.0750007 0.0750004
internal_weight=0 0.00766462 0.00622002 0.00511397 0.00404131 0.00303373 0.00201909
internal_count=1200 936 720 657 550 437 312
is_linear=0
shrinkage=0.1


Tree=321
num_leaves=7
num_cat=0
split_feature=2 3 0 3 2 6
split_gain=0.00121656 0.00140936 0.00112624 0.000148308 2.80878e-11 1.0574e-14
threshold=-0.067992143332958208 0.063414195552468314 0.17949624359607699 -0.024926323443651196 -0.029549477621912953 0.019039277918636802
decision_type=2 2 2 2 2 2
left_child=-1 2 3 -2 -5 -6
right_child=1 -3 -4 4 5 -7
leaf_value=0.075003386847533174 -0.031011116136582851 0.075000798147507652 0.033669929290388589 -0.075020697380331736 -0.075000667161108092 -0.075000222409421113
leaf_weight=0.0019017874519704492 0.0010124494383489946 0.0014032173594387132 0.0016337071588168328 0.0010035308714577695 0.0010061240038794494 0.0011405769103021157
leaf_count=120 96 128 98 42 313 403
internal_value=0 -0.0149226 -0.0366917 -0.0643062 -0.0750069 -0.0750004
internal_weight=0 0.00719961 0.00579639 0.00416268 0.00315023 0.0021467
internal_count=1200 1080 952 854 758 716
is_linear=0
shrinkage=0.1


Tree=322
num_leaves=7
num_cat=0
split_feature=1 0 1 1 0 7
split_gain=0.000568828 0.000717986 0.0008243 0.000613607 0.000602274 3.33025e-11
threshold=0.030005271546542648 0.096305742859840407 0.16762750595808032 0.14033813029527667 0.019920798018574718 0.80660444498062145
decision_type=2 2 2 2 2 2
left_child=4 3 -3 -2 -1 -5
right_child=1 2 -4 5 -6 -7
leaf_value=-0.075000282595728399 -0.018241485452631434 0.04380468393729358 -0.075016626304393791 0.075025100744049 0.022490892666921863 0.075000921036448273
leaf_weight=0.0017120061734203773 0.0010140954066173435 0.0010065816111364256 0.0013901896554671112 0.0010052779916804866 0.0010060387917292246 0.0013143208125256933
leaf_count=688 28 67 102 26 188 101
internal_value=0 0.016631 -0.0251148 0.0466443 -0.0389156 0.0750114
internal_weight=0 0.00573047 0.00239677 0.00333369 0.00271804 0.0023196
internal_count=1200 324 169 155 876 127
is_linear=0
shrinkage=0.1


Tree=323
num_leaves=4
num_cat=0
split_feature=4 5 1
split_gain=0.00261723 1.06653e-14 7.70954e-15
threshold=0.56793908774852764 0.24993239343166354 0.034136299043893821
decision_type=2 2 2
left_child=2 -2 -1
right_child=1 -3 -4
leaf_value=-0.075000213833021426 0.075000580862841865 0.075001023699818398 -0.075000572561706003
leaf_weight=0.0014909785608097081 0.0011456701140559744 0.0010353643656344502 0.0010015275706791726
leaf_count=688 120 92 300
internal_value=0 0.0750008 -0.0750004
internal_weight=0 0.00218103 0.00249251
internal_count=1200 212 988
is_linear=0
shrinkage=0.1


Tree=324
num_leaves=7
num_cat=0
split_feature=0 4 2 1 2 3
split_gain=0.00102328 0.000727982 0.000424009 0.000313144 0.000250199 2.75251e-14
threshold=0.039608936756849296 0.36240006983280187 -0.046276550740003579 0.036206537857651717 0.022018671035766605 -0.0086468579247593862
decision_type=2 2 2 2 2 2
left_child=1 2 -1 4 5 -4
right_child=-2 -3 3 -5 -6 -7
leaf_value=-0.026649224358381515 -0.075001260858502394 -0.050774398331538788 0.075001012811674095 -0.0041690837076155344 0.016125901819449631 0.075000342632537811
leaf_weight=0.0010197458291258954 0.0015023313671918004 0.0013216144645866734 0.0010004056266552652 0.0010236094731226331 0.0010018621005656314 0.0015819084082977497
leaf_count=63 264 216 146 107 124 280
internal_value=0 0.016014 0.0316992 0.0446122 0.0585437 0.0750006
internal_weight=0 0.00694915 0.00562753 0.00460779 0.00358418 0.00258231
internal_count=1200 936 720 657 550 426
is_linear=0
shrinkage=0.1


Tree=325
num_leaves=6
num_cat=0
split_feature=2 3 1 3 2
split_gain=0.00107198 0.00125219 0.000971588 0.000247366 1.53323e-11
threshold=-0.067992143332958208 0.063414195552468314 0.22576473653316501 -0.025265380740165707 -0.026266594417393204
decision_type=2 2 2 2 2
left_child=-1 2 3 -2 -5
right_child=1 -3 -4 4 -6
leaf_value=0.075003026874321296 -0.018483879616607732 0.075000735687275957 0.041468868356025396 -0.075015642087991052 -0.075000421453677815
leaf_weight=0.0016806218645797344 0.0010508843997740769 0.0012566961881930183 0.0012315866224525962 0.0010054416551383838 0.0019365166128864075
leaf_count=120 97 128 59 65 731
internal_value=0 -0.0146213 -0.0361791 -0.0601296 -0.0750056
internal_weight=0 0.00648113 0.00522443 0.00399284 0.00294196
internal_count=1200 1080 952 893 796
is_linear=0
shrinkage=0.1


Tree=326
num_leaves=5
num_cat=0
split_feature=1 0 0 5
split_gain=0.000479904 0.00105494 0.00101699 0.000109359
threshold=0.037099417299032218 0.026234522461891178 0.096305742859840407 0.37794813513755804
decision_type=2 2 2 2
left_child=1 -1 3 -2
right_child=2 -3 -4 -5
leaf_value=-0.075000847971045032 0.074260055595271504 0.05028765706140919 -0.036402633959948326 0.032608781334782712
leaf_weight=0.0019762006920700514 0.0016869698511072784 0.0010183819491658141 0.0019305360370935887 0.0010064572452392895
leaf_count=791 72 121 152 64
internal_value=0 -0.0323934 0.0189918 0.0586962
internal_weight=0 0.00299458 0.00462396 0.00269343
internal_count=1200 912 288 136
is_linear=0
shrinkage=0.1


Tree=327
num_leaves=3
num_cat=0
split_feature=4 6
split_gain=0.0022916 4.85874e-15
threshold=0.56793908774852764 0.018392640165984634
decision_type=2 2
left_child=1 -1
right_child=-2 -3
leaf_value=-0.07500050182503025 0.07500069315465388 -0.075000202495096979
leaf_weight=0.0010010477093373993 0.0019082005183008732 0.0011832836938765467
leaf_count=421 212 567
internal_value=0 -0.0750003
internal_weight=0 0.00218433
internal_count=1200 988
is_linear=0
shrinkage=0.1


Tree=328
num_leaves=6
num_cat=0
split_feature=1 4 0 3 3
split_gain=0.000923405 0.000635332 0.000351032 3.52845e-05 6.01632e-05
threshold=0.043034084141254432 0.36240006983280187 0.015527126844972374 0.0058506308123469361 -0.017904978245496746
decision_type=2 2 2 2 2
left_child=1 2 3 4 -1
right_child=-2 -3 -4 -5 -6
leaf_value=0.041443884315211461 -0.075000599260537426 -0.049173554984546945 -0.0020431791536488814 0.036567137107750176 0.075004609061255056
leaf_weight=0.0010039156923085102 0.001356980430728072 0.0012100307515083841 0.0019369052427009592 0.0010014063682319829 0.0011415373141971941
leaf_count=112 276 216 276 157 163
internal_value=0 0.01595 0.0314507 0.0520663 0.0593006
internal_weight=0 0.0062938 0.00508376 0.00314686 0.00214545
internal_count=1200 924 708 432 275
is_linear=0
shrinkage=0.1


Tree=329
num_leaves=5
num_cat=0
split_feature=3 2 2 3
split_gain=0.000970812 0.00111698 0.000822282 3.96999e-06
threshold=-0.080127414315938936 0.055192198604345329 -0.046276550740003579 0.0052368845790624627
decision_type=2 2 2 2
left_child=-1 2 -2 -4
right_child=1 -3 3 -5
leaf_value=0.075005266484780994 0.012993791891574021 0.072770009480199668 -0.075000803487541776 -0.067076899696485046
leaf_weight=0.0015250248688971624 0.0019533048571247491 0.0011701501366587763 0.0017142322802783383 0.0010017808141355999
leaf_count=115 17 128 572 368
internal_value=0 -0.0145959 -0.0364902 -0.0720781
internal_weight=0 0.00583947 0.00466932 0.00271601
internal_count=1200 1085 957 940
is_linear=0
shrinkage=0.1


Tree=330
num_leaves=5
num_cat=0
split_feature=1 0 0 5
split_gain=0.000417493 0.000870782 0.000789521 0.000107104
threshold=0.037099417299032218 0.096305742859840407 0.022780832834541801 0.37770865857601171
decision_type=2 2 2 2
left_child=2 3 -1 -2
right_child=1 -3 -4 -5
leaf_value=-0.075000853633637038 0.074135262010190217 -0.034922966371921459 0.037570162115423016 0.031771394446325436
leaf_weight=0.001648204320986224 0.0014492978589260019 0.0017921500229931553 0.0010016701597805877 0.0010145321134586993
leaf_count=752 69 152 160 67
internal_value=0 0.0181133 -0.0324483 0.0566911
internal_weight=0 0.00425598 0.00264987 0.00246383
internal_count=1200 288 912 136
is_linear=0
shrinkage=0.1


Tree=331
num_leaves=2
num_cat=0
split_feature=4
split_gain=0.00200722
threshold=0.56793908774852764
decision_type=2
left_child=-1
right_child=-2
leaf_value=-0.075000309278375268 0.075000605955009347
leaf_weight=0.0019188060509804927 0.0016671929215590353
leaf_count=988 212
internal_value=0
internal_weight=0
internal_count=1200
is_linear=0
shrinkage=0.1


Tree=332
num_leaves=6
num_cat=0
split_feature=0 4 2 2 1
split_gain=0.000826723 0.000524351 0.000278024 0.000159776 0.000161923
threshold=0.039608936756849296 0.36240006983280187 -0.031965389847755425 0.021179816685616974 0.022412451915442947
decision_type=2 2 2 2 2
left_child=1 2 -1 4 -4
right_child=-2 -3 3 -5 -6
leaf_value=-0.01653323953134794 -0.075001020953780459 -0.046969904214153035 0.075000436472503318 0.0094196800108999335 0.024101144421232127
leaf_weight=0.0010059614712645271 0.0012199950940612325 0.0010880763709337771 0.0016523265771866136 0.0010341205122585961 0.0010052524821730913
leaf_count=83 264 216 370 152 115
internal_value=0 0.0155824 0.0300708 0.04277 0.0557473
internal_weight=0 0.00578574 0.00469766 0.0036917 0.00265758
internal_count=1200 936 720 637 485
is_linear=0
shrinkage=0.1


Tree=333
num_leaves=6
num_cat=0
split_feature=2 3 1 6 2
split_gain=0.000869313 0.000998392 0.000798989 9.1349e-05 5.80869e-12
threshold=-0.067992143332958208 0.063414195552468314 0.17992245405912402 0.02442101109772921 -0.016455372795462605
decision_type=2 2 2 2 2
left_child=-1 2 3 4 -2
right_child=1 -3 -4 -5 -6
leaf_value=0.075002725938556544 -0.075011203209750049 0.075000621585135083 0.031545933649231715 -0.038252456354985698 -0.075000516344168003
leaf_weight=0.0013814721551170805 0.0010021548567920036 0.0010198405598202953 0.0012726926599953003 0.0010128651304057712 0.0010327100789027099
leaf_count=120 119 128 111 279 443
internal_value=0 -0.0139945 -0.0350019 -0.0627914 -0.0750058
internal_weight=0 0.00534026 0.00432042 0.00304773 0.00203486
internal_count=1200 1080 952 841 562
is_linear=0
shrinkage=0.1


Tree=334
num_leaves=5
num_cat=0
split_feature=1 0 0 5
split_gain=0.000356886 0.000757422 0.000625285 8.43906e-05
threshold=0.037099417299032218 0.096305742859840407 0.021655590273439888 0.37492655217647558
decision_type=2 2 2 2
left_child=2 3 -1 -2
right_child=1 -3 -4 -5
leaf_value=-0.075000778192672229 0.073932204429325646 -0.03345884347966354 0.028238941618439498 0.034896289638349537
leaf_weight=0.0013988892934548858 0.0011752387058550084 0.0016785077372105661 0.0010103862329060576 0.0010473799966348452
leaf_count=732 59 152 180 77
internal_value=0 0.0172455 -0.0317048 0.055537
internal_weight=0 0.00390113 0.00240928 0.00222262
internal_count=1200 288 912 136
is_linear=0
shrinkage=0.1


Tree=335
num_leaves=2
num_cat=0
split_feature=4
split_gain=0.00177449
threshold=0.56793908774852764
decision_type=2
left_child=-1
right_child=-2
leaf_value=-0.075000283098104775 0.075000543818392829
leaf_weight=0.0017096558124762851 0.0014639767455264519
leaf_count=988 212
internal_value=0
internal_weight=0
internal_count=1200
is_linear=0
shrinkage=0.1


Tree=336
num_leaves=5
num_cat=0
split_feature=1 4 0 6
split_gain=0.000742521 0.000458355 0.000276441 2.41443e-05
threshold=0.043034084141254432 0.36240006983280187 0.015527126844972374 0.022986310534179214
decision_type=2 2 2 2
left_child=1 2 3 -1
right_child=-2 -3 -4 -5
leaf_value=0.041448139613626485 -0.075000496860261015 -0.045538377709337267 -0.002006621614941936 0.060880609495688423
leaf_weight=0.0014691835933717812 0.0011024316509065102 0.0010065934163776546 0.0016937923635396146 0.001132036937860903
leaf_count=274 276 216 276 158
internal_value=0 0.0151985 0.029433 0.049905
internal_weight=0 0.00530161 0.00429501 0.00260122
internal_count=1200 924 708 432
is_linear=0
shrinkage=0.1


Tree=337
num_leaves=5
num_cat=0
split_feature=3 2 2 3
split_gain=0.000787604 0.000900737 0.000685402 1.74188e-14
threshold=-0.066597066819667802 0.046794245019555099 -0.046276550740003579 -0.0054124875459820023
decision_type=2 2 2 2
left_child=-1 2 -2 -4
right_child=1 -3 3 -5
leaf_value=0.071698301917329024 0.011435727514910758 0.068184516241605916 -0.07500087502276033 -0.075000300726768387
leaf_weight=0.0013526540701604972 0.0016183120178538957 0.0010268457861002389 0.0010047656599567745 0.0011133237084663961
leaf_count=120 13 136 361 570
internal_value=0 -0.0147665 -0.0375632 -0.0750006
internal_weight=0 0.00476325 0.0037364 0.00211809
internal_count=1200 1080 944 931
is_linear=0
shrinkage=0.1


Tree=338
num_leaves=5
num_cat=0
split_feature=1 0 0 5
split_gain=0.000317159 0.000656807 0.000480221 8.38933e-05
threshold=0.037099417299032218 0.096305742859840407 0.01914484798908234 0.37492655217647558
decision_type=2 2 2 2
left_child=2 3 -1 -2
right_child=1 -3 -4 -5
leaf_value=-0.07500076696215735 0.073797174798217943 -0.031975849668793299 0.019327594864177625 0.033445356533804364
leaf_weight=0.0011705095968181922 0.0010452541482663946 0.0015677413930461626 0.0010014686619115309 0.001016077849726571
leaf_count=687 59 152 225 77
internal_value=0 0.0168059 -0.0315073 0.0539068
internal_weight=0 0.00362907 0.00217198 0.00206133
internal_count=1200 288 912 136
is_linear=0
shrinkage=0.1


Tree=339
num_leaves=2
num_cat=0
split_feature=4
split_gain=0.0015633
threshold=0.56793908774852764
decision_type=2
left_child=-1
right_child=-2
leaf_value=-0.075000261586231298 0.075000477896883855
leaf_weight=0.0015128563306348042 0.0012848907235820661
leaf_count=988 212
internal_value=0
internal_weight=0
internal_count=1200
is_linear=0
shrinkage=0.1


Tree=340
num_leaves=5
num_cat=0
split_feature=0 3 4 2
split_gain=0.000679829 0.000324814 0.000200951 8.71947e-05
threshold=0.039608936756849296 -0.040977856144309037 0.21916940063238147 0.017058620229363445
decision_type=2 2 2 2
left_child=1 -1 3 -3
right_child=-2 2 -4 -5
leaf_value=-0.03555136438829351 -0.075000830472126578 0.05450605819380943 -0.010399220437804382 0.018264524073525648
leaf_weight=0.0010047508189927612 0.0010089479900443621 0.0018615296942243731 0.0010010131543367606 0.001031835096910072
leaf_count=80 264 404 286 166
internal_value=0 0.0151416 0.0282204 0.0415816
internal_weight=0 0.00489913 0.00389438 0.00289336
internal_count=1200 936 856 570
is_linear=0
shrinkage=0.1


Tree=341
num_leaves=5
num_cat=0
split_feature=2 3 1 5
split_gain=0.000713552 0.000661733 0.000603861 6.30383e-05
threshold=-0.067992143332958208 0.030836993828415874 0.17992245405912402 0.38241659104824072
decision_type=2 2 2 2
left_child=-1 2 3 -2
right_child=1 -3 -4 -5
leaf_value=0.075002488000181555 -0.075004996030887394 0.057939427010564926 0.029835057318645705 -0.04224087201138476
leaf_weight=0.001148613923078301 0.0014217764003205957 0.0010073620743469291 0.0010332889015671753 0.0010004321258065829
leaf_count=120 529 177 107 267
internal_value=0 -0.0133782 -0.0341691 -0.0614726
internal_weight=0 0.00446286 0.0034555 0.00242221
internal_count=1200 1080 903 796
is_linear=0
shrinkage=0.1


Tree=342
num_leaves=4
num_cat=0
split_feature=4 2 0
split_gain=0.000283292 0.000164488 0.00037698
threshold=0.051158277317881591 -0.027100319974124428 0.029771228320896629
decision_type=2 2 2
left_child=-1 -2 -3
right_child=1 2 -4
leaf_value=0.032090652480754711 -0.051196324924594694 -0.036488703961342815 0.040381133487528392
leaf_weight=0.0017017681724951217 0.0010290079709989186 0.0015094059519356051 0.001105046771385787
leaf_count=332 142 585 141
internal_value=0 -0.0173282 -0.00399825
internal_weight=0 0.00364346 0.00261445
internal_count=1200 868 726
is_linear=0
shrinkage=0.1


Tree=343
num_leaves=2
num_cat=0
split_feature=4
split_gain=0.00139013
threshold=0.56793908774852764
decision_type=2
left_child=-1
right_child=-2
leaf_value=-0.075000242870001954 0.075000442687307892
leaf_weight=0.0013548201007438365 0.0011357708353898488
leaf_count=988 212
internal_value=0
internal_weight=0
internal_count=1200
is_linear=0
shrinkage=0.1


Tree=344
num_leaves=5
num_cat=0
split_feature=0 2 3 5
split_gain=0.000505221 0.000271869 0.000130424 0.000121994
threshold=0.032955069094896323 -0.03396469168365001 0.0072640101425349721 0.3782878071069718
decision_type=2 2 2 2
left_child=1 -1 3 -3
right_child=-2 2 -4 -5
leaf_value=-0.03157443590392469 -0.064113209689513423 0.017172706766853989 -0.0001500599937106303 0.062979309451739324
leaf_weight=0.001010796994478369 0.0010123121098786214 0.0011198058214176854 0.0011544835215318017 0.0012092765778106696
leaf_count=86 280 310 313 211
internal_value=0 0.0140845 0.027333 0.0409558
internal_weight=0 0.00449436 0.00348357 0.00232908
internal_count=1200 920 834 521
is_linear=0
shrinkage=0.1


Tree=345
num_leaves=4
num_cat=0
split_feature=3 3 2
split_gain=0.000652497 0.000539436 0.000574713
threshold=-0.066597066819667802 0.026229050010442737 -0.046276550740003579
decision_type=2 2 2
left_child=-1 2 -2
right_child=1 -3 -4
leaf_value=0.071618026587697683 0.012192690947635518 0.049366135970989905 -0.075000548178432935
leaf_weight=0.0011329874901093717 0.0013914762112108292 0.0010032767643224361 0.0016550773962080711
leaf_count=120 13 207 860
internal_value=0 -0.0142322 -0.0351761
internal_weight=0 0.00404983 0.00304655
internal_count=1200 1080 873
is_linear=0
shrinkage=0.1


Tree=346
num_leaves=3
num_cat=0
split_feature=1 0
split_gain=0.000269507 0.000552227
threshold=0.037099417299032218 0.096305742859840407
decision_type=2 2
left_child=-1 -2
right_child=1 -3
leaf_value=-0.031610764493922215 0.052805216536986138 -0.031437454819529385
leaf_weight=0.0018600232110657089 0.0017976235290007025 0.0013720471002898194
leaf_count=912 136 152
internal_value=0 0.0163393
internal_weight=0 0.00316967
internal_count=1200 288
is_linear=0
shrinkage=0.1


Tree=347
num_leaves=2
num_cat=0
split_feature=4
split_gain=0.00124553
threshold=0.56793908774852764
decision_type=2
left_child=-1
right_child=-2
leaf_value=-0.075000224966163279 0.075000387314338376
leaf_weight=0.0012152736636039663 0.0010166565425606677
leaf_count=988 212
internal_value=0
internal_weight=0
internal_count=1200
is_linear=0
shrinkage=0.1


Tree=348
num_leaves=5
num_cat=0
split_feature=0 3 4 2
split_gain=0.000403083 0.000230606 0.000112786 3.72473e-05
threshold=0.030204772949218753 -0.025960282422602173 0.16631361842155459 0.006122337421402336
decision_type=2 2 2 2
left_child=1 -1 3 -3
right_child=-2 2 -4 -5
leaf_value=-0.027685615704224287 -0.055758519678738877 0.054444306064487941 0.0011838635261709378 0.027451533931712808
leaf_weight=0.0010054049790824138 0.0010375105124467154 0.0010395713773050375 0.0010766908997084101 0.0010058277268853999
leaf_count=137 296 238 333 196
internal_value=0 0.0139672 0.0273807 0.0411706
internal_weight=0 0.00412749 0.00312209 0.0020454
internal_count=1200 904 767 434
is_linear=0
shrinkage=0.1


Tree=349
num_leaves=4
num_cat=0
split_feature=3 0 2
split_gain=0.000583919 0.000427271 0.000120932
threshold=-0.066597066819667802 0.096305742859840407 0.0085879066027700918
decision_type=2 2 2
left_child=-1 2 -2
right_child=1 -3 -4
leaf_value=0.071250645416118877 -0.054361283548263008 0.034993358481684216 -0.0099306203815827509
leaf_weight=0.0010187513694290828 0.0015728681209452589 0.0012094790375840603 0.0010034050487206514
leaf_count=120 549 175 356
internal_value=0 -0.0140379 -0.0370565
internal_weight=0 0.00378575 0.00257627
internal_count=1200 1080 905
is_linear=0
shrinkage=0.1


Tree=350
num_leaves=4
num_cat=0
split_feature=7 1 0
split_gain=0.000236263 0.000384427 9.91094e-06
threshold=0.87093639373779308 0.040321623906493194 0.043390547856688506
decision_type=2 2 2
left_child=1 -1 -2
right_child=2 -3 -4
leaf_value=-0.025769410949588942 -0.03405495095689455 0.050945106785464093 -0.02014210151595161
leaf_weight=0.0011400264838243857 0.0010037939754852232 0.0015297331586907603 0.0010450993649442353
leaf_count=614 314 181 91
internal_value=0 0.0181869 -0.0269583
internal_weight=0 0.00266976 0.00204889
internal_count=1200 795 405
is_linear=0
shrinkage=0.1


Tree=351
num_leaves=2
num_cat=0
split_feature=4
split_gain=0.000977275
threshold=0.29579898715019232
decision_type=2
left_child=-1
right_child=-2
leaf_value=-0.075000148543615752 0.063943840833503476
leaf_weight=0.0010223735656040844 0.0010026883975911005
leaf_count=964 236
internal_value=0
internal_weight=0
internal_count=1200
is_linear=0
shrinkage=0.1


Tree=352
num_leaves=4
num_cat=0
split_feature=0 4 0
split_gain=0.000321852 0.000127072 9.28083e-05
threshold=0.028920784592628482 0.22731652110815051 0.013687058351933958
decision_type=2 2 2
left_child=1 2 -1
right_child=-2 -3 -4
leaf_value=0.037117545010832857 -0.050848422531439313 -0.016711550289877138 -0.00080331145901222322
leaf_weight=0.0018188778728926991 0.0010099523980215963 0.0010775358009595948 0.0010003687489188451
leaf_count=391 304 285 220
internal_value=0 0.0124978 0.0236619
internal_weight=0 0.00389678 0.00281925
internal_count=1200 896 611
is_linear=0
shrinkage=0.1


Tree=353
num_leaves=4
num_cat=0
split_feature=3 2 1
split_gain=0.000479856 0.000427446 0.000314693
threshold=-0.048458371311426156 0.021179816685616974 0.16940808296203616
decision_type=2 2 2
left_child=-1 2 -2
right_child=1 -3 -4
leaf_value=0.055003259668252751 -0.075001042766131717 0.037474067480094131 0.00057471836594760273
leaf_weight=0.0013185959951442783 0.0012256182951659866 0.001007506001656111 0.0010009077627728402
leaf_count=130 711 262 97
internal_value=0 -0.0165713 -0.0410269
internal_weight=0 0.00323403 0.00222653
internal_count=1200 1070 808
is_linear=0
shrinkage=0.1


Tree=354
num_leaves=3
num_cat=0
split_feature=1 7
split_gain=0.000210214 0.000309453
threshold=0.026353208348155025 0.87093639373779308
decision_type=2 2
left_child=-1 -2
right_child=1 -3
leaf_value=-0.035575341724079355 0.042077180841440125 -0.019944636903244748
leaf_weight=0.001269957333477123 0.0016845520438550921 0.0015397994546333393
leaf_count=852 226 122
internal_value=0 0.0124585
internal_weight=0 0.00322435
internal_count=1200 348
is_linear=0
shrinkage=0.1


Tree=355
num_leaves=1
num_cat=0
split_feature=
split_gain=
threshold=
decision_type=
left_child=
right_child=
leaf_value=0
leaf_weight=
leaf_count=
internal_value=
internal_weight=
internal_count=
is_linear=0
shrinkage=1


Tree=356
num_leaves=4
num_cat=0
split_feature=1 2 3
split_gain=0.000306103 0.000116309 0.000105401
threshold=0.037099417299032218 -0.025684285908937451 0.0068240247201174506
decision_type=2 2 2
left_child=1 -1 -3
right_child=-2 2 -4
leaf_value=-0.014749805222660487 -0.046262464546975322 0.041264856988993431 -0.0002561408741232482
leaf_weight=0.0010286798096785787 0.0011171188907610485 0.0015649353425715162 0.0010033588608848731
leaf_count=137 288 470 305
internal_value=0 0.0136634 0.0250438
internal_weight=0 0.00359697 0.00256829
internal_count=1200 912 775
is_linear=0
shrinkage=0.1


Tree=357
num_leaves=3
num_cat=0
split_feature=3 0
split_gain=0.00042072 0.000400373
threshold=-0.048458371311426156 0.096305742859840407
decision_type=2 2
left_child=-1 -2
right_child=1 -3
leaf_value=0.052902663056966809 -0.042560891907211088 0.032484663198700491
leaf_weight=0.0012654581903461803 0.0019761998451599538 0.0011103401827767811
leaf_count=130 897 173
internal_value=0 -0.0155643
internal_weight=0 0.00308654
internal_count=1200 1070
is_linear=0
shrinkage=0.1


Tree=358
num_leaves=4
num_cat=0
split_feature=1 0 0
split_gain=0.000198399 0.00076682 0.000576926
threshold=0.043034084141254432 0.096305742859840407 0.020527644082903865
decision_type=2 2 2
left_child=2 -2 -1
right_child=1 -3 -4
leaf_value=-0.075002627221926313 0.075004204228483196 -0.041278885632016635 0.030606060859128925
leaf_weight=0.0010597480917340363 0.0011846895502003463 0.0010878412020929318 0.0010105189205660281
leaf_count=718 130 146 206
internal_value=0 0.0193405 -0.0234539
internal_weight=0 0.00227253 0.00207027
internal_count=1200 276 924
is_linear=0
shrinkage=0.1


Tree=359
num_leaves=1
num_cat=0
split_feature=
split_gain=
threshold=
decision_type=
left_child=
right_child=
leaf_value=0
leaf_weight=
leaf_count=
internal_value=
internal_weight=
internal_count=
is_linear=0
shrinkage=1


Tree=360
num_leaves=4
num_cat=0
split_feature=1 4 0
split_gain=0.000258012 0.000112958 9.70274e-05
threshold=0.037099417299032218 0.23277251422405246 0.015673193149268631
decision_type=2 2 2
left_child=1 2 -1
right_child=-2 -3 -4
leaf_value=0.04069019908446099 -0.044638521037202408 -0.015749132906856183 0.00049106025716136304
leaf_weight=0.0014359097646092778 0.0010300975147288227 0.0010150574872795914 0.0010319319638938396
leaf_count=394 288 277 241
internal_value=0 0.0123311 0.0238809
internal_weight=0 0.0034829 0.00246784
internal_count=1200 912 635
is_linear=0
shrinkage=0.1


Tree=361
num_leaves=3
num_cat=0
split_feature=3 3
split_gain=0.000365473 0.000352713
threshold=-0.048458371311426156 0.018315894529223446
decision_type=2 2
left_child=-1 -2
right_child=1 -3
leaf_value=0.051005703168824447 -0.039569132492512427 0.033471198442846857
leaf_weight=0.0011877725651174842 0.0019422941865059329 0.0010023310231304094
leaf_count=130 778 292
internal_value=0 -0.0147067
internal_weight=0 0.00294463
internal_count=1200 1070
is_linear=0
shrinkage=0.1


Tree=362
num_leaves=3
num_cat=0
split_feature=1 0
split_gain=0.000173865 0.000667306
threshold=0.043034084141254432 0.096305742859840407
decision_type=2 2
left_child=-1 -2
right_child=1 -3
leaf_value=-0.022212430352818686 0.075003731918704963 -0.038001097036114165
leaf_weight=0.0019752414639242488 0.0010574888131031912 0.0010330141052463659
leaf_count=924 130 146
internal_value=0 0.0191628
internal_weight=0 0.0020905
internal_count=1200 276
is_linear=0
shrinkage=0.1


Tree=363
num_leaves=1
num_cat=0
split_feature=
split_gain=
threshold=
decision_type=
left_child=
right_child=
leaf_value=0
leaf_weight=
leaf_count=
internal_value=
internal_weight=
internal_count=
is_linear=0
shrinkage=1


Tree=364
num_leaves=4
num_cat=0
split_feature=0 4 0
split_gain=0.000187017 9.69186e-05 4.41553e-05
threshold=0.025463060475885872 0.22671063244342807 0.0099463681690394896
decision_type=2 2 2
left_child=1 2 -1
right_child=-2 -3 -4
leaf_value=0.034256227422473022 -0.037876950183444086 -0.01474549221479474 0.0065468170447289496
leaf_weight=0.001338208962920362 0.0010096898744222926 0.0010064747370961413 0.0010084500780749295
leaf_count=316 336 281 267
internal_value=0 0.0112143 0.0223484
internal_weight=0 0.00335313 0.00234666
internal_count=1200 864 583
is_linear=0
shrinkage=0.1


Tree=365
num_leaves=3
num_cat=0
split_feature=2 3
split_gain=0.000325104 0.000436387
threshold=-0.046276550740003579 0.01650898810476065
decision_type=2 2
left_child=-1 -2
right_child=1 -3
leaf_value=0.038063796598696131 -0.058026060884560249 0.029723710904481223
leaf_weight=0.0016568646422001621 0.001307640921396569 0.0010002438685319248
leaf_count=130 758 312
internal_value=0 -0.0199951
internal_weight=0 0.00230788
internal_count=1200 1070
is_linear=0
shrinkage=0.1


Tree=366
num_leaves=3
num_cat=0
split_feature=7 1
split_gain=0.000162733 0.000166631
threshold=0.87093639373779308 0.043034084141254432
decision_type=2 2
left_child=1 -1
right_child=-2 -3
leaf_value=-0.010128844217823757 -0.024398430117036948 0.04541451488960753
leaf_weight=0.0011177383046856448 0.00173559875815954 0.0010451778559854574
leaf_count=617 405 178
internal_value=0 0.0167112
internal_weight=0 0.00216292
internal_count=1200 795
is_linear=0
shrinkage=0.1


Tree=367
num_leaves=1
num_cat=0
split_feature=
split_gain=
threshold=
decision_type=
left_child=
right_child=
leaf_value=0
leaf_weight=
leaf_count=
internal_value=
internal_weight=
internal_count=
is_linear=0
shrinkage=1


Tree=368
num_leaves=4
num_cat=0
split_feature=0 3 3
split_gain=0.000160806 7.21755e-05 6.97125e-05
threshold=0.024701797403395179 -0.022289648652076718 0.0068240247201174506
decision_type=2 2 2
left_child=1 -1 -3
right_child=-2 2 -4
leaf_value=-0.011183877900963826 -0.035090330538478563 0.036990142758230961 0.0013624402329651154
leaf_weight=0.0010280340828785484 0.0010033070149688683 0.0012140376869638203 0.0010028946709326192
leaf_count=159 344 389 308
internal_value=0 0.010717 0.0208729
internal_weight=0 0.00324497 0.00221693
internal_count=1200 856 697
is_linear=0
shrinkage=0.1


Tree=369
num_leaves=3
num_cat=0
split_feature=3 0
split_gain=0.000313436 0.000281361
threshold=-0.048458371311426156 0.096305742859840407
decision_type=2 2
left_child=-1 -2
right_child=1 -3
leaf_value=0.049291868979010514 -0.038185655963549871 0.028426508887515065
leaf_weight=0.0011059330554417102 0.0017324325639265226 0.0010001823425227485
leaf_count=130 897 173
internal_value=0 -0.0138045
internal_weight=0 0.00273261
internal_count=1200 1070
is_linear=0
shrinkage=0.1


Tree=370
num_leaves=3
num_cat=0
split_feature=4 0
split_gain=0.000151092 0.000111619
threshold=0.051158277317881591 0.021815854124724868
decision_type=2 2
left_child=-1 -2
right_child=1 -3
leaf_value=0.028201836496047752 -0.040804570965174522 0.0015235333519407303
leaf_weight=0.0011767192234515278 0.0010191108051458286 0.0016027860528424753
leaf_count=332 600 268
internal_value=0 -0.0149291
internal_weight=0 0.0026219
internal_count=1200 868
is_linear=0
shrinkage=0.1


Tree=371
num_leaves=1
num_cat=0
split_feature=
split_gain=
threshold=
decision_type=
left_child=
right_child=
leaf_value=0
leaf_weight=
leaf_count=
internal_value=
internal_weight=
internal_count=
is_linear=0
shrinkage=1


Tree=372
num_leaves=4
num_cat=0
split_feature=1 4 0
split_gain=0.000150486 7.03787e-05 5.58532e-05
threshold=0.033131964504718787 0.21916940063238147 0.013687058351933958
decision_type=2 2 2
left_child=1 2 -1
right_child=-2 -3 -4
leaf_value=0.037013397175442886 -0.033095540269803526 -0.011101957959095838 0.0044681921059524995
leaf_weight=0.0010780834309116472 0.0010468327466242044 0.0010009519794493826 0.0010321924330582988
leaf_count=342 304 292 262
internal_value=0 0.0107363 0.0210947
internal_weight=0 0.00311123 0.00211028
internal_count=1200 896 604
is_linear=0
shrinkage=0.1


Tree=373
num_leaves=3
num_cat=0
split_feature=2 3
split_gain=0.000274283 0.000396173
threshold=-0.046276550740003579 0.015762194991111759
decision_type=2 2
left_child=-1 -2
right_child=1 -3
leaf_value=0.036890780923855851 -0.056636358777063779 0.028310718836910571
leaf_weight=0.0015229155319502752 0.001214389035737895 0.0010020357815392344
leaf_count=130 748 322
internal_value=0 -0.0182322
internal_weight=0 0.00221642
internal_count=1200 1070
is_linear=0
shrinkage=0.1


Tree=374
num_leaves=3
num_cat=0
split_feature=3 0
split_gain=0.000144878 0.00014328
threshold=-0.012343392707407473 0.02356883138418198
decision_type=2 2
left_child=-1 -2
right_child=1 -3
leaf_value=-0.024623712136953996 -0.0086079136492309468 0.042963924033156554
leaf_weight=0.0015448226341732152 0.00115404538405528 0.0010103599342414782
leaf_count=370 596 234
internal_value=0 0.0154662
internal_weight=0 0.00216441
internal_count=1200 830
is_linear=0
shrinkage=0.1


Tree=375
num_leaves=1
num_cat=0
split_feature=
split_gain=
threshold=
decision_type=
left_child=
right_child=
leaf_value=0
leaf_weight=
leaf_count=
internal_value=
internal_weight=
internal_count=
is_linear=0
shrinkage=1


Tree=376
num_leaves=3
num_cat=0
split_feature=1 0
split_gain=0.000134447 0.000120151
threshold=0.0097430767491459864 0.015611460898071529
decision_type=2 2
left_child=-1 -2
right_child=1 -3
leaf_value=0.023642445790529185 0.0065186805246516604 -0.036920520435330291
leaf_weight=0.0015054231909061855 0.001345875158222043 0.0012084919487733714
leaf_count=448 347 405
internal_value=0 -0.0140328
internal_weight=0 0.00255437
internal_count=1200 752
is_linear=0
shrinkage=0.1


Tree=377
num_leaves=3
num_cat=0
split_feature=3 2
split_gain=0.000268331 0.000259558
threshold=-0.048458371311426156 0.016453509218990806
decision_type=2 2
left_child=-1 -2
right_child=1 -3
leaf_value=0.047426967864961339 -0.037907690669677918 0.02706650740241591
leaf_weight=0.0010307571961902795 0.0015960860441452951 0.0010000598232977609
leaf_count=130 743 327
internal_value=0 -0.012879
internal_weight=0 0.00259615
internal_count=1200 1070
is_linear=0
shrinkage=0.1


Tree=378
num_leaves=3
num_cat=0
split_feature=1 7
split_gain=0.000139321 0.00020601
threshold=0.026353208348155025 0.87093639373779308
decision_type=2 2
left_child=-1 -2
right_child=1 -3
leaf_value=-0.031722573980750617 0.038990961561391375 -0.017836354292978786
leaf_weight=0.0010744692133073386 0.0013044671367197225 0.0012484909863701432
leaf_count=852 226 122
internal_value=0 0.0112003
internal_weight=0 0.00255296
internal_count=1200 348
is_linear=0
shrinkage=0.1


Tree=379
num_leaves=1
num_cat=0
split_feature=
split_gain=
threshold=
decision_type=
left_child=
right_child=
leaf_value=0
leaf_weight=
leaf_count=
internal_value=
internal_weight=
internal_count=
is_linear=0
shrinkage=1


Tree=380
num_leaves=3
num_cat=0
split_feature=1 1
split_gain=0.000116131 2.53643e-05
threshold=0.018353778868913654 0.0072286378126591453
decision_type=2 2
left_child=1 -1
right_child=-2 -3
leaf_value=0.025576234431591224 -0.019235964436798651 0.0042282835467591191
leaf_weight=0.0011517649630832238 0.0017360347063117842 0.001076980112657111
leaf_count=347 488 365
internal_value=0 0.0152604
internal_weight=0 0.00222875
internal_count=1200 712
is_linear=0
shrinkage=0.1


Tree=381
num_leaves=3
num_cat=0
split_feature=2 3
split_gain=0.000238619 0.000332461
threshold=-0.046276550740003579 0.014027196913957598
decision_type=2 2
left_child=-1 -2
right_child=1 -3
leaf_value=0.035904126257093487 -0.055036358999221602 0.024598112481453896
leaf_weight=0.0014274822201514326 0.0010998290741497385 0.0010017489413485237
leaf_count=130 723 347
internal_value=0 -0.0170774
internal_weight=0 0.00210158
internal_count=1200 1070
is_linear=0
shrinkage=0.1


Tree=382
num_leaves=3
num_cat=0
split_feature=3 0
split_gain=0.000123817 0.000122409
threshold=-0.012343392707407473 0.020163476467132572
decision_type=2 2
left_child=-1 -2
right_child=1 -3
leaf_value=-0.023971005762801426 -0.01118949439311074 0.037557383901697709
leaf_weight=0.0014822234158486935 0.0010000781103656209 0.0010623307666719484
leaf_count=370 544 286
internal_value=0 0.0139196
internal_weight=0 0.00206241
internal_count=1200 830
is_linear=0
shrinkage=0.1


Tree=383
num_leaves=1
num_cat=0
split_feature=
split_gain=
threshold=
decision_type=
left_child=
right_child=
leaf_value=0
leaf_weight=
leaf_count=
internal_value=
internal_weight=
internal_count=
is_linear=0
shrinkage=1


Tree=384
num_leaves=3
num_cat=0
split_feature=1 5
split_gain=9.87421e-05 2.61331e-05
threshold=0.018353778868913654 0.3782878071069718
decision_type=2 2
left_child=1 -1
right_child=-2 -3
leaf_value=0.0035952516703924037 -0.017699629355660704 0.025461311328048242
leaf_weight=0.0011060908022955118 0.001705888021717783 0.0010805078095472709
leaf_count=424 488 288
internal_value=0 0.0144004
internal_weight=0 0.0021866
internal_count=1200 712
is_linear=0
shrinkage=0.1


Tree=385
num_leaves=3
num_cat=0
split_feature=0 5
split_gain=0.000235384 0.000138968
threshold=0.096305742859840407 0.37529255449771887
decision_type=2 2
left_child=1 -1
right_child=-2 -3
leaf_value=-0.042244765553180137 0.039935774264889472 0.0078150027607550854
leaf_weight=0.0010196562464273029 0.0011966154223728154 0.0012157273604316288
leaf_count=524 236 440
internal_value=0 -0.0150194
internal_weight=0 0.00223538
internal_count=1200 964
is_linear=0
shrinkage=0.1


Tree=386
num_leaves=2
num_cat=0
split_feature=1
split_gain=0.000130446
threshold=0.043034084141254432
decision_type=2
left_child=-1
right_child=-2
leaf_value=-0.021349590989869688 0.017362871256051068
leaf_weight=0.0017421055499937665 0.0017395839265645918
leaf_count=924 276
internal_value=0
internal_weight=0
internal_count=1200
is_linear=0
shrinkage=0.1


Tree=387
num_leaves=1
num_cat=0
split_feature=
split_gain=
threshold=
decision_type=
left_child=
right_child=
leaf_value=0
leaf_weight=
leaf_count=
internal_value=
internal_weight=
internal_count=
is_linear=0
shrinkage=1


Tree=388
num_leaves=3
num_cat=0
split_feature=0 4
split_gain=9.05346e-05 7.955e-05
threshold=0.021901434287428859 0.16631361842155459
decision_type=2 2
left_child=1 -1
right_child=-2 -3
leaf_value=0.022214720979255038 -0.025207039064187725 -0.012682150802994278
leaf_weight=0.0017581721646138249 0.0010483254678206322 0.0010394158799726938
leaf_count=463 392 345
internal_value=0 0.00924914
internal_weight=0 0.00279759
internal_count=1200 808
is_linear=0
shrinkage=0.1


Tree=389
num_leaves=3
num_cat=0
split_feature=0 5
split_gain=0.000203385 0.000124316
threshold=0.096305742859840407 0.37653031945228582
decision_type=2 2
left_child=1 -1
right_child=-2 -3
leaf_value=-0.038747316274004434 0.037823110772048252 0.0088788904919613072
leaf_weight=0.0010378864892004458 0.0011829573193153919 0.0011613123222957711
leaf_count=554 236 410
internal_value=0 -0.0135977
internal_weight=0 0.0021992
internal_count=1200 964
is_linear=0
shrinkage=0.1


Tree=390
num_leaves=2
num_cat=0
split_feature=1
split_gain=0.000116642
threshold=0.043034084141254432
decision_type=2
left_child=-1
right_child=-2
leaf_value=-0.01974346855058344 0.017122529376073833
leaf_weight=0.0017398277373672499 0.001693703715460515
leaf_count=924 276
internal_value=0
internal_weight=0
internal_count=1200
is_linear=0
shrinkage=0.1


Tree=391
num_leaves=1
num_cat=0
split_feature=
split_gain=
threshold=
decision_type=
left_child=
right_child=
leaf_value=0
leaf_weight=
leaf_count=
internal_value=
internal_weight=
internal_count=
is_linear=0
shrinkage=1


Tree=392
num_leaves=3
num_cat=0
split_feature=1 0
split_gain=8.3854e-05 8.93872e-05
threshold=0.0097430767491459864 0.015611460898071529
decision_type=2 2
left_child=-1 -2
right_child=1 -3
leaf_value=0.018649200530085907 0.0060712721207240566 -0.03283093340895997
leaf_weight=0.0014229743634359693 0.0012678462626354303 0.0011057977827704235
leaf_count=448 347 405
internal_value=0 -0.0120519
internal_weight=0 0.00237364
internal_count=1200 752
is_linear=0
shrinkage=0.1


Tree=393
num_leaves=3
num_cat=0
split_feature=2 3
split_gain=0.000205977 0.000289017
threshold=-0.046276550740003579 0.01211147988215089
decision_type=2 2
left_child=-1 -2
right_child=1 -3
leaf_value=0.035044724513577513 -0.053523960692944642 0.022323896564365616
leaf_weight=0.001333075574166287 0.001006138983512983 0.0010034070808160322
leaf_count=130 699 371
internal_value=0 -0.0156516
internal_weight=0 0.00200955
internal_count=1200 1070
is_linear=0
shrinkage=0.1


Tree=394
num_leaves=2
num_cat=0
split_feature=7
split_gain=0.000109295
threshold=0.85361620783805858
decision_type=2
left_child=-1
right_child=-2
leaf_value=0.017834504693817435 -0.018151137747409545
leaf_weight=0.0016129340903887623 0.0017703731176652582
leaf_count=645 555
internal_value=0
internal_weight=0
internal_count=1200
is_linear=0
shrinkage=0.1


Tree=395
num_leaves=1
num_cat=0
split_feature=
split_gain=
threshold=
decision_type=
left_child=
right_child=
leaf_value=0
leaf_weight=
leaf_count=
internal_value=
internal_weight=
internal_count=
is_linear=0
shrinkage=1


Tree=396
num_leaves=3
num_cat=0
split_feature=0 4
split_gain=7.14605e-05 7.17544e-05
threshold=0.021901434287428859 0.16631361842155459
decision_type=2 2
left_child=1 -1
right_child=-2 -3
leaf_value=0.02065370167594846 -0.023044836089867626 -0.012879854687839499
leaf_weight=0.0017047187193384161 0.0010095881748384272 0.0010198437516919512
leaf_count=463 392 345
internal_value=0 0.0081016
internal_weight=0 0.00272456
internal_count=1200 808
is_linear=0
shrinkage=0.1


Tree=397
num_leaves=2
num_cat=0
split_feature=2
split_gain=0.000177899
threshold=-0.046276550740003579
decision_type=2
left_child=-1
right_child=-2
leaf_value=0.033109207100180019 -0.014615051564202753
leaf_weight=0.0012976677123788249 0.0019620542973370902
leaf_count=130 1070
internal_value=0
internal_weight=0
internal_count=1200
is_linear=0
shrinkage=0.1


Tree=398
num_leaves=2
num_cat=0
split_feature=1
split_gain=0.000108701
threshold=0.043034084141254432
decision_type=2
left_child=-1
right_child=-2
leaf_value=-0.018768172200729766 0.017341458304286166
leaf_weight=0.0017065530975344245 0.0016298370835272635
leaf_count=924 276
internal_value=0
internal_weight=0
internal_count=1200
is_linear=0
shrinkage=0.1


Tree=399
num_leaves=1
num_cat=0
split_feature=
split_gain=
threshold=
decision_type=
left_child=
right_child=
leaf_value=0
leaf_weight=
leaf_count=
internal_value=
internal_weight=
internal_count=
is_linear=0
shrinkage=1


end of trees

feature_importances:
Column_1=997
Column_3=992
Column_2=915
Column_0=591
Column_4=447
Column_5=297
Column_7=211
Column_6=64

parameters:
[boosting: gbdt]
[objective: multiclass]
[metric: multi_logloss]
[tree_learner: serial]
[device_type: cpu]
[data_sample_strategy: bagging]
[data: ]
[valid: ]
[num_iterations: 100]
[learning_rate: 0.1]
[num_leaves: 15]
[num_threads: 0]
[seed: 42]
[deterministic: 0]
[force_col_wise: 0]
[force_row_wise: 0]
[histogram_pool_size: -1]
[max_depth: -1]
[min_data_in_leaf: 20]
[min_sum_hessian_in_leaf: 0.001]
[bagging_fraction: 1]
[pos_bagging_fraction: 1]
[neg_bagging_fraction: 1]
[bagging_freq: 0]
[bagging_seed: 400]
[feature_fraction: 1]
[feature_fraction_bynode: 1]
[feature_fraction_seed: 30056]
[extra_trees: 0]
[extra_seed: 12879]
[early_stopping_round: 0]
[first_metric_only: 0]
[max_delta_step: 0]
[lambda_l1: 0]
[lambda_l2: 0]
[linear_lambda: 0]
[min_gain_to_split: 0]
[drop_rate: 0.1]
[max_drop: 50]
[skip_drop: 0.5]
[xgboost_dart_mode: 0]
[uniform_drop: 0]
[drop_seed: 17869]
[top_rate: 0.2]
[other_rate: 0.1]
[min_data_per_group: 100]
[max_cat_threshold: 32]
[cat_l2: 10]
[cat_smooth: 10]
[max_cat_to_onehot: 4]
[top_k: 20]
[monotone_constraints: ]
[monotone_constraints_method: basic]
[monotone_penalty: 0]
[feature_contri: ]
[forcedsplits_filename: ]
[refit_decay_rate: 0.9]
[cegb_tradeoff: 1]
[cegb_penalty_split: 0]
[cegb_penalty_feature_lazy: ]
[cegb_penalty_feature_coupled: ]
[path_smooth: 0]
[interaction_constraints: ]
[verbosity: -1]
[saved_feature_importance_type: 0]
[use_quantized_grad: 0]
[num_grad_quant_bins: 4]
[quant_train_renew_leaf: 0]
[stochastic_rounding: 1]
[linear_tree: 0]
[max_bin: 255]
[max_bin_by_feature: ]
[min_data_in_bin: 3]
[bin_construct_sample_cnt: 200000]
[data_random_seed: 175]
[is_enable_sparse: 1]
[enable_bundle: 1]
[use_missing: 1]
[zero_as_missing: 0]
[feature_pre_filter: 1]
[pre_partition: 0]
[two_round: 0]
[header: 0]
[label_column: ]
[weight_column: ]
[group_column: ]
[ignore_column: ]
[categorical_feature: ]
[forcedbins_filename: ]
[precise_float_parser: 0]
[parser_config_file: ]
[objective_seed: 16083]
[num_class: 4]
[is_unbalance: 0]
[scale_pos_weight: 1]
[sigmoid: 1]
[boost_from_average: 1]
[reg_sqrt: 0]
[alpha: 0.9]
[fair_c: 1]
[poisson_max_delta_step: 0.7]
[tweedie_variance_power: 1.5]
[lambdarank_truncation_level: 30]
[lambdarank_norm: 1]
[label_gain: ]
[lambdarank_position_bias_regularization: 0]
[eval_at: ]
[multi_error_top_k: 1]
[auc_mu_weights: ]
[num_machines: 1]
[local_listen_port: 12400]
[time_out: 120]
[machine_list_filename: ]
[machines: ]
[gpu_platform_id: -1]
[gpu_device_id: -1]
[gpu_use_dp: 0]
[num_gpu: 1]

end of parameters

pandas_categorical:null
